OBJECTID,Route_Number,Route_Name,Ridership_Total,Route_Hour,Route_Hour_Description,Route_Date
1591,1,Spring Garden,24,5.5,5:30am to 5:59am,1767261600000
1596,1,Spring Garden,13,6,6:00am to 6:29am,1767261600000
1605,1,Spring Garden,33,6.5,6:30am to 6:59am,1767261600000
1620,1,Spring Garden,34,7,7:00am to 7:29am,1767261600000
1639,1,Spring Garden,37,7.5,7:30am to 7:59am,1767261600000
29091,1,Spring Garden,40,8,8:00am to 8:29am,1767261600000
29117,1,Spring Garden,47,8.5,8:30am to 8:59am,1767261600000
29140,1,Spring Garden,34,9,9:00am to 9:29am,1767261600000
29732,1,Spring Garden,52,9.5,9:30am to 9:59am,1767261600000
17407,1,Spring Garden,46,10,10:00am to 10:29am,1767261600000
29774,1,Spring Garden,39,10.5,10:30am to 10:59am,1767261600000
29788,1,Spring Garden,49,11,11:00am to 11:29am,1767261600000
17467,1,Spring Garden,59,11.5,11:30am to 11:59am,1767261600000
30584,1,Spring Garden,87,12,12:00pm to 12:29pm,1767261600000
30604,1,Spring Garden,93,12.5,12:30pm to 12:59pm,1767261600000
17647,1,Spring Garden,69,13,1:00pm to 1:29pm,1767261600000
18875,1,Spring Garden,145,13.5,1:30pm to 1:59pm,1767261600000
18992,1,Spring Garden,86,14,2:00pm to 2:29pm,1767261600000
19014,1,Spring Garden,63,14.5,2:30pm to 2:59pm,1767261600000
19030,1,Spring Garden,95,15,3:00pm to 3:29pm,1767261600000
31647,1,Spring Garden,72,15.5,3:30pm to 3:59pm,1767261600000
19629,1,Spring Garden,87,16,4:00pm to 4:29pm,1767261600000
31070,1,Spring Garden,62,16.5,4:30pm to 4:59pm,1767261600000
32451,1,Spring Garden,89,17,5:00pm to 5:29pm,1767261600000
17489,1,Spring Garden,88,17.5,5:30pm to 5:59pm,1767261600000
32487,1,Spring Garden,79,18,6:00pm to 6:29pm,1767261600000
32698,1,Spring Garden,69,18.5,6:30pm to 6:59pm,1767261600000
17543,1,Spring Garden,77,19,7:00pm to 7:29pm,1767261600000
17563,1,Spring Garden,74,19.5,7:30pm to 7:59pm,1767261600000
17578,1,Spring Garden,25,20,8:00pm to 8:29pm,1767261600000
17599,1,Spring Garden,29,20.5,8:30pm to 8:59pm,1767261600000
18883,1,Spring Garden,30,21,9:00pm to 9:29pm,1767261600000
18908,1,Spring Garden,31,21.5,9:30pm to 9:59pm,1767261600000
18922,1,Spring Garden,25,22,10:00pm to 10:29pm,1767261600000
18939,1,Spring Garden,18,22.5,10:30pm to 10:59pm,1767261600000
33325,1,Spring Garden,19,23,11:00pm to 11:29pm,1767261600000
18962,1,Spring Garden,19,23.5,11:30pm to 11:59pm,1767261600000
33810,1,Spring Garden,17,5.5,5:30am to 5:59am,1767348000000
19667,1,Spring Garden,58,6,6:00am to 6:29am,1767348000000
19702,1,Spring Garden,60,6.5,6:30am to 6:59am,1767348000000
34653,1,Spring Garden,83,7,7:00am to 7:29am,1767348000000
32436,1,Spring Garden,86,7.5,7:30am to 7:59am,1767348000000
43606,1,Spring Garden,113,8,8:00am to 8:29am,1767348000000
32989,1,Spring Garden,105,8.5,8:30am to 8:59am,1767348000000
44124,1,Spring Garden,91,9,9:00am to 9:29am,1767348000000
33133,1,Spring Garden,165,9.5,9:30am to 9:59am,1767348000000
33158,1,Spring Garden,135,10,10:00am to 10:29am,1767348000000
33273,1,Spring Garden,124,10.5,10:30am to 10:59am,1767348000000
44682,1,Spring Garden,168,11,11:00am to 11:29am,1767348000000
44706,1,Spring Garden,209,11.5,11:30am to 11:59am,1767348000000
34172,1,Spring Garden,168,12,12:00pm to 12:29pm,1767348000000
34193,1,Spring Garden,231,12.5,12:30pm to 12:59pm,1767348000000
47212,1,Spring Garden,241,13,1:00pm to 1:29pm,1767348000000
34235,1,Spring Garden,218,13.5,1:30pm to 1:59pm,1767348000000
211,1,Spring Garden,195,14,2:00pm to 2:29pm,1767348000000
236,1,Spring Garden,266,14.5,2:30pm to 2:59pm,1767348000000
48043,1,Spring Garden,216,15,3:00pm to 3:29pm,1767348000000
952,1,Spring Garden,208,15.5,3:30pm to 3:59pm,1767348000000
991,1,Spring Garden,172,16,4:00pm to 4:29pm,1767348000000
1502,1,Spring Garden,197,16.5,4:30pm to 4:59pm,1767348000000
62690,1,Spring Garden,167,17,5:00pm to 5:29pm,1767348000000
62720,1,Spring Garden,155,17.5,5:30pm to 5:59pm,1767348000000
3049,1,Spring Garden,99,18,6:00pm to 6:29pm,1767348000000
3644,1,Spring Garden,116,18.5,6:30pm to 6:59pm,1767348000000
3664,1,Spring Garden,108,19,7:00pm to 7:29pm,1767348000000
4165,1,Spring Garden,87,19.5,7:30pm to 7:59pm,1767348000000
4182,1,Spring Garden,133,20,8:00pm to 8:29pm,1767348000000
47981,1,Spring Garden,91,20.5,8:30pm to 8:59pm,1767348000000
47997,1,Spring Garden,73,21,9:00pm to 9:29pm,1767348000000
8285,1,Spring Garden,104,21.5,9:30pm to 9:59pm,1767348000000
8673,1,Spring Garden,48,22,10:00pm to 10:29pm,1767348000000
9735,1,Spring Garden,71,22.5,10:30pm to 10:59pm,1767348000000
9746,1,Spring Garden,37,23,11:00pm to 11:29pm,1767348000000
9762,1,Spring Garden,21,23.5,11:30pm to 11:59pm,1767348000000
9772,1,Spring Garden,12,24,12:00am to 12:29am,1767348000000
61968,1,Spring Garden,28,24.5,12:30am to 12:59am,1767348000000
61977,1,Spring Garden,19,5.5,5:30am to 5:59am,1767434400000
9801,1,Spring Garden,49,6,6:00am to 6:29am,1767434400000
10477,1,Spring Garden,38,6.5,6:30am to 6:59am,1767434400000
62851,1,Spring Garden,69,7,7:00am to 7:29am,1767434400000
10515,1,Spring Garden,68,7.5,7:30am to 7:59am,1767434400000
62894,1,Spring Garden,64,8,8:00am to 8:29am,1767434400000
7,1,Spring Garden,72,8.5,8:30am to 8:59am,1767434400000
10852,1,Spring Garden,77,9,9:00am to 9:29am,1767434400000
46,1,Spring Garden,84,9.5,9:30am to 9:59am,1767434400000
66,1,Spring Garden,98,10,10:00am to 10:29am,1767434400000
89,1,Spring Garden,74,10.5,10:30am to 10:59am,1767434400000
298,1,Spring Garden,185,11,11:00am to 11:29am,1767434400000
11516,1,Spring Garden,112,11.5,11:30am to 11:59am,1767434400000
330,1,Spring Garden,140,12,12:00pm to 12:29pm,1767434400000
11745,1,Spring Garden,182,12.5,12:30pm to 12:59pm,1767434400000
564,1,Spring Garden,183,13,1:00pm to 1:29pm,1767434400000
591,1,Spring Garden,160,13.5,1:30pm to 1:59pm,1767434400000
609,1,Spring Garden,227,14,2:00pm to 2:29pm,1767434400000
637,1,Spring Garden,181,14.5,2:30pm to 2:59pm,1767434400000
13145,1,Spring Garden,222,15,3:00pm to 3:29pm,1767434400000
1240,1,Spring Garden,190,15.5,3:30pm to 3:59pm,1767434400000
13179,1,Spring Garden,232,16,4:00pm to 4:29pm,1767434400000
13197,1,Spring Garden,191,16.5,4:30pm to 4:59pm,1767434400000
14253,1,Spring Garden,132,17,5:00pm to 5:29pm,1767434400000
1692,1,Spring Garden,168,17.5,5:30pm to 5:59pm,1767434400000
14290,1,Spring Garden,138,18,6:00pm to 6:29pm,1767434400000
1741,1,Spring Garden,122,18.5,6:30pm to 6:59pm,1767434400000
14790,1,Spring Garden,113,19,7:00pm to 7:29pm,1767434400000
2247,1,Spring Garden,110,19.5,7:30pm to 7:59pm,1767434400000
2266,1,Spring Garden,96,20,8:00pm to 8:29pm,1767434400000
15337,1,Spring Garden,102,20.5,8:30pm to 8:59pm,1767434400000
2299,1,Spring Garden,101,21,9:00pm to 9:29pm,1767434400000
15483,1,Spring Garden,108,21.5,9:30pm to 9:59pm,1767434400000
15500,1,Spring Garden,66,22,10:00pm to 10:29pm,1767434400000
15518,1,Spring Garden,75,22.5,10:30pm to 10:59pm,1767434400000
15995,1,Spring Garden,44,23,11:00pm to 11:29pm,1767434400000
2669,1,Spring Garden,32,23.5,11:30pm to 11:59pm,1767434400000
2680,1,Spring Garden,57,24,12:00am to 12:29am,1767434400000
16031,1,Spring Garden,4,24.5,12:30am to 12:59am,1767434400000
2695,1,Spring Garden,26,5.5,5:30am to 5:59am,1767520800000
2700,1,Spring Garden,26,6,6:00am to 6:29am,1767520800000
16517,1,Spring Garden,52,6.5,6:30am to 6:59am,1767520800000
16530,1,Spring Garden,51,7,7:00am to 7:29am,1767520800000
3207,1,Spring Garden,58,7.5,7:30am to 7:59am,1767520800000
3226,1,Spring Garden,64,8,8:00am to 8:29am,1767520800000
13487,1,Spring Garden,62,8.5,8:30am to 8:59am,1767520800000
13504,1,Spring Garden,88,9,9:00am to 9:29am,1767520800000
13527,1,Spring Garden,69,9.5,9:30am to 9:59am,1767520800000
13542,1,Spring Garden,100,10,10:00am to 10:29am,1767520800000
3882,1,Spring Garden,96,10.5,10:30am to 10:59am,1767520800000
3896,1,Spring Garden,119,11,11:00am to 11:29am,1767520800000
3914,1,Spring Garden,122,11.5,11:30am to 11:59am,1767520800000
14839,1,Spring Garden,159,12,12:00pm to 12:29pm,1767520800000
4051,1,Spring Garden,153,12.5,12:30pm to 12:59pm,1767520800000
14864,1,Spring Garden,164,13,1:00pm to 1:29pm,1767520800000
20139,1,Spring Garden,187,13.5,1:30pm to 1:59pm,1767520800000
4111,1,Spring Garden,163,14,2:00pm to 2:29pm,1767520800000
6458,1,Spring Garden,201,14.5,2:30pm to 2:59pm,1767520800000
20938,1,Spring Garden,206,15,3:00pm to 3:29pm,1767520800000
20964,1,Spring Garden,151,15.5,3:30pm to 3:59pm,1767520800000
20982,1,Spring Garden,161,16,4:00pm to 4:29pm,1767520800000
20997,1,Spring Garden,232,16.5,4:30pm to 4:59pm,1767520800000
21385,1,Spring Garden,231,17,5:00pm to 5:29pm,1767520800000
21781,1,Spring Garden,157,17.5,5:30pm to 5:59pm,1767520800000
21801,1,Spring Garden,123,18,6:00pm to 6:29pm,1767520800000
7006,1,Spring Garden,110,18.5,6:30pm to 6:59pm,1767520800000
7021,1,Spring Garden,107,19,7:00pm to 7:29pm,1767520800000
7040,1,Spring Garden,94,19.5,7:30pm to 7:59pm,1767520800000
7057,1,Spring Garden,51,20,8:00pm to 8:29pm,1767520800000
7419,1,Spring Garden,60,20.5,8:30pm to 8:59pm,1767520800000
7436,1,Spring Garden,34,21,9:00pm to 9:29pm,1767520800000
7458,1,Spring Garden,51,21.5,9:30pm to 9:59pm,1767520800000
22519,1,Spring Garden,40,22,10:00pm to 10:29pm,1767520800000
7862,1,Spring Garden,36,22.5,10:30pm to 10:59pm,1767520800000
23023,1,Spring Garden,35,23,11:00pm to 11:29pm,1767520800000
7881,1,Spring Garden,19,23.5,11:30pm to 11:59pm,1767520800000
7899,1,Spring Garden,8,5.5,5:30am to 5:59am,1767607200000
23266,1,Spring Garden,82,6,6:00am to 6:29am,1767607200000
8430,1,Spring Garden,116,6.5,6:30am to 6:59am,1767607200000
8465,1,Spring Garden,155,7,7:00am to 7:29am,1767607200000
8505,1,Spring Garden,157,7.5,7:30am to 7:59am,1767607200000
8541,1,Spring Garden,229,8,8:00am to 8:29am,1767607200000
20621,1,Spring Garden,173,8.5,8:30am to 8:59am,1767607200000
20925,1,Spring Garden,164,9,9:00am to 9:29am,1767607200000
21417,1,Spring Garden,128,9.5,9:30am to 9:59am,1767607200000
9057,1,Spring Garden,183,10,10:00am to 10:29am,1767607200000
25965,1,Spring Garden,184,10.5,10:30am to 10:59am,1767607200000
6850,1,Spring Garden,154,11,11:00am to 11:29am,1767607200000
26482,1,Spring Garden,225,11.5,11:30am to 11:59am,1767607200000
7077,1,Spring Garden,216,12,12:00pm to 12:29pm,1767607200000
27181,1,Spring Garden,368,12.5,12:30pm to 12:59pm,1767607200000
7397,1,Spring Garden,205,13,1:00pm to 1:29pm,1767607200000
27600,1,Spring Garden,227,13.5,1:30pm to 1:59pm,1767607200000
9413,1,Spring Garden,252,14,2:00pm to 2:29pm,1767607200000
10095,1,Spring Garden,213,14.5,2:30pm to 2:59pm,1767607200000
10118,1,Spring Garden,378,15,3:00pm to 3:29pm,1767607200000
23322,1,Spring Garden,265,15.5,3:30pm to 3:59pm,1767607200000
10548,1,Spring Garden,386,16,4:00pm to 4:29pm,1767607200000
28165,1,Spring Garden,261,16.5,4:30pm to 4:59pm,1767607200000
28681,1,Spring Garden,288,17,5:00pm to 5:29pm,1767607200000
24678,1,Spring Garden,169,17.5,5:30pm to 5:59pm,1767607200000
11257,1,Spring Garden,212,18,6:00pm to 6:29pm,1767607200000
9038,1,Spring Garden,203,18.5,6:30pm to 6:59pm,1767607200000
25524,1,Spring Garden,121,19,7:00pm to 7:29pm,1767607200000
9132,1,Spring Garden,140,19.5,7:30pm to 7:59pm,1767607200000
9153,1,Spring Garden,123,20,8:00pm to 8:29pm,1767607200000
26511,1,Spring Garden,122,20.5,8:30pm to 8:59pm,1767607200000
26527,1,Spring Garden,114,21,9:00pm to 9:29pm,1767607200000
26550,1,Spring Garden,104,21.5,9:30pm to 9:59pm,1767607200000
9479,1,Spring Garden,62,22,10:00pm to 10:29pm,1767607200000
9497,1,Spring Garden,59,22.5,10:30pm to 10:59pm,1767607200000
27637,1,Spring Garden,45,23,11:00pm to 11:29pm,1767607200000
27652,1,Spring Garden,19,23.5,11:30pm to 11:59pm,1767607200000
10573,1,Spring Garden,15,24,12:00am to 12:29am,1767607200000
27769,1,Spring Garden,7,24.5,12:30am to 12:59am,1767607200000
27787,1,Spring Garden,0,5.5,5:30am to 5:59am,1767693600000
10893,1,Spring Garden,82,6,6:00am to 6:29am,1767693600000
10931,1,Spring Garden,110,6.5,6:30am to 6:59am,1767693600000
11574,1,Spring Garden,176,7,7:00am to 7:29am,1767693600000
11605,1,Spring Garden,203,7.5,7:30am to 7:59am,1767693600000
34162,1,Spring Garden,325,8,8:00am to 8:29am,1767693600000
11682,1,Spring Garden,190,8.5,8:30am to 8:59am,1767693600000
11707,1,Spring Garden,142,9,9:00am to 9:29am,1767693600000
34811,1,Spring Garden,145,9.5,9:30am to 9:59am,1767693600000
12038,1,Spring Garden,176,10,10:00am to 10:29am,1767693600000
12062,1,Spring Garden,206,10.5,10:30am to 10:59am,1767693600000
35336,1,Spring Garden,261,11,11:00am to 11:29am,1767693600000
12196,1,Spring Garden,257,11.5,11:30am to 11:59am,1767693600000
12217,1,Spring Garden,221,12,12:00pm to 12:29pm,1767693600000
12240,1,Spring Garden,424,12.5,12:30pm to 12:59pm,1767693600000
36184,1,Spring Garden,208,13,1:00pm to 1:29pm,1767693600000
12651,1,Spring Garden,206,13.5,1:30pm to 1:59pm,1767693600000
12673,1,Spring Garden,337,14,2:00pm to 2:29pm,1767693600000
36720,1,Spring Garden,312,14.5,2:30pm to 2:59pm,1767693600000
12724,1,Spring Garden,385,15,3:00pm to 3:29pm,1767693600000
37995,1,Spring Garden,287,15.5,3:30pm to 3:59pm,1767693600000
13078,1,Spring Garden,366,16,4:00pm to 4:29pm,1767693600000
38063,1,Spring Garden,271,16.5,4:30pm to 4:59pm,1767693600000
38944,1,Spring Garden,375,17,5:00pm to 5:29pm,1767693600000
13471,1,Spring Garden,169,17.5,5:30pm to 5:59pm,1767693600000
34416,1,Spring Garden,235,18,6:00pm to 6:29pm,1767693600000
34447,1,Spring Garden,235,18.5,6:30pm to 6:59pm,1767693600000
14119,1,Spring Garden,156,19,7:00pm to 7:29pm,1767693600000
34780,1,Spring Garden,162,19.5,7:30pm to 7:59pm,1767693600000
35371,1,Spring Garden,163,20,8:00pm to 8:29pm,1767693600000
14170,1,Spring Garden,142,20.5,8:30pm to 8:59pm,1767693600000
35599,1,Spring Garden,169,21,9:00pm to 9:29pm,1767693600000
14211,1,Spring Garden,131,21.5,9:30pm to 9:59pm,1767693600000
14227,1,Spring Garden,63,22,10:00pm to 10:29pm,1767693600000
14712,1,Spring Garden,87,22.5,10:30pm to 10:59pm,1767693600000
14733,1,Spring Garden,67,23,11:00pm to 11:29pm,1767693600000
14752,1,Spring Garden,35,23.5,11:30pm to 11:59pm,1767693600000
36269,1,Spring Garden,28,24,12:00am to 12:29am,1767693600000
14782,1,Spring Garden,24,24.5,12:30am to 12:59am,1767693600000
15725,1,Spring Garden,12,5.5,5:30am to 5:59am,1767780000000
15745,1,Spring Garden,129,6,6:00am to 6:29am,1767780000000
15784,1,Spring Garden,116,6.5,6:30am to 6:59am,1767780000000
37041,1,Spring Garden,192,7,7:00am to 7:29am,1767780000000
38573,1,Spring Garden,351,7.5,7:30am to 7:59am,1767780000000
16917,1,Spring Garden,268,8,8:00am to 8:29am,1767780000000
16948,1,Spring Garden,323,8.5,8:30am to 8:59am,1767780000000
16974,1,Spring Garden,211,9,9:00am to 9:29am,1767780000000
16995,1,Spring Garden,185,9.5,9:30am to 9:59am,1767780000000
17761,1,Spring Garden,189,10,10:00am to 10:29am,1767780000000
17821,1,Spring Garden,194,10.5,10:30am to 10:59am,1767780000000
39800,1,Spring Garden,295,11,11:00am to 11:29am,1767780000000
18144,1,Spring Garden,195,11.5,11:30am to 11:59am,1767780000000
40215,1,Spring Garden,280,12,12:00pm to 12:29pm,1767780000000
18187,1,Spring Garden,415,12.5,12:30pm to 12:59pm,1767780000000
18864,1,Spring Garden,254,13,1:00pm to 1:29pm,1767780000000
19349,1,Spring Garden,362,13.5,1:30pm to 1:59pm,1767780000000
19374,1,Spring Garden,355,14,2:00pm to 2:29pm,1767780000000
19402,1,Spring Garden,456,14.5,2:30pm to 2:59pm,1767780000000
20369,1,Spring Garden,464,15,3:00pm to 3:29pm,1767780000000
41877,1,Spring Garden,457,15.5,3:30pm to 3:59pm,1767780000000
41916,1,Spring Garden,507,16,4:00pm to 4:29pm,1767780000000
41954,1,Spring Garden,193,16.5,4:30pm to 4:59pm,1767780000000
21277,1,Spring Garden,294,17,5:00pm to 5:29pm,1767780000000
42315,1,Spring Garden,209,17.5,5:30pm to 5:59pm,1767780000000
43191,1,Spring Garden,186,18,6:00pm to 6:29pm,1767780000000
18192,1,Spring Garden,119,18.5,6:30pm to 6:59pm,1767780000000
18218,1,Spring Garden,128,19,7:00pm to 7:29pm,1767780000000
18799,1,Spring Garden,176,19.5,7:30pm to 7:59pm,1767780000000
43658,1,Spring Garden,111,20,8:00pm to 8:29pm,1767780000000
43682,1,Spring Garden,127,20.5,8:30pm to 8:59pm,1767780000000
19421,1,Spring Garden,172,21,9:00pm to 9:29pm,1767780000000
43722,1,Spring Garden,106,21.5,9:30pm to 9:59pm,1767780000000
43738,1,Spring Garden,62,22,10:00pm to 10:29pm,1767780000000
20046,1,Spring Garden,103,22.5,10:30pm to 10:59pm,1767780000000
20061,1,Spring Garden,58,23,11:00pm to 11:29pm,1767780000000
20832,1,Spring Garden,45,23.5,11:30pm to 11:59pm,1767780000000
44277,1,Spring Garden,36,24,12:00am to 12:29am,1767780000000
20857,1,Spring Garden,21,24.5,12:30am to 12:59am,1767780000000
19668,10A,Dalhousie - Bridge Terminal,5,6,6:00am to 6:29am,1767348000000
19703,10A,Dalhousie - Bridge Terminal,45,6.5,6:30am to 6:59am,1767348000000
31108,10A,Dalhousie - Bridge Terminal,23,7,7:00am to 7:29am,1767348000000
43571,10A,Dalhousie - Bridge Terminal,19,7.5,7:30am to 7:59am,1767348000000
32764,10A,Dalhousie - Bridge Terminal,26,8,8:00am to 8:29am,1767348000000
32990,10A,Dalhousie - Bridge Terminal,17,8.5,8:30am to 8:59am,1767348000000
33117,10A,Dalhousie - Bridge Terminal,21,9,9:00am to 9:29am,1767348000000
47896,10A,Dalhousie - Bridge Terminal,34,14,2:00pm to 2:29pm,1767348000000
47918,10A,Dalhousie - Bridge Terminal,32,14.5,2:30pm to 2:59pm,1767348000000
263,10A,Dalhousie - Bridge Terminal,35,15,3:00pm to 3:29pm,1767348000000
61568,10A,Dalhousie - Bridge Terminal,45,15.5,3:30pm to 3:59pm,1767348000000
61604,10A,Dalhousie - Bridge Terminal,58,16,4:00pm to 4:29pm,1767348000000
62662,10A,Dalhousie - Bridge Terminal,24,16.5,4:30pm to 4:59pm,1767348000000
2211,10A,Dalhousie - Bridge Terminal,9,17,5:00pm to 5:29pm,1767348000000
62721,10A,Dalhousie - Bridge Terminal,91,17.5,5:30pm to 5:59pm,1767348000000
3050,10A,Dalhousie - Bridge Terminal,32,18,6:00pm to 6:29pm,1767348000000
8388,10A,Dalhousie - Bridge Terminal,19,6,6:00am to 6:29am,1767607200000
8431,10A,Dalhousie - Bridge Terminal,55,6.5,6:30am to 6:59am,1767607200000
8466,10A,Dalhousie - Bridge Terminal,43,7,7:00am to 7:29am,1767607200000
8506,10A,Dalhousie - Bridge Terminal,52,7.5,7:30am to 7:59am,1767607200000
8542,10A,Dalhousie - Bridge Terminal,66,8,8:00am to 8:29am,1767607200000
8766,10A,Dalhousie - Bridge Terminal,37,8.5,8:30am to 8:59am,1767607200000
8791,10A,Dalhousie - Bridge Terminal,30,9,9:00am to 9:29am,1767607200000
9414,10A,Dalhousie - Bridge Terminal,68,14,2:00pm to 2:29pm,1767607200000
10096,10A,Dalhousie - Bridge Terminal,149,14.5,2:30pm to 2:59pm,1767607200000
22992,10A,Dalhousie - Bridge Terminal,80,15,3:00pm to 3:29pm,1767607200000
23782,10A,Dalhousie - Bridge Terminal,72,15.5,3:30pm to 3:59pm,1767607200000
10549,10A,Dalhousie - Bridge Terminal,76,16,4:00pm to 4:29pm,1767607200000
28166,10A,Dalhousie - Bridge Terminal,56,16.5,4:30pm to 4:59pm,1767607200000
11186,10A,Dalhousie - Bridge Terminal,38,17,5:00pm to 5:29pm,1767607200000
11228,10A,Dalhousie - Bridge Terminal,79,17.5,5:30pm to 5:59pm,1767607200000
25472,10A,Dalhousie - Bridge Terminal,52,18,6:00pm to 6:29pm,1767607200000
10894,10A,Dalhousie - Bridge Terminal,4,6,6:00am to 6:29am,1767693600000
28231,10A,Dalhousie - Bridge Terminal,31,6.5,6:30am to 6:59am,1767693600000
32970,10A,Dalhousie - Bridge Terminal,23,7,7:00am to 7:29am,1767693600000
11606,10A,Dalhousie - Bridge Terminal,28,7.5,7:30am to 7:59am,1767693600000
34163,10A,Dalhousie - Bridge Terminal,59,8,8:00am to 8:29am,1767693600000
34380,10A,Dalhousie - Bridge Terminal,42,8.5,8:30am to 8:59am,1767693600000
11708,10A,Dalhousie - Bridge Terminal,1,9,9:00am to 9:29am,1767693600000
12674,10A,Dalhousie - Bridge Terminal,257,14,2:00pm to 2:29pm,1767693600000
12699,10A,Dalhousie - Bridge Terminal,113,14.5,2:30pm to 2:59pm,1767693600000
36747,10A,Dalhousie - Bridge Terminal,72,15,3:00pm to 3:29pm,1767693600000
13037,10A,Dalhousie - Bridge Terminal,80,15.5,3:30pm to 3:59pm,1767693600000
13079,10A,Dalhousie - Bridge Terminal,80,16,4:00pm to 4:29pm,1767693600000
38064,10A,Dalhousie - Bridge Terminal,115,16.5,4:30pm to 4:59pm,1767693600000
38945,10A,Dalhousie - Bridge Terminal,40,17,5:00pm to 5:29pm,1767693600000
34099,10A,Dalhousie - Bridge Terminal,75,17.5,5:30pm to 5:59pm,1767693600000
14071,10A,Dalhousie - Bridge Terminal,64,18,6:00pm to 6:29pm,1767693600000
15746,10A,Dalhousie - Bridge Terminal,15,6,6:00am to 6:29am,1767780000000
15785,10A,Dalhousie - Bridge Terminal,51,6.5,6:30am to 6:59am,1767780000000
16381,10A,Dalhousie - Bridge Terminal,29,7,7:00am to 7:29am,1767780000000
38574,10A,Dalhousie - Bridge Terminal,105,7.5,7:30am to 7:59am,1767780000000
38607,10A,Dalhousie - Bridge Terminal,103,8,8:00am to 8:29am,1767780000000
38922,10A,Dalhousie - Bridge Terminal,97,8.5,8:30am to 8:59am,1767780000000
16975,10A,Dalhousie - Bridge Terminal,30,9,9:00am to 9:29am,1767780000000
19375,10A,Dalhousie - Bridge Terminal,114,14,2:00pm to 2:29pm,1767780000000
40885,10A,Dalhousie - Bridge Terminal,120,14.5,2:30pm to 2:59pm,1767780000000
20370,10A,Dalhousie - Bridge Terminal,30,15,3:00pm to 3:29pm,1767780000000
41878,10A,Dalhousie - Bridge Terminal,74,15.5,3:30pm to 3:59pm,1767780000000
21196,10A,Dalhousie - Bridge Terminal,116,16,4:00pm to 4:29pm,1767780000000
42241,10A,Dalhousie - Bridge Terminal,116,16.5,4:30pm to 4:59pm,1767780000000
21278,10A,Dalhousie - Bridge Terminal,76,17,5:00pm to 5:29pm,1767780000000
42316,10A,Dalhousie - Bridge Terminal,60,17.5,5:30pm to 5:59pm,1767780000000
17782,10A,Dalhousie - Bridge Terminal,64,18,6:00pm to 6:29pm,1767780000000
1606,10B,Dalhousie - Micmac Terminal,16,6.5,6:30am to 6:59am,1767261600000
1621,10B,Dalhousie - Micmac Terminal,17,7,7:00am to 7:29am,1767261600000
1640,10B,Dalhousie - Micmac Terminal,8,7.5,7:30am to 7:59am,1767261600000
29092,10B,Dalhousie - Micmac Terminal,8,8,8:00am to 8:29am,1767261600000
29118,10B,Dalhousie - Micmac Terminal,8,8.5,8:30am to 8:59am,1767261600000
1682,10B,Dalhousie - Micmac Terminal,14,9,9:00am to 9:29am,1767261600000
17394,10B,Dalhousie - Micmac Terminal,21,9.5,9:30am to 9:59am,1767261600000
29753,10B,Dalhousie - Micmac Terminal,18,10,10:00am to 10:29am,1767261600000
29775,10B,Dalhousie - Micmac Terminal,27,10.5,10:30am to 10:59am,1767261600000
17446,10B,Dalhousie - Micmac Terminal,24,11,11:00am to 11:29am,1767261600000
30283,10B,Dalhousie - Micmac Terminal,21,11.5,11:30am to 11:59am,1767261600000
17477,10B,Dalhousie - Micmac Terminal,25,12,12:00pm to 12:29pm,1767261600000
17633,10B,Dalhousie - Micmac Terminal,33,12.5,12:30pm to 12:59pm,1767261600000
30623,10B,Dalhousie - Micmac Terminal,36,13,1:00pm to 1:29pm,1767261600000
18876,10B,Dalhousie - Micmac Terminal,49,13.5,1:30pm to 1:59pm,1767261600000
18993,10B,Dalhousie - Micmac Terminal,19,14,2:00pm to 2:29pm,1767261600000
31614,10B,Dalhousie - Micmac Terminal,25,14.5,2:30pm to 2:59pm,1767261600000
19031,10B,Dalhousie - Micmac Terminal,29,15,3:00pm to 3:29pm,1767261600000
31648,10B,Dalhousie - Micmac Terminal,37,15.5,3:30pm to 3:59pm,1767261600000
31663,10B,Dalhousie - Micmac Terminal,27,16,4:00pm to 4:29pm,1767261600000
32149,10B,Dalhousie - Micmac Terminal,34,16.5,4:30pm to 4:59pm,1767261600000
31085,10B,Dalhousie - Micmac Terminal,22,17,5:00pm to 5:29pm,1767261600000
17490,10B,Dalhousie - Micmac Terminal,28,17.5,5:30pm to 5:59pm,1767261600000
17506,10B,Dalhousie - Micmac Terminal,9,18,6:00pm to 6:29pm,1767261600000
32699,10B,Dalhousie - Micmac Terminal,16,18.5,6:30pm to 6:59pm,1767261600000
32713,10B,Dalhousie - Micmac Terminal,11,19,7:00pm to 7:29pm,1767261600000
33021,10B,Dalhousie - Micmac Terminal,22,19.5,7:30pm to 7:59pm,1767261600000
33039,10B,Dalhousie - Micmac Terminal,21,20,8:00pm to 8:29pm,1767261600000
33060,10B,Dalhousie - Micmac Terminal,10,20.5,8:30pm to 8:59pm,1767261600000
33073,10B,Dalhousie - Micmac Terminal,12,21,9:00pm to 9:29pm,1767261600000
33090,10B,Dalhousie - Micmac Terminal,11,21.5,9:30pm to 9:59pm,1767261600000
33107,10B,Dalhousie - Micmac Terminal,7,22,10:00pm to 10:29pm,1767261600000
18940,10B,Dalhousie - Micmac Terminal,12,22.5,10:30pm to 10:59pm,1767261600000
18948,10B,Dalhousie - Micmac Terminal,14,23,11:00pm to 11:29pm,1767261600000
18963,10B,Dalhousie - Micmac Terminal,5,23.5,11:30pm to 11:59pm,1767261600000
33336,10B,Dalhousie - Micmac Terminal,3,24,12:00am to 12:29am,1767261600000
33341,10B,Dalhousie - Micmac Terminal,5,24.5,12:30am to 12:59am,1767261600000
19644,10B,Dalhousie - Micmac Terminal,32,5.5,5:30am to 5:59am,1767348000000
33834,10B,Dalhousie - Micmac Terminal,19,6,6:00am to 6:29am,1767348000000
34248,10B,Dalhousie - Micmac Terminal,33,6.5,6:30am to 6:59am,1767348000000
31109,10B,Dalhousie - Micmac Terminal,32,7,7:00am to 7:29am,1767348000000
32437,10B,Dalhousie - Micmac Terminal,47,7.5,7:30am to 7:59am,1767348000000
32765,10B,Dalhousie - Micmac Terminal,40,8,8:00am to 8:29am,1767348000000
32991,10B,Dalhousie - Micmac Terminal,31,8.5,8:30am to 8:59am,1767348000000
44156,10B,Dalhousie - Micmac Terminal,57,9.5,9:30am to 9:59am,1767348000000
44177,10B,Dalhousie - Micmac Terminal,39,10,10:00am to 10:29am,1767348000000
33274,10B,Dalhousie - Micmac Terminal,30,10.5,10:30am to 10:59am,1767348000000
44683,10B,Dalhousie - Micmac Terminal,50,11,11:00am to 11:29am,1767348000000
33874,10B,Dalhousie - Micmac Terminal,41,11.5,11:30am to 11:59am,1767348000000
44728,10B,Dalhousie - Micmac Terminal,44,12,12:00pm to 12:29pm,1767348000000
34194,10B,Dalhousie - Micmac Terminal,48,12.5,12:30pm to 12:59pm,1767348000000
47213,10B,Dalhousie - Micmac Terminal,64,13,1:00pm to 1:29pm,1767348000000
34236,10B,Dalhousie - Micmac Terminal,77,13.5,1:30pm to 1:59pm,1767348000000
47897,10B,Dalhousie - Micmac Terminal,57,14,2:00pm to 2:29pm,1767348000000
237,10B,Dalhousie - Micmac Terminal,71,14.5,2:30pm to 2:59pm,1767348000000
48044,10B,Dalhousie - Micmac Terminal,59,15,3:00pm to 3:29pm,1767348000000
953,10B,Dalhousie - Micmac Terminal,92,15.5,3:30pm to 3:59pm,1767348000000
992,10B,Dalhousie - Micmac Terminal,69,16,4:00pm to 4:29pm,1767348000000
1503,10B,Dalhousie - Micmac Terminal,68,16.5,4:30pm to 4:59pm,1767348000000
2212,10B,Dalhousie - Micmac Terminal,72,17,5:00pm to 5:29pm,1767348000000
2538,10B,Dalhousie - Micmac Terminal,54,17.5,5:30pm to 5:59pm,1767348000000
62909,10B,Dalhousie - Micmac Terminal,29,18,6:00pm to 6:29pm,1767348000000
62937,10B,Dalhousie - Micmac Terminal,33,18.5,6:30pm to 6:59pm,1767348000000
47174,10B,Dalhousie - Micmac Terminal,18,19,7:00pm to 7:29pm,1767348000000
4166,10B,Dalhousie - Micmac Terminal,30,19.5,7:30pm to 7:59pm,1767348000000
4183,10B,Dalhousie - Micmac Terminal,18,20,8:00pm to 8:29pm,1767348000000
47982,10B,Dalhousie - Micmac Terminal,48,20.5,8:30pm to 8:59pm,1767348000000
4603,10B,Dalhousie - Micmac Terminal,16,21,9:00pm to 9:29pm,1767348000000
8286,10B,Dalhousie - Micmac Terminal,6,21.5,9:30pm to 9:59pm,1767348000000
10478,10B,Dalhousie - Micmac Terminal,19,6.5,6:30am to 6:59am,1767434400000
62852,10B,Dalhousie - Micmac Terminal,13,7,7:00am to 7:29am,1767434400000
10516,10B,Dalhousie - Micmac Terminal,24,7.5,7:30am to 7:59am,1767434400000
10811,10B,Dalhousie - Micmac Terminal,39,8,8:00am to 8:29am,1767434400000
10834,10B,Dalhousie - Micmac Terminal,30,8.5,8:30am to 8:59am,1767434400000
10853,10B,Dalhousie - Micmac Terminal,27,9,9:00am to 9:29am,1767434400000
10876,10B,Dalhousie - Micmac Terminal,28,9.5,9:30am to 9:59am,1767434400000
67,10B,Dalhousie - Micmac Terminal,47,10,10:00am to 10:29am,1767434400000
11098,10B,Dalhousie - Micmac Terminal,46,10.5,10:30am to 10:59am,1767434400000
11115,10B,Dalhousie - Micmac Terminal,33,11,11:00am to 11:29am,1767434400000
316,10B,Dalhousie - Micmac Terminal,32,11.5,11:30am to 11:59am,1767434400000
11725,10B,Dalhousie - Micmac Terminal,67,12,12:00pm to 12:29pm,1767434400000
353,10B,Dalhousie - Micmac Terminal,60,12.5,12:30pm to 12:59pm,1767434400000
565,10B,Dalhousie - Micmac Terminal,51,13,1:00pm to 1:29pm,1767434400000
11777,10B,Dalhousie - Micmac Terminal,41,13.5,1:30pm to 1:59pm,1767434400000
12925,10B,Dalhousie - Micmac Terminal,65,14,2:00pm to 2:29pm,1767434400000
13124,10B,Dalhousie - Micmac Terminal,54,14.5,2:30pm to 2:59pm,1767434400000
655,10B,Dalhousie - Micmac Terminal,65,15,3:00pm to 3:29pm,1767434400000
1241,10B,Dalhousie - Micmac Terminal,76,15.5,3:30pm to 3:59pm,1767434400000
13180,10B,Dalhousie - Micmac Terminal,42,16,4:00pm to 4:29pm,1767434400000
1285,10B,Dalhousie - Micmac Terminal,73,16.5,4:30pm to 4:59pm,1767434400000
1301,10B,Dalhousie - Micmac Terminal,80,17,5:00pm to 5:29pm,1767434400000
14277,10B,Dalhousie - Micmac Terminal,48,17.5,5:30pm to 5:59pm,1767434400000
1719,10B,Dalhousie - Micmac Terminal,47,18,6:00pm to 6:29pm,1767434400000
1742,10B,Dalhousie - Micmac Terminal,61,18.5,6:30pm to 6:59pm,1767434400000
1764,10B,Dalhousie - Micmac Terminal,47,19,7:00pm to 7:29pm,1767434400000
15292,10B,Dalhousie - Micmac Terminal,32,19.5,7:30pm to 7:59pm,1767434400000
15312,10B,Dalhousie - Micmac Terminal,19,20,8:00pm to 8:29pm,1767434400000
15338,10B,Dalhousie - Micmac Terminal,26,20.5,8:30pm to 8:59pm,1767434400000
15358,10B,Dalhousie - Micmac Terminal,28,21,9:00pm to 9:29pm,1767434400000
2316,10B,Dalhousie - Micmac Terminal,21,21.5,9:30pm to 9:59pm,1767434400000
2336,10B,Dalhousie - Micmac Terminal,43,22,10:00pm to 10:29pm,1767434400000
2637,10B,Dalhousie - Micmac Terminal,10,22.5,10:30pm to 10:59pm,1767434400000
2655,10B,Dalhousie - Micmac Terminal,6,23,11:00pm to 11:29pm,1767434400000
16009,10B,Dalhousie - Micmac Terminal,8,23.5,11:30pm to 11:59pm,1767434400000
16021,10B,Dalhousie - Micmac Terminal,2,24,12:00am to 12:29am,1767434400000
16518,10B,Dalhousie - Micmac Terminal,26,6.5,6:30am to 6:59am,1767520800000
3189,10B,Dalhousie - Micmac Terminal,19,7,7:00am to 7:29am,1767520800000
3208,10B,Dalhousie - Micmac Terminal,11,7.5,7:30am to 7:59am,1767520800000
12899,10B,Dalhousie - Micmac Terminal,23,8,8:00am to 8:29am,1767520800000
13488,10B,Dalhousie - Micmac Terminal,22,8.5,8:30am to 8:59am,1767520800000
13505,10B,Dalhousie - Micmac Terminal,22,9,9:00am to 9:29am,1767520800000
3841,10B,Dalhousie - Micmac Terminal,26,9.5,9:30am to 9:59am,1767520800000
3860,10B,Dalhousie - Micmac Terminal,21,10,10:00am to 10:29am,1767520800000
13561,10B,Dalhousie - Micmac Terminal,44,10.5,10:30am to 10:59am,1767520800000
3897,10B,Dalhousie - Micmac Terminal,55,11,11:00am to 11:29am,1767520800000
14821,10B,Dalhousie - Micmac Terminal,35,11.5,11:30am to 11:59am,1767520800000
4024,10B,Dalhousie - Micmac Terminal,47,12,12:00pm to 12:29pm,1767520800000
14854,10B,Dalhousie - Micmac Terminal,47,12.5,12:30pm to 12:59pm,1767520800000
14865,10B,Dalhousie - Micmac Terminal,52,13,1:00pm to 1:29pm,1767520800000
4092,10B,Dalhousie - Micmac Terminal,71,13.5,1:30pm to 1:59pm,1767520800000
6437,10B,Dalhousie - Micmac Terminal,69,14,2:00pm to 2:29pm,1767520800000
20545,10B,Dalhousie - Micmac Terminal,40,14.5,2:30pm to 2:59pm,1767520800000
6476,10B,Dalhousie - Micmac Terminal,86,15,3:00pm to 3:29pm,1767520800000
20965,10B,Dalhousie - Micmac Terminal,57,15.5,3:30pm to 3:59pm,1767520800000
20983,10B,Dalhousie - Micmac Terminal,69,16,4:00pm to 4:29pm,1767520800000
6813,10B,Dalhousie - Micmac Terminal,65,16.5,4:30pm to 4:59pm,1767520800000
6828,10B,Dalhousie - Micmac Terminal,57,17,5:00pm to 5:29pm,1767520800000
21782,10B,Dalhousie - Micmac Terminal,61,17.5,5:30pm to 5:59pm,1767520800000
21802,10B,Dalhousie - Micmac Terminal,24,18,6:00pm to 6:29pm,1767520800000
7007,10B,Dalhousie - Micmac Terminal,33,18.5,6:30pm to 6:59pm,1767520800000
22122,10B,Dalhousie - Micmac Terminal,25,19,7:00pm to 7:29pm,1767520800000
22145,10B,Dalhousie - Micmac Terminal,21,19.5,7:30pm to 7:59pm,1767520800000
7058,10B,Dalhousie - Micmac Terminal,27,20,8:00pm to 8:29pm,1767520800000
7420,10B,Dalhousie - Micmac Terminal,22,20.5,8:30pm to 8:59pm,1767520800000
7437,10B,Dalhousie - Micmac Terminal,7,21,9:00pm to 9:29pm,1767520800000
7459,10B,Dalhousie - Micmac Terminal,22,21.5,9:30pm to 9:59pm,1767520800000
7847,10B,Dalhousie - Micmac Terminal,19,22,10:00pm to 10:29pm,1767520800000
23010,10B,Dalhousie - Micmac Terminal,19,22.5,10:30pm to 10:59pm,1767520800000
23024,10B,Dalhousie - Micmac Terminal,8,23,11:00pm to 11:29pm,1767520800000
23033,10B,Dalhousie - Micmac Terminal,9,23.5,11:30pm to 11:59pm,1767520800000
7886,10B,Dalhousie - Micmac Terminal,4,24,12:00am to 12:29am,1767520800000
23235,10B,Dalhousie - Micmac Terminal,8,24.5,12:30am to 12:59am,1767520800000
7900,10B,Dalhousie - Micmac Terminal,52,5.5,5:30am to 5:59am,1767607200000
8389,10B,Dalhousie - Micmac Terminal,27,6,6:00am to 6:29am,1767607200000
23855,10B,Dalhousie - Micmac Terminal,40,6.5,6:30am to 6:59am,1767607200000
8467,10B,Dalhousie - Micmac Terminal,62,7,7:00am to 7:29am,1767607200000
20553,10B,Dalhousie - Micmac Terminal,126,7.5,7:30am to 7:59am,1767607200000
8543,10B,Dalhousie - Micmac Terminal,62,8,8:00am to 8:29am,1767607200000
20622,10B,Dalhousie - Micmac Terminal,96,8.5,8:30am to 8:59am,1767607200000
21418,10B,Dalhousie - Micmac Terminal,55,9.5,9:30am to 9:59am,1767607200000
21443,10B,Dalhousie - Micmac Terminal,38,10,10:00am to 10:29am,1767607200000
25966,10B,Dalhousie - Micmac Terminal,24,10.5,10:30am to 10:59am,1767607200000
6851,10B,Dalhousie - Micmac Terminal,64,11,11:00am to 11:29am,1767607200000
26483,10B,Dalhousie - Micmac Terminal,54,11.5,11:30am to 11:59am,1767607200000
27161,10B,Dalhousie - Micmac Terminal,60,12,12:00pm to 12:29pm,1767607200000
27182,10B,Dalhousie - Micmac Terminal,60,12.5,12:30pm to 12:59pm,1767607200000
7398,10B,Dalhousie - Micmac Terminal,64,13,1:00pm to 1:29pm,1767607200000
9206,10B,Dalhousie - Micmac Terminal,111,13.5,1:30pm to 1:59pm,1767607200000
27816,10B,Dalhousie - Micmac Terminal,47,14,2:00pm to 2:29pm,1767607200000
27838,10B,Dalhousie - Micmac Terminal,173,14.5,2:30pm to 2:59pm,1767607200000
10119,10B,Dalhousie - Micmac Terminal,46,15,3:00pm to 3:29pm,1767607200000
10143,10B,Dalhousie - Micmac Terminal,86,15.5,3:30pm to 3:59pm,1767607200000
27850,10B,Dalhousie - Micmac Terminal,90,16,4:00pm to 4:29pm,1767607200000
10969,10B,Dalhousie - Micmac Terminal,147,16.5,4:30pm to 4:59pm,1767607200000
11187,10B,Dalhousie - Micmac Terminal,122,17,5:00pm to 5:29pm,1767607200000
24679,10B,Dalhousie - Micmac Terminal,68,17.5,5:30pm to 5:59pm,1767607200000
25473,10B,Dalhousie - Micmac Terminal,35,18,6:00pm to 6:29pm,1767607200000
25503,10B,Dalhousie - Micmac Terminal,57,18.5,6:30pm to 6:59pm,1767607200000
9106,10B,Dalhousie - Micmac Terminal,34,19,7:00pm to 7:29pm,1767607200000
9133,10B,Dalhousie - Micmac Terminal,30,19.5,7:30pm to 7:59pm,1767607200000
9154,10B,Dalhousie - Micmac Terminal,29,20,8:00pm to 8:29pm,1767607200000
9179,10B,Dalhousie - Micmac Terminal,28,20.5,8:30pm to 8:59pm,1767607200000
26528,10B,Dalhousie - Micmac Terminal,15,21,9:00pm to 9:29pm,1767607200000
9463,10B,Dalhousie - Micmac Terminal,26,21.5,9:30pm to 9:59pm,1767607200000
10596,10B,Dalhousie - Micmac Terminal,57,5.5,5:30am to 5:59am,1767693600000
10895,10B,Dalhousie - Micmac Terminal,38,6,6:00am to 6:29am,1767693600000
28232,10B,Dalhousie - Micmac Terminal,88,6.5,6:30am to 6:59am,1767693600000
11575,10B,Dalhousie - Micmac Terminal,70,7,7:00am to 7:29am,1767693600000
34128,10B,Dalhousie - Micmac Terminal,142,7.5,7:30am to 7:59am,1767693600000
34164,10B,Dalhousie - Micmac Terminal,56,8,8:00am to 8:29am,1767693600000
34381,10B,Dalhousie - Micmac Terminal,96,8.5,8:30am to 8:59am,1767693600000
34812,10B,Dalhousie - Micmac Terminal,57,9.5,9:30am to 9:59am,1767693600000
35291,10B,Dalhousie - Micmac Terminal,51,10,10:00am to 10:29am,1767693600000
35314,10B,Dalhousie - Micmac Terminal,45,10.5,10:30am to 10:59am,1767693600000
35337,10B,Dalhousie - Micmac Terminal,39,11,11:00am to 11:29am,1767693600000
35646,10B,Dalhousie - Micmac Terminal,79,11.5,11:30am to 11:59am,1767693600000
36136,10B,Dalhousie - Micmac Terminal,61,12,12:00pm to 12:29pm,1767693600000
36158,10B,Dalhousie - Micmac Terminal,96,12.5,12:30pm to 12:59pm,1767693600000
12257,10B,Dalhousie - Micmac Terminal,79,13,1:00pm to 1:29pm,1767693600000
36305,10B,Dalhousie - Micmac Terminal,97,13.5,1:30pm to 1:59pm,1767693600000
36699,10B,Dalhousie - Micmac Terminal,57,14,2:00pm to 2:29pm,1767693600000
12700,10B,Dalhousie - Micmac Terminal,178,14.5,2:30pm to 2:59pm,1767693600000
12725,10B,Dalhousie - Micmac Terminal,98,15,3:00pm to 3:29pm,1767693600000
37996,10B,Dalhousie - Micmac Terminal,145,15.5,3:30pm to 3:59pm,1767693600000
13080,10B,Dalhousie - Micmac Terminal,82,16,4:00pm to 4:29pm,1767693600000
38065,10B,Dalhousie - Micmac Terminal,154,16.5,4:30pm to 4:59pm,1767693600000
38946,10B,Dalhousie - Micmac Terminal,52,17,5:00pm to 5:29pm,1767693600000
34100,10B,Dalhousie - Micmac Terminal,123,17.5,5:30pm to 5:59pm,1767693600000
34417,10B,Dalhousie - Micmac Terminal,23,18,6:00pm to 6:29pm,1767693600000
14102,10B,Dalhousie - Micmac Terminal,50,18.5,6:30pm to 6:59pm,1767693600000
34755,10B,Dalhousie - Micmac Terminal,32,19,7:00pm to 7:29pm,1767693600000
34781,10B,Dalhousie - Micmac Terminal,45,19.5,7:30pm to 7:59pm,1767693600000
35372,10B,Dalhousie - Micmac Terminal,30,20,8:00pm to 8:29pm,1767693600000
35580,10B,Dalhousie - Micmac Terminal,29,20.5,8:30pm to 8:59pm,1767693600000
35600,10B,Dalhousie - Micmac Terminal,17,21,9:00pm to 9:29pm,1767693600000
35621,10B,Dalhousie - Micmac Terminal,18,21.5,9:30pm to 9:59pm,1767693600000
15726,10B,Dalhousie - Micmac Terminal,57,5.5,5:30am to 5:59am,1767780000000
36975,10B,Dalhousie - Micmac Terminal,23,6,6:00am to 6:29am,1767780000000
37008,10B,Dalhousie - Micmac Terminal,68,6.5,6:30am to 6:59am,1767780000000
37042,10B,Dalhousie - Micmac Terminal,71,7,7:00am to 7:29am,1767780000000
16414,10B,Dalhousie - Micmac Terminal,124,7.5,7:30am to 7:59am,1767780000000
38608,10B,Dalhousie - Micmac Terminal,76,8,8:00am to 8:29am,1767780000000
38923,10B,Dalhousie - Micmac Terminal,106,8.5,8:30am to 8:59am,1767780000000
16996,10B,Dalhousie - Micmac Terminal,63,9.5,9:30am to 9:59am,1767780000000
17762,10B,Dalhousie - Micmac Terminal,40,10,10:00am to 10:29am,1767780000000
39674,10B,Dalhousie - Micmac Terminal,67,10.5,10:30am to 10:59am,1767780000000
39801,10B,Dalhousie - Micmac Terminal,66,11,11:00am to 11:29am,1767780000000
39822,10B,Dalhousie - Micmac Terminal,95,11.5,11:30am to 11:59am,1767780000000
18164,10B,Dalhousie - Micmac Terminal,73,12,12:00pm to 12:29pm,1767780000000
18188,10B,Dalhousie - Micmac Terminal,83,12.5,12:30pm to 12:59pm,1767780000000
18865,10B,Dalhousie - Micmac Terminal,50,13,1:00pm to 1:29pm,1767780000000
19350,10B,Dalhousie - Micmac Terminal,116,13.5,1:30pm to 1:59pm,1767780000000
40866,10B,Dalhousie - Micmac Terminal,78,14,2:00pm to 2:29pm,1767780000000
40886,10B,Dalhousie - Micmac Terminal,234,14.5,2:30pm to 2:59pm,1767780000000
40908,10B,Dalhousie - Micmac Terminal,87,15,3:00pm to 3:29pm,1767780000000
41879,10B,Dalhousie - Micmac Terminal,218,15.5,3:30pm to 3:59pm,1767780000000
41917,10B,Dalhousie - Micmac Terminal,79,16,4:00pm to 4:29pm,1767780000000
42242,10B,Dalhousie - Micmac Terminal,128,16.5,4:30pm to 4:59pm,1767780000000
21279,10B,Dalhousie - Micmac Terminal,101,17,5:00pm to 5:29pm,1767780000000
21681,10B,Dalhousie - Micmac Terminal,112,17.5,5:30pm to 5:59pm,1767780000000
43192,10B,Dalhousie - Micmac Terminal,17,18,6:00pm to 6:29pm,1767780000000
18193,10B,Dalhousie - Micmac Terminal,42,18.5,6:30pm to 6:59pm,1767780000000
18219,10B,Dalhousie - Micmac Terminal,12,19,7:00pm to 7:29pm,1767780000000
18800,10B,Dalhousie - Micmac Terminal,35,19.5,7:30pm to 7:59pm,1767780000000
43659,10B,Dalhousie - Micmac Terminal,29,20,8:00pm to 8:29pm,1767780000000
43683,10B,Dalhousie - Micmac Terminal,39,20.5,8:30pm to 8:59pm,1767780000000
43704,10B,Dalhousie - Micmac Terminal,25,21,9:00pm to 9:29pm,1767780000000
20003,10B,Dalhousie - Micmac Terminal,19,21.5,9:30pm to 9:59pm,1767780000000
1592,10C,Dalhousie,6,5.5,5:30am to 5:59am,1767261600000
1597,10C,Dalhousie,37,6,6:00am to 6:29am,1767261600000
28581,10C,Dalhousie,12,6.5,6:30am to 6:59am,1767261600000
1622,10C,Dalhousie,17,7,7:00am to 7:29am,1767261600000
29075,10C,Dalhousie,18,7.5,7:30am to 7:59am,1767261600000
29093,10C,Dalhousie,12,8,8:00am to 8:29am,1767261600000
1671,10C,Dalhousie,24,8.5,8:30am to 8:59am,1767261600000
29141,10C,Dalhousie,21,9,9:00am to 9:29am,1767261600000
29733,10C,Dalhousie,29,9.5,9:30am to 9:59am,1767261600000
29754,10C,Dalhousie,26,10,10:00am to 10:29am,1767261600000
29776,10C,Dalhousie,31,10.5,10:30am to 10:59am,1767261600000
17447,10C,Dalhousie,33,11,11:00am to 11:29am,1767261600000
17468,10C,Dalhousie,36,11.5,11:30am to 11:59am,1767261600000
17612,10C,Dalhousie,36,12,12:00pm to 12:29pm,1767261600000
30605,10C,Dalhousie,22,12.5,12:30pm to 12:59pm,1767261600000
17648,10C,Dalhousie,31,13,1:00pm to 1:29pm,1767261600000
18977,10C,Dalhousie,30,13.5,1:30pm to 1:59pm,1767261600000
31595,10C,Dalhousie,50,14,2:00pm to 2:29pm,1767261600000
19015,10C,Dalhousie,60,14.5,2:30pm to 2:59pm,1767261600000
19032,10C,Dalhousie,62,15,3:00pm to 3:29pm,1767261600000
19611,10C,Dalhousie,55,15.5,3:30pm to 3:59pm,1767261600000
19630,10C,Dalhousie,43,16,4:00pm to 4:29pm,1767261600000
32150,10C,Dalhousie,43,16.5,4:30pm to 4:59pm,1767261600000
31086,10C,Dalhousie,48,17,5:00pm to 5:29pm,1767261600000
17491,10C,Dalhousie,26,17.5,5:30pm to 5:59pm,1767261600000
17507,10C,Dalhousie,26,18,6:00pm to 6:29pm,1767261600000
32700,10C,Dalhousie,7,18.5,6:30pm to 6:59pm,1767261600000
32714,10C,Dalhousie,29,19,7:00pm to 7:29pm,1767261600000
17564,10C,Dalhousie,19,19.5,7:30pm to 7:59pm,1767261600000
17579,10C,Dalhousie,23,20,8:00pm to 8:29pm,1767261600000
33061,10C,Dalhousie,21,20.5,8:30pm to 8:59pm,1767261600000
33074,10C,Dalhousie,29,21,9:00pm to 9:29pm,1767261600000
33091,10C,Dalhousie,15,21.5,9:30pm to 9:59pm,1767261600000
33108,10C,Dalhousie,23,22,10:00pm to 10:29pm,1767261600000
33313,10C,Dalhousie,18,22.5,10:30pm to 10:59pm,1767261600000
18949,10C,Dalhousie,17,23,11:00pm to 11:29pm,1767261600000
18964,10C,Dalhousie,0,23.5,11:30pm to 11:59pm,1767261600000
33804,10C,Dalhousie,20,5,5:00am to 5:29am,1767348000000
19645,10C,Dalhousie,34,5.5,5:30am to 5:59am,1767348000000
33835,10C,Dalhousie,62,6,6:00am to 6:29am,1767348000000
31026,10C,Dalhousie,31,6.5,6:30am to 6:59am,1767348000000
34654,10C,Dalhousie,68,7,7:00am to 7:29am,1767348000000
32438,10C,Dalhousie,37,7.5,7:30am to 7:59am,1767348000000
32766,10C,Dalhousie,98,8,8:00am to 8:29am,1767348000000
32992,10C,Dalhousie,36,8.5,8:30am to 8:59am,1767348000000
44125,10C,Dalhousie,57,9,9:00am to 9:29am,1767348000000
33134,10C,Dalhousie,77,9.5,9:30am to 9:59am,1767348000000
44178,10C,Dalhousie,51,10,10:00am to 10:29am,1767348000000
44657,10C,Dalhousie,56,10.5,10:30am to 10:59am,1767348000000
33292,10C,Dalhousie,61,11,11:00am to 11:29am,1767348000000
44707,10C,Dalhousie,52,11.5,11:30am to 11:59am,1767348000000
34173,10C,Dalhousie,76,12,12:00pm to 12:29pm,1767348000000
34195,10C,Dalhousie,72,12.5,12:30pm to 12:59pm,1767348000000
34212,10C,Dalhousie,96,13,1:00pm to 1:29pm,1767348000000
47882,10C,Dalhousie,72,13.5,1:30pm to 1:59pm,1767348000000
212,10C,Dalhousie,122,14,2:00pm to 2:29pm,1767348000000
47919,10C,Dalhousie,81,14.5,2:30pm to 2:59pm,1767348000000
264,10C,Dalhousie,124,15,3:00pm to 3:29pm,1767348000000
954,10C,Dalhousie,92,15.5,3:30pm to 3:59pm,1767348000000
993,10C,Dalhousie,149,16,4:00pm to 4:29pm,1767348000000
1504,10C,Dalhousie,30,16.5,4:30pm to 4:59pm,1767348000000
62691,10C,Dalhousie,149,17,5:00pm to 5:29pm,1767348000000
2539,10C,Dalhousie,31,17.5,5:30pm to 5:59pm,1767348000000
3051,10C,Dalhousie,75,18,6:00pm to 6:29pm,1767348000000
3645,10C,Dalhousie,97,18.5,6:30pm to 6:59pm,1767348000000
47175,10C,Dalhousie,55,19,7:00pm to 7:29pm,1767348000000
4167,10C,Dalhousie,35,19.5,7:30pm to 7:59pm,1767348000000
47961,10C,Dalhousie,8,20,8:00pm to 8:29pm,1767348000000
4204,10C,Dalhousie,45,20.5,8:30pm to 8:59pm,1767348000000
4604,10C,Dalhousie,49,21,9:00pm to 9:29pm,1767348000000
8287,10C,Dalhousie,34,21.5,9:30pm to 9:59pm,1767348000000
48026,10C,Dalhousie,57,22,10:00pm to 10:29pm,1767348000000
61628,10C,Dalhousie,26,22.5,10:30pm to 10:59pm,1767348000000
9747,10C,Dalhousie,21,23,11:00pm to 11:29pm,1767348000000
9763,10C,Dalhousie,17,23.5,11:30pm to 11:59pm,1767348000000
9773,10C,Dalhousie,17,24,12:00am to 12:29am,1767348000000
9786,10C,Dalhousie,0,24.5,12:30am to 12:59am,1767348000000
61978,10C,Dalhousie,7,5.5,5:30am to 5:59am,1767434400000
9802,10C,Dalhousie,29,6,6:00am to 6:29am,1767434400000
61998,10C,Dalhousie,31,6.5,6:30am to 6:59am,1767434400000
62853,10C,Dalhousie,21,7,7:00am to 7:29am,1767434400000
62876,10C,Dalhousie,23,7.5,7:30am to 7:59am,1767434400000
62895,10C,Dalhousie,40,8,8:00am to 8:29am,1767434400000
10835,10C,Dalhousie,43,8.5,8:30am to 8:59am,1767434400000
10854,10C,Dalhousie,47,9,9:00am to 9:29am,1767434400000
10877,10C,Dalhousie,50,9.5,9:30am to 9:59am,1767434400000
11079,10C,Dalhousie,63,10,10:00am to 10:29am,1767434400000
90,10C,Dalhousie,72,10.5,10:30am to 10:59am,1767434400000
299,10C,Dalhousie,59,11,11:00am to 11:29am,1767434400000
317,10C,Dalhousie,51,11.5,11:30am to 11:59am,1767434400000
331,10C,Dalhousie,81,12,12:00pm to 12:29pm,1767434400000
11746,10C,Dalhousie,92,12.5,12:30pm to 12:59pm,1767434400000
566,10C,Dalhousie,83,13,1:00pm to 1:29pm,1767434400000
11778,10C,Dalhousie,96,13.5,1:30pm to 1:59pm,1767434400000
13111,10C,Dalhousie,82,14,2:00pm to 2:29pm,1767434400000
638,10C,Dalhousie,85,14.5,2:30pm to 2:59pm,1767434400000
13146,10C,Dalhousie,135,15,3:00pm to 3:29pm,1767434400000
1242,10C,Dalhousie,108,15.5,3:30pm to 3:59pm,1767434400000
13181,10C,Dalhousie,122,16,4:00pm to 4:29pm,1767434400000
13198,10C,Dalhousie,130,16.5,4:30pm to 4:59pm,1767434400000
14254,10C,Dalhousie,101,17,5:00pm to 5:29pm,1767434400000
1693,10C,Dalhousie,75,17.5,5:30pm to 5:59pm,1767434400000
14291,10C,Dalhousie,86,18,6:00pm to 6:29pm,1767434400000
1743,10C,Dalhousie,87,18.5,6:30pm to 6:59pm,1767434400000
1765,10C,Dalhousie,67,19,7:00pm to 7:29pm,1767434400000
15293,10C,Dalhousie,11,19.5,7:30pm to 7:59pm,1767434400000
2267,10C,Dalhousie,48,20,8:00pm to 8:29pm,1767434400000
2300,10C,Dalhousie,90,21,9:00pm to 9:29pm,1767434400000
2317,10C,Dalhousie,25,21.5,9:30pm to 9:59pm,1767434400000
15501,10C,Dalhousie,28,22,10:00pm to 10:29pm,1767434400000
15519,10C,Dalhousie,18,22.5,10:30pm to 10:59pm,1767434400000
15996,10C,Dalhousie,15,23,11:00pm to 11:29pm,1767434400000
2670,10C,Dalhousie,7,23.5,11:30pm to 11:59pm,1767434400000
16022,10C,Dalhousie,19,24,12:00am to 12:29am,1767434400000
2688,10C,Dalhousie,0,24.5,12:30am to 12:59am,1767434400000
16034,10C,Dalhousie,11,5.5,5:30am to 5:59am,1767520800000
2701,10C,Dalhousie,43,6,6:00am to 6:29am,1767520800000
3178,10C,Dalhousie,14,6.5,6:30am to 6:59am,1767520800000
3190,10C,Dalhousie,18,7,7:00am to 7:29am,1767520800000
17015,10C,Dalhousie,29,7.5,7:30am to 7:59am,1767520800000
12900,10C,Dalhousie,36,8,8:00am to 8:29am,1767520800000
13489,10C,Dalhousie,23,8.5,8:30am to 8:59am,1767520800000
3259,10C,Dalhousie,44,9,9:00am to 9:29am,1767520800000
13528,10C,Dalhousie,30,9.5,9:30am to 9:59am,1767520800000
3861,10C,Dalhousie,38,10,10:00am to 10:29am,1767520800000
3883,10C,Dalhousie,66,10.5,10:30am to 10:59am,1767520800000
14236,10C,Dalhousie,72,11,11:00am to 11:29am,1767520800000
3915,10C,Dalhousie,69,11.5,11:30am to 11:59am,1767520800000
4025,10C,Dalhousie,78,12,12:00pm to 12:29pm,1767520800000
4052,10C,Dalhousie,59,12.5,12:30pm to 12:59pm,1767520800000
14866,10C,Dalhousie,101,13,1:00pm to 1:29pm,1767520800000
20140,10C,Dalhousie,90,13.5,1:30pm to 1:59pm,1767520800000
20154,10C,Dalhousie,74,14,2:00pm to 2:29pm,1767520800000
6459,10C,Dalhousie,74,14.5,2:30pm to 2:59pm,1767520800000
6477,10C,Dalhousie,69,15,3:00pm to 3:29pm,1767520800000
6491,10C,Dalhousie,116,15.5,3:30pm to 3:59pm,1767520800000
6507,10C,Dalhousie,98,16,4:00pm to 4:29pm,1767520800000
20998,10C,Dalhousie,108,16.5,4:30pm to 4:59pm,1767520800000
6829,10C,Dalhousie,66,17,5:00pm to 5:29pm,1767520800000
21783,10C,Dalhousie,80,17.5,5:30pm to 5:59pm,1767520800000
6897,10C,Dalhousie,69,18,6:00pm to 6:29pm,1767520800000
21828,10C,Dalhousie,24,18.5,6:30pm to 6:59pm,1767520800000
7022,10C,Dalhousie,50,19,7:00pm to 7:29pm,1767520800000
22146,10C,Dalhousie,29,19.5,7:30pm to 7:59pm,1767520800000
22261,10C,Dalhousie,25,20,8:00pm to 8:29pm,1767520800000
22285,10C,Dalhousie,24,20.5,8:30pm to 8:59pm,1767520800000
22300,10C,Dalhousie,27,21,9:00pm to 9:29pm,1767520800000
7460,10C,Dalhousie,18,21.5,9:30pm to 9:59pm,1767520800000
7848,10C,Dalhousie,32,22,10:00pm to 10:29pm,1767520800000
23011,10C,Dalhousie,12,22.5,10:30pm to 10:59pm,1767520800000
7870,10C,Dalhousie,24,23,11:00pm to 11:29pm,1767520800000
7882,10C,Dalhousie,0,23.5,11:30pm to 11:59pm,1767520800000
23237,10C,Dalhousie,30,5,5:00am to 5:29am,1767607200000
7901,10C,Dalhousie,54,5.5,5:30am to 5:59am,1767607200000
8390,10C,Dalhousie,95,6,6:00am to 6:29am,1767607200000
23856,10C,Dalhousie,75,6.5,6:30am to 6:59am,1767607200000
24174,10C,Dalhousie,150,7,7:00am to 7:29am,1767607200000
20554,10C,Dalhousie,114,7.5,7:30am to 7:59am,1767607200000
20593,10C,Dalhousie,170,8,8:00am to 8:29am,1767607200000
8767,10C,Dalhousie,49,8.5,8:30am to 8:59am,1767607200000
8792,10C,Dalhousie,60,9,9:00am to 9:29am,1767607200000
8816,10C,Dalhousie,80,9.5,9:30am to 9:59am,1767607200000
9058,10C,Dalhousie,62,10,10:00am to 10:29am,1767607200000
25967,10C,Dalhousie,81,10.5,10:30am to 10:59am,1767607200000
25988,10C,Dalhousie,80,11,11:00am to 11:29am,1767607200000
6865,10C,Dalhousie,143,11.5,11:30am to 11:59am,1767607200000
27162,10C,Dalhousie,103,12,12:00pm to 12:29pm,1767607200000
27183,10C,Dalhousie,83,12.5,12:30pm to 12:59pm,1767607200000
7399,10C,Dalhousie,97,13,1:00pm to 1:29pm,1767607200000
9207,10C,Dalhousie,22,13.5,1:30pm to 1:59pm,1767607200000
27817,10C,Dalhousie,78,14,2:00pm to 2:29pm,1767607200000
27839,10C,Dalhousie,48,14.5,2:30pm to 2:59pm,1767607200000
22993,10C,Dalhousie,200,15,3:00pm to 3:29pm,1767607200000
10144,10C,Dalhousie,177,15.5,3:30pm to 3:59pm,1767607200000
27851,10C,Dalhousie,220,16,4:00pm to 4:29pm,1767607200000
10970,10C,Dalhousie,117,16.5,4:30pm to 4:59pm,1767607200000
28682,10C,Dalhousie,122,17,5:00pm to 5:29pm,1767607200000
11229,10C,Dalhousie,63,17.5,5:30pm to 5:59pm,1767607200000
11258,10C,Dalhousie,67,18,6:00pm to 6:29pm,1767607200000
9039,10C,Dalhousie,81,18.5,6:30pm to 6:59pm,1767607200000
9107,10C,Dalhousie,76,19,7:00pm to 7:29pm,1767607200000
9134,10C,Dalhousie,30,19.5,7:30pm to 7:59pm,1767607200000
9155,10C,Dalhousie,45,20,8:00pm to 8:29pm,1767607200000
26512,10C,Dalhousie,56,20.5,8:30pm to 8:59pm,1767607200000
9444,10C,Dalhousie,76,21,9:00pm to 9:29pm,1767607200000
26551,10C,Dalhousie,49,21.5,9:30pm to 9:59pm,1767607200000
27128,10C,Dalhousie,65,22,10:00pm to 10:29pm,1767607200000
9498,10C,Dalhousie,36,22.5,10:30pm to 10:59pm,1767607200000
27638,10C,Dalhousie,27,23,11:00pm to 11:29pm,1767607200000
27653,10C,Dalhousie,19,23.5,11:30pm to 11:59pm,1767607200000
27663,10C,Dalhousie,13,24,12:00am to 12:29am,1767607200000
10584,10C,Dalhousie,0,24.5,12:30am to 12:59am,1767607200000
27781,10C,Dalhousie,28,5,5:00am to 5:29am,1767693600000
27788,10C,Dalhousie,48,5.5,5:30am to 5:59am,1767693600000
28197,10C,Dalhousie,127,6,6:00am to 6:29am,1767693600000
28233,10C,Dalhousie,78,6.5,6:30am to 6:59am,1767693600000
32971,10C,Dalhousie,202,7,7:00am to 7:29am,1767693600000
11607,10C,Dalhousie,103,7.5,7:30am to 7:59am,1767693600000
11647,10C,Dalhousie,204,8,8:00am to 8:29am,1767693600000
34382,10C,Dalhousie,73,8.5,8:30am to 8:59am,1767693600000
11709,10C,Dalhousie,80,9,9:00am to 9:29am,1767693600000
12008,10C,Dalhousie,77,9.5,9:30am to 9:59am,1767693600000
35292,10C,Dalhousie,48,10,10:00am to 10:29am,1767693600000
35315,10C,Dalhousie,80,10.5,10:30am to 10:59am,1767693600000
12084,10C,Dalhousie,76,11,11:00am to 11:29am,1767693600000
12197,10C,Dalhousie,171,11.5,11:30am to 11:59am,1767693600000
12218,10C,Dalhousie,103,12,12:00pm to 12:29pm,1767693600000
36159,10C,Dalhousie,96,12.5,12:30pm to 12:59pm,1767693600000
12258,10C,Dalhousie,62,13,1:00pm to 1:29pm,1767693600000
12652,10C,Dalhousie,113,13.5,1:30pm to 1:59pm,1767693600000
36700,10C,Dalhousie,140,14,2:00pm to 2:29pm,1767693600000
36721,10C,Dalhousie,103,14.5,2:30pm to 2:59pm,1767693600000
12726,10C,Dalhousie,159,15,3:00pm to 3:29pm,1767693600000
13038,10C,Dalhousie,157,15.5,3:30pm to 3:59pm,1767693600000
38029,10C,Dalhousie,170,16,4:00pm to 4:29pm,1767693600000
13399,10C,Dalhousie,70,16.5,4:30pm to 4:59pm,1767693600000
13434,10C,Dalhousie,152,17,5:00pm to 5:29pm,1767693600000
34101,10C,Dalhousie,42,17.5,5:30pm to 5:59pm,1767693600000
14072,10C,Dalhousie,107,18,6:00pm to 6:29pm,1767693600000
14103,10C,Dalhousie,84,18.5,6:30pm to 6:59pm,1767693600000
34756,10C,Dalhousie,70,19,7:00pm to 7:29pm,1767693600000
34782,10C,Dalhousie,31,19.5,7:30pm to 7:59pm,1767693600000
35373,10C,Dalhousie,62,20,8:00pm to 8:29pm,1767693600000
14171,10C,Dalhousie,71,20.5,8:30pm to 8:59pm,1767693600000
35601,10C,Dalhousie,62,21,9:00pm to 9:29pm,1767693600000
35622,10C,Dalhousie,53,21.5,9:30pm to 9:59pm,1767693600000
36212,10C,Dalhousie,25,22,10:00pm to 10:29pm,1767693600000
14713,10C,Dalhousie,22,22.5,10:30pm to 10:59pm,1767693600000
36244,10C,Dalhousie,15,23,11:00pm to 11:29pm,1767693600000
14753,10C,Dalhousie,11,23.5,11:30pm to 11:59pm,1767693600000
14765,10C,Dalhousie,11,24,12:00am to 12:29am,1767693600000
14783,10C,Dalhousie,0,24.5,12:30am to 12:59am,1767693600000
15715,10C,Dalhousie,35,5,5:00am to 5:29am,1767780000000
36289,10C,Dalhousie,60,5.5,5:30am to 5:59am,1767780000000
36976,10C,Dalhousie,116,6,6:00am to 6:29am,1767780000000
37009,10C,Dalhousie,74,6.5,6:30am to 6:59am,1767780000000
16382,10C,Dalhousie,206,7,7:00am to 7:29am,1767780000000
16415,10C,Dalhousie,124,7.5,7:30am to 7:59am,1767780000000
38609,10C,Dalhousie,237,8,8:00am to 8:29am,1767780000000
16949,10C,Dalhousie,67,8.5,8:30am to 8:59am,1767780000000
39233,10C,Dalhousie,100,9,9:00am to 9:29am,1767780000000
39260,10C,Dalhousie,116,9.5,9:30am to 9:59am,1767780000000
39653,10C,Dalhousie,92,10,10:00am to 10:29am,1767780000000
39675,10C,Dalhousie,69,10.5,10:30am to 10:59am,1767780000000
39802,10C,Dalhousie,113,11,11:00am to 11:29am,1767780000000
18145,10C,Dalhousie,138,11.5,11:30am to 11:59am,1767780000000
40216,10C,Dalhousie,105,12,12:00pm to 12:29pm,1767780000000
40237,10C,Dalhousie,124,12.5,12:30pm to 12:59pm,1767780000000
40823,10C,Dalhousie,162,13,1:00pm to 1:29pm,1767780000000
19351,10C,Dalhousie,154,13.5,1:30pm to 1:59pm,1767780000000
19376,10C,Dalhousie,184,14,2:00pm to 2:29pm,1767780000000
19403,10C,Dalhousie,204,14.5,2:30pm to 2:59pm,1767780000000
40909,10C,Dalhousie,202,15,3:00pm to 3:29pm,1767780000000
20411,10C,Dalhousie,184,15.5,3:30pm to 3:59pm,1767780000000
41918,10C,Dalhousie,247,16,4:00pm to 4:29pm,1767780000000
21234,10C,Dalhousie,87,16.5,4:30pm to 4:59pm,1767780000000
42274,10C,Dalhousie,78,17,5:00pm to 5:29pm,1767780000000
42317,10C,Dalhousie,33,17.5,5:30pm to 5:59pm,1767780000000
17783,10C,Dalhousie,79,18,6:00pm to 6:29pm,1767780000000
18194,10C,Dalhousie,60,18.5,6:30pm to 6:59pm,1767780000000
43245,10C,Dalhousie,79,19,7:00pm to 7:29pm,1767780000000
43446,10C,Dalhousie,22,19.5,7:30pm to 7:59pm,1767780000000
43660,10C,Dalhousie,59,20,8:00pm to 8:29pm,1767780000000
43684,10C,Dalhousie,58,20.5,8:30pm to 8:59pm,1767780000000
19422,10C,Dalhousie,20,21,9:00pm to 9:29pm,1767780000000
20004,10C,Dalhousie,35,21.5,9:30pm to 9:59pm,1767780000000
20026,10C,Dalhousie,52,22,10:00pm to 10:29pm,1767780000000
44230,10C,Dalhousie,30,22.5,10:30pm to 10:59pm,1767780000000
44249,10C,Dalhousie,48,23,11:00pm to 11:29pm,1767780000000
44266,10C,Dalhousie,18,23.5,11:30pm to 11:59pm,1767780000000
44278,10C,Dalhousie,1,24,12:00am to 12:29am,1767780000000
20858,10C,Dalhousie,0,24.5,12:30am to 12:59am,1767780000000
33836,123,Timberlea Express,20,6,6:00am to 6:29am,1767348000000
34249,123,Timberlea Express,2,6.5,6:30am to 6:59am,1767348000000
31110,123,Timberlea Express,11,7,7:00am to 7:29am,1767348000000
32439,123,Timberlea Express,8,7.5,7:30am to 7:59am,1767348000000
32767,123,Timberlea Express,13,8,8:00am to 8:29am,1767348000000
44100,123,Timberlea Express,12,8.5,8:30am to 8:59am,1767348000000
48045,123,Timberlea Express,0,15,3:00pm to 3:29pm,1767348000000
955,123,Timberlea Express,10,15.5,3:30pm to 3:59pm,1767348000000
61605,123,Timberlea Express,14,16,4:00pm to 4:29pm,1767348000000
62663,123,Timberlea Express,17,16.5,4:30pm to 4:59pm,1767348000000
2213,123,Timberlea Express,13,17,5:00pm to 5:29pm,1767348000000
2540,123,Timberlea Express,11,17.5,5:30pm to 5:59pm,1767348000000
3052,123,Timberlea Express,11,18,6:00pm to 6:29pm,1767348000000
8391,123,Timberlea Express,35,6,6:00am to 6:29am,1767607200000
8432,123,Timberlea Express,15,6.5,6:30am to 6:59am,1767607200000
8468,123,Timberlea Express,30,7,7:00am to 7:29am,1767607200000
8507,123,Timberlea Express,0,7.5,7:30am to 7:59am,1767607200000
8544,123,Timberlea Express,53,8,8:00am to 8:29am,1767607200000
20623,123,Timberlea Express,22,8.5,8:30am to 8:59am,1767607200000
10120,123,Timberlea Express,91,15,3:00pm to 3:29pm,1767607200000
10145,123,Timberlea Express,28,15.5,3:30pm to 3:59pm,1767607200000
27852,123,Timberlea Express,28,16,4:00pm to 4:29pm,1767607200000
10971,123,Timberlea Express,0,16.5,4:30pm to 4:59pm,1767607200000
28683,123,Timberlea Express,20,17,5:00pm to 5:29pm,1767607200000
24680,123,Timberlea Express,10,17.5,5:30pm to 5:59pm,1767607200000
25474,123,Timberlea Express,15,18,6:00pm to 6:29pm,1767607200000
10896,123,Timberlea Express,25,6,6:00am to 6:29am,1767693600000
10932,123,Timberlea Express,41,6.5,6:30am to 6:59am,1767693600000
11576,123,Timberlea Express,38,7,7:00am to 7:29am,1767693600000
11608,123,Timberlea Express,50,7.5,7:30am to 7:59am,1767693600000
34165,123,Timberlea Express,48,8,8:00am to 8:29am,1767693600000
11683,123,Timberlea Express,27,8.5,8:30am to 8:59am,1767693600000
36748,123,Timberlea Express,62,15,3:00pm to 3:29pm,1767693600000
13039,123,Timberlea Express,28,15.5,3:30pm to 3:59pm,1767693600000
38030,123,Timberlea Express,43,16,4:00pm to 4:29pm,1767693600000
13400,123,Timberlea Express,26,16.5,4:30pm to 4:59pm,1767693600000
13435,123,Timberlea Express,19,17,5:00pm to 5:29pm,1767693600000
34102,123,Timberlea Express,13,17.5,5:30pm to 5:59pm,1767693600000
14073,123,Timberlea Express,7,18,6:00pm to 6:29pm,1767693600000
15747,123,Timberlea Express,18,6,6:00am to 6:29am,1767780000000
15786,123,Timberlea Express,42,6.5,6:30am to 6:59am,1767780000000
37043,123,Timberlea Express,38,7,7:00am to 7:29am,1767780000000
38575,123,Timberlea Express,44,7.5,7:30am to 7:59am,1767780000000
16918,123,Timberlea Express,40,8,8:00am to 8:29am,1767780000000
38924,123,Timberlea Express,45,8.5,8:30am to 8:59am,1767780000000
20371,123,Timberlea Express,69,15,3:00pm to 3:29pm,1767780000000
41880,123,Timberlea Express,33,15.5,3:30pm to 3:59pm,1767780000000
21197,123,Timberlea Express,26,16,4:00pm to 4:29pm,1767780000000
42243,123,Timberlea Express,29,16.5,4:30pm to 4:59pm,1767780000000
42275,123,Timberlea Express,26,17,5:00pm to 5:29pm,1767780000000
42318,123,Timberlea Express,11,17.5,5:30pm to 5:59pm,1767780000000
43193,123,Timberlea Express,6,18,6:00pm to 6:29pm,1767780000000
33837,127,Cowie Hill Express,8,6,6:00am to 6:29am,1767348000000
34250,127,Cowie Hill Express,24,6.5,6:30am to 6:59am,1767348000000
31111,127,Cowie Hill Express,37,7,7:00am to 7:29am,1767348000000
43572,127,Cowie Hill Express,25,7.5,7:30am to 7:59am,1767348000000
61569,127,Cowie Hill Express,28,15.5,3:30pm to 3:59pm,1767348000000
994,127,Cowie Hill Express,17,16,4:00pm to 4:29pm,1767348000000
1505,127,Cowie Hill Express,23,16.5,4:30pm to 4:59pm,1767348000000
62692,127,Cowie Hill Express,13,17,5:00pm to 5:29pm,1767348000000
2541,127,Cowie Hill Express,1,17.5,5:30pm to 5:59pm,1767348000000
8392,127,Cowie Hill Express,16,6,6:00am to 6:29am,1767607200000
23857,127,Cowie Hill Express,48,6.5,6:30am to 6:59am,1767607200000
19201,127,Cowie Hill Express,87,7,7:00am to 7:29am,1767607200000
8508,127,Cowie Hill Express,40,7.5,7:30am to 7:59am,1767607200000
10146,127,Cowie Hill Express,18,15.5,3:30pm to 3:59pm,1767607200000
10550,127,Cowie Hill Express,47,16,4:00pm to 4:29pm,1767607200000
28167,127,Cowie Hill Express,37,16.5,4:30pm to 4:59pm,1767607200000
11188,127,Cowie Hill Express,29,17,5:00pm to 5:29pm,1767607200000
24681,127,Cowie Hill Express,7,17.5,5:30pm to 5:59pm,1767607200000
28198,127,Cowie Hill Express,18,6,6:00am to 6:29am,1767693600000
28605,127,Cowie Hill Express,46,6.5,6:30am to 6:59am,1767693600000
32972,127,Cowie Hill Express,79,7,7:00am to 7:29am,1767693600000
34129,127,Cowie Hill Express,59,7.5,7:30am to 7:59am,1767693600000
37997,127,Cowie Hill Express,54,15.5,3:30pm to 3:59pm,1767693600000
13081,127,Cowie Hill Express,46,16,4:00pm to 4:29pm,1767693600000
13401,127,Cowie Hill Express,26,16.5,4:30pm to 4:59pm,1767693600000
13436,127,Cowie Hill Express,30,17,5:00pm to 5:29pm,1767693600000
13472,127,Cowie Hill Express,8,17.5,5:30pm to 5:59pm,1767693600000
36977,127,Cowie Hill Express,15,6,6:00am to 6:29am,1767780000000
15787,127,Cowie Hill Express,64,6.5,6:30am to 6:59am,1767780000000
37044,127,Cowie Hill Express,54,7,7:00am to 7:29am,1767780000000
16416,127,Cowie Hill Express,24,7.5,7:30am to 7:59am,1767780000000
41881,127,Cowie Hill Express,24,15.5,3:30pm to 3:59pm,1767780000000
41919,127,Cowie Hill Express,13,16,4:00pm to 4:29pm,1767780000000
21235,127,Cowie Hill Express,45,16.5,4:30pm to 4:59pm,1767780000000
42276,127,Cowie Hill Express,17,17,5:00pm to 5:29pm,1767780000000
42319,127,Cowie Hill Express,3,17.5,5:30pm to 5:59pm,1767780000000
19669,135,Flamingo Express,13,6,6:00am to 6:29am,1767348000000
31027,135,Flamingo Express,14,6.5,6:30am to 6:59am,1767348000000
34655,135,Flamingo Express,28,7,7:00am to 7:29am,1767348000000
32440,135,Flamingo Express,42,7.5,7:30am to 7:59am,1767348000000
32768,135,Flamingo Express,17,8,8:00am to 8:29am,1767348000000
265,135,Flamingo Express,17,15,3:00pm to 3:29pm,1767348000000
61570,135,Flamingo Express,29,15.5,3:30pm to 3:59pm,1767348000000
995,135,Flamingo Express,17,16,4:00pm to 4:29pm,1767348000000
62664,135,Flamingo Express,18,16.5,4:30pm to 4:59pm,1767348000000
62693,135,Flamingo Express,19,17,5:00pm to 5:29pm,1767348000000
2542,135,Flamingo Express,11,17.5,5:30pm to 5:59pm,1767348000000
62910,135,Flamingo Express,10,18,6:00pm to 6:29pm,1767348000000
23267,135,Flamingo Express,24,6,6:00am to 6:29am,1767607200000
8433,135,Flamingo Express,33,6.5,6:30am to 6:59am,1767607200000
19202,135,Flamingo Express,64,7,7:00am to 7:29am,1767607200000
8509,135,Flamingo Express,69,7.5,7:30am to 7:59am,1767607200000
8545,135,Flamingo Express,47,8,8:00am to 8:29am,1767607200000
22994,135,Flamingo Express,53,15,3:00pm to 3:29pm,1767607200000
10147,135,Flamingo Express,29,15.5,3:30pm to 3:59pm,1767607200000
10551,135,Flamingo Express,46,16,4:00pm to 4:29pm,1767607200000
28168,135,Flamingo Express,38,16.5,4:30pm to 4:59pm,1767607200000
11189,135,Flamingo Express,42,17,5:00pm to 5:29pm,1767607200000
24682,135,Flamingo Express,16,17.5,5:30pm to 5:59pm,1767607200000
25475,135,Flamingo Express,13,18,6:00pm to 6:29pm,1767607200000
28199,135,Flamingo Express,17,6,6:00am to 6:29am,1767693600000
28606,135,Flamingo Express,34,6.5,6:30am to 6:59am,1767693600000
11577,135,Flamingo Express,77,7,7:00am to 7:29am,1767693600000
11609,135,Flamingo Express,72,7.5,7:30am to 7:59am,1767693600000
34166,135,Flamingo Express,51,8,8:00am to 8:29am,1767693600000
12727,135,Flamingo Express,43,15,3:00pm to 3:29pm,1767693600000
13040,135,Flamingo Express,37,15.5,3:30pm to 3:59pm,1767693600000
38031,135,Flamingo Express,35,16,4:00pm to 4:29pm,1767693600000
38066,135,Flamingo Express,52,16.5,4:30pm to 4:59pm,1767693600000
13437,135,Flamingo Express,21,17,5:00pm to 5:29pm,1767693600000
13473,135,Flamingo Express,25,17.5,5:30pm to 5:59pm,1767693600000
34418,135,Flamingo Express,9,18,6:00pm to 6:29pm,1767693600000
15748,135,Flamingo Express,22,6,6:00am to 6:29am,1767780000000
37010,135,Flamingo Express,45,6.5,6:30am to 6:59am,1767780000000
16383,135,Flamingo Express,87,7,7:00am to 7:29am,1767780000000
16417,135,Flamingo Express,94,7.5,7:30am to 7:59am,1767780000000
16919,135,Flamingo Express,52,8,8:00am to 8:29am,1767780000000
20372,135,Flamingo Express,57,15,3:00pm to 3:29pm,1767780000000
20412,135,Flamingo Express,42,15.5,3:30pm to 3:59pm,1767780000000
41920,135,Flamingo Express,52,16,4:00pm to 4:29pm,1767780000000
21236,135,Flamingo Express,0,16.5,4:30pm to 4:59pm,1767780000000
42277,135,Flamingo Express,41,17,5:00pm to 5:29pm,1767780000000
21682,135,Flamingo Express,26,17.5,5:30pm to 5:59pm,1767780000000
43194,135,Flamingo Express,5,18,6:00pm to 6:29pm,1767780000000
33838,136,Farnham Gate Express,9,6,6:00am to 6:29am,1767348000000
31028,136,Farnham Gate Express,45,6.5,6:30am to 6:59am,1767348000000
32224,136,Farnham Gate Express,30,7,7:00am to 7:29am,1767348000000
32728,136,Farnham Gate Express,33,7.5,7:30am to 7:59am,1767348000000
32769,136,Farnham Gate Express,17,8,8:00am to 8:29am,1767348000000
266,136,Farnham Gate Express,20,15,3:00pm to 3:29pm,1767348000000
61571,136,Farnham Gate Express,19,15.5,3:30pm to 3:59pm,1767348000000
996,136,Farnham Gate Express,37,16,4:00pm to 4:29pm,1767348000000
1506,136,Farnham Gate Express,3,16.5,4:30pm to 4:59pm,1767348000000
2214,136,Farnham Gate Express,14,17,5:00pm to 5:29pm,1767348000000
62722,136,Farnham Gate Express,1,17.5,5:30pm to 5:59pm,1767348000000
62911,136,Farnham Gate Express,2,18,6:00pm to 6:29pm,1767348000000
23268,136,Farnham Gate Express,47,6,6:00am to 6:29am,1767607200000
23858,136,Farnham Gate Express,73,6.5,6:30am to 6:59am,1767607200000
19203,136,Farnham Gate Express,84,7,7:00am to 7:29am,1767607200000
8510,136,Farnham Gate Express,55,7.5,7:30am to 7:59am,1767607200000
20594,136,Farnham Gate Express,37,8,8:00am to 8:29am,1767607200000
22995,136,Farnham Gate Express,91,15,3:00pm to 3:29pm,1767607200000
10148,136,Farnham Gate Express,36,15.5,3:30pm to 3:59pm,1767607200000
27853,136,Farnham Gate Express,80,16,4:00pm to 4:29pm,1767607200000
28169,136,Farnham Gate Express,19,16.5,4:30pm to 4:59pm,1767607200000
