snapshot_source,recorded_at_time,line_ref,direction_ref,journey_pattern_ref,published_line_name,operator_ref,origin_ref,destination_ref,destination_name,data_frame_ref,dated_vehicle_journey_ref,vehicle_ref,latitude,longitude,bearing,progress_rate,progress_status,block_ref,vehicle_status,monitored_call_stop_point_ref,monitored_call_visit_number,monitored_call_stop_name,monitored_call_extensions
MTA NYCT_M15+,2026-06-26T10:48:22.000-04:00,MTA NYCT_M15+,1,MTA_SBS150186,M15-SBS,MTA NYCT,MTA_401732,MTA_803120,SELECT BUS SERVICE SOUTH FERRY via 2 AV,2026-06-26,MTA NYCT_OF_B6-Weekday-SDon-054800_SBS15_414,MTA NYCT_6206,40.701918,-74.013804,288.43494,noProgress,layover,MTA NYCT_OF_B6-Weekday-SDon_E_OF_17160_SBS15-404,,MTA_405382,1,SOUTH FERRY TERM/SOUTH FERRY TERM,{}
MTA NYCT_M15+,2026-06-26T10:48:10.000-04:00,MTA NYCT_M15+,0,MTA_SBS150191,M15-SBS,MTA NYCT,MTA_405382,MTA_803054,SELECT BUS SERVICE 125 ST via 1 AV,2026-06-26,MTA NYCT_OF_B6-Weekday-SDon-061800_SBS15_411,MTA NYCT_6203,40.738031,-73.977703,54.15798,normalProgress,,MTA NYCT_OF_B6-Weekday-SDon_E_OF_21480_SBS15-418,,MTA_405323,1,1 AV/25 ST,"{""Capacities"": {""EstimatedPassengerCount"": 50, ""EstimatedPassengerCapacity"": 80, ""EstimatedPassengerLoadFactor"": ""fewSeatsAvailable""}}"
MTA NYCT_M15+,2026-06-26T10:48:29.000-04:00,MTA NYCT_M15+,1,MTA_SBS150186,M15-SBS,MTA NYCT,MTA_401732,MTA_803120,SELECT BUS SERVICE SOUTH FERRY via 2 AV,2026-06-26,MTA NYCT_OF_B6-Weekday-SDon-065000_SBS15_424,MTA NYCT_6212,40.803182,-73.932486,157.23804,noProgress,layover,MTA NYCT_OF_B6-Weekday-SDon_E_OF_27120_SBS15-442,,MTA_401732,1,E 126 ST/2 AV,{}
MTA NYCT_M15+,2026-06-26T10:48:09.000-04:00,MTA NYCT_M15+,1,MTA_SBS150186,M15-SBS,MTA NYCT,MTA_401732,MTA_803120,SELECT BUS SERVICE SOUTH FERRY via 2 AV,2026-06-26,MTA NYCT_OF_B6-Weekday-SDon-063500_SBS15_428,MTA NYCT_6091,40.778368,-73.951401,236.37512,normalProgress,,MTA NYCT_OF_B6-Weekday-SDon_E_OF_20520_SBS15-414,,MTA_405517,1,2 AV/E 87 ST,{}
MTA NYCT_M15+,2026-06-26T10:48:10.003-04:00,MTA NYCT_M15+,1,MTA_SBS150186,M15-SBS,MTA NYCT,MTA_401732,MTA_803120,SELECT BUS SERVICE SOUTH FERRY via 2 AV,2026-06-26,MTA NYCT_OF_B6-Weekday-SDon-062000_SBS15_435,MTA NYCT_6197,40.766007,-73.960392,234.03671,normalProgress,,MTA NYCT_OF_B6-Weekday-SDon_E_OF_25980_SBS15-438,,MTA_401761,1,2 AV/E 68 ST,"{""Capacities"": {""EstimatedPassengerCount"": 33, ""EstimatedPassengerCapacity"": 80, ""EstimatedPassengerLoadFactor"": ""fewSeatsAvailable""}}"
MTA NYCT_M15+,2026-06-26T10:48:06.000-04:00,MTA NYCT_M15+,1,MTA_SBS150186,M15-SBS,MTA NYCT,MTA_401732,MTA_803120,SELECT BUS SERVICE SOUTH FERRY via 2 AV,2026-06-26,MTA NYCT_OF_B6-Weekday-SDon-056200_SBS15_401,MTA NYCT_6162,40.701981,-74.013825,288.43494,normalProgress,,MTA NYCT_OF_B6-Weekday-SDon_E_OF_23280_SBS15-426,,MTA_803120,1,SOUTH FERRY/TERMINAL,"{""Capacities"": {""EstimatedPassengerCount"": 10, ""EstimatedPassengerCapacity"": 80, ""EstimatedPassengerLoadFactor"": ""manySeatsAvailable""}}"
MTA NYCT_M15+,2026-06-26T10:48:23.000-04:00,MTA NYCT_M15+,1,MTA_SBS150186,M15-SBS,MTA NYCT,MTA_401732,MTA_803120,SELECT BUS SERVICE SOUTH FERRY via 2 AV,2026-06-26,MTA NYCT_OF_B6-Weekday-SDon-057600_SBS15_403,MTA NYCT_6196,40.712027,-73.997224,186.91792,normalProgress,,MTA NYCT_OF_B6-Weekday-SDon_E_OF_23880_SBS15-428,,MTA_402112,1,MADISON ST/CATHERINE ST,"{""Capacities"": {""EstimatedPassengerCount"": 22, ""EstimatedPassengerCapacity"": 80, ""EstimatedPassengerLoadFactor"": ""manySeatsAvailable""}}"
MTA NYCT_M15+,2026-06-26T10:48:14.000-04:00,MTA NYCT_M15+,1,MTA_SBS150186,M15-SBS,MTA NYCT,MTA_401732,MTA_803120,SELECT BUS SERVICE SOUTH FERRY via 2 AV,2026-06-26,MTA NYCT_OF_B6-Weekday-SDon-055500_SBS15_425,MTA NYCT_6097,40.701918,-74.013804,288.43494,noProgress,layover,MTA NYCT_OF_B6-Weekday-SDon_E_OF_23160_SBS15-425,,MTA_405382,1,SOUTH FERRY TERM/SOUTH FERRY TERM,{}
MTA NYCT_M15+,2026-06-26T10:48:09.000-04:00,MTA NYCT_M15+,1,MTA_SBS150186,M15-SBS,MTA NYCT,MTA_401732,MTA_803120,SELECT BUS SERVICE SOUTH FERRY via 2 AV,2026-06-26,MTA NYCT_OF_B6-Weekday-SDon-056900_SBS15_402,MTA NYCT_6215,40.701918,-74.013804,288.43494,normalProgress,,MTA NYCT_OF_B6-Weekday-SDon_E_OF_25380_SBS15-435,,MTA_405382,1,SOUTH FERRY TERM/SOUTH FERRY TERM,"{""Capacities"": {""EstimatedPassengerCount"": 4, ""EstimatedPassengerCapacity"": 80, ""EstimatedPassengerLoadFactor"": ""manySeatsAvailable""}}"
MTA NYCT_M15+,2026-06-26T10:48:19.000-04:00,MTA NYCT_M15+,0,MTA_SBS150190,M15-SBS,MTA NYCT,MTA_903093,MTA_803054,SELECT BUS SERVICE 125 ST via 1 AV,2026-06-26,MTA NYCT_OF_B6-Weekday-SDon-060100_SBS15_445,MTA NYCT_6219,40.801443,-73.931435,53.130104,normalProgress,,MTA NYCT_OF_B6-Weekday-SDon_E_OF_15840_SBS15-401,,MTA_401731,1,1 AV/E 125 ST,"{""Capacities"": {""EstimatedPassengerCount"": 14, ""EstimatedPassengerCapacity"": 80, ""EstimatedPassengerLoadFactor"": ""manySeatsAvailable""}}"
MTA NYCT_M15+,2026-06-26T10:48:26.000-04:00,MTA NYCT_M15+,0,MTA_SBS150191,M15-SBS,MTA NYCT,MTA_405382,MTA_803054,SELECT BUS SERVICE 125 ST via 1 AV,2026-06-26,MTA NYCT_OF_B6-Weekday-SDon-062500_SBS15_419,MTA NYCT_6163,40.731803,-73.982247,53.695503,normalProgress,,MTA NYCT_OF_B6-Weekday-SDon_E_OF_21720_SBS15-419,,MTA_405322,1,1 AV/E 15 ST,{}
MTA NYCT_M15+,2026-06-26T10:48:12.524-04:00,MTA NYCT_M15+,0,MTA_SBS150190,M15-SBS,MTA NYCT,MTA_903093,MTA_803054,SELECT BUS SERVICE 125 ST via 1 AV,2026-06-26,MTA NYCT_OF_B6-Weekday-SDon-061100_SBS15_446,MTA NYCT_6095,40.776365,-73.949747,53.310276,normalProgress,,MTA NYCT_OF_B6-Weekday-SDon_E_OF_16440_SBS15-402,,MTA_401715,1,1 AV/E 86 ST,{}
MTA NYCT_M15+,2026-06-26T10:48:12.000-04:00,MTA NYCT_M15+,0,MTA_SBS150191,M15-SBS,MTA NYCT,MTA_405382,MTA_803054,SELECT BUS SERVICE 125 ST via 1 AV,2026-06-26,MTA NYCT_OF_B6-Weekday-SDon-063200_SBS15_447,MTA NYCT_6104,40.722708,-73.988629,90.0,normalProgress,,MTA NYCT_OF_B6-Weekday-SDon_E_OF_16800_SBS15-403,,MTA_903093,1,1 AV/E 1 ST,"{""Capacities"": {""EstimatedPassengerCount"": 2, ""EstimatedPassengerCapacity"": 80, ""EstimatedPassengerLoadFactor"": ""manySeatsAvailable""}}"
MTA NYCT_M15+,2026-06-26T10:48:20.000-04:00,MTA NYCT_M15+,1,MTA_SBS150186,M15-SBS,MTA NYCT,MTA_401732,MTA_803120,SELECT BUS SERVICE SOUTH FERRY via 2 AV,2026-06-26,MTA NYCT_OF_B6-Weekday-SDon-065000_SBS15_424,MTA NYCT_6201,40.80342,-73.933083,159.44395,noProgress,layover,,,MTA_401738,1,2 AV/E 125 ST,{}
MTA NYCT_M15+,2026-06-26T10:48:15.000-04:00,MTA NYCT_M15+,0,MTA_SBS150191,M15-SBS,MTA NYCT,MTA_405382,MTA_803054,SELECT BUS SERVICE 125 ST via 1 AV,2026-06-26,MTA NYCT_OF_B6-Weekday-SDon-058500_SBS15_413,MTA NYCT_6166,40.788082,-73.941187,53.864624,normalProgress,,MTA NYCT_OF_B6-Weekday-SDon_E_OF_20280_SBS15-413,,MTA_405331,1,1 AV/E 106 ST,"{""Capacities"": {""EstimatedPassengerCount"": 7, ""EstimatedPassengerCapacity"": 80, ""EstimatedPassengerLoadFactor"": ""manySeatsAvailable""}}"
MTA NYCT_M15+,2026-06-26T10:48:09.000-04:00,MTA NYCT_M15+,0,MTA_SBS150191,M15-SBS,MTA NYCT,MTA_405382,MTA_803054,SELECT BUS SERVICE 125 ST via 1 AV,2026-06-26,MTA NYCT_OF_B6-Weekday-SDon-060400_SBS15_416,MTA NYCT_6223,40.762534,-73.959851,54.462322,normalProgress,,MTA NYCT_OF_B6-Weekday-SDon_E_OF_21000_SBS15-416,,MTA_401707,1,1 AV/E 67 ST,"{""Capacities"": {""EstimatedPassengerCount"": 44, ""EstimatedPassengerCapacity"": 80, ""EstimatedPassengerLoadFactor"": ""fewSeatsAvailable""}}"
MTA NYCT_M15+,2026-06-26T10:48:26.000-04:00,MTA NYCT_M15+,1,MTA_SBS150186,M15-SBS,MTA NYCT,MTA_401732,MTA_803120,SELECT BUS SERVICE SOUTH FERRY via 2 AV,2026-06-26,MTA NYCT_OF_B6-Weekday-SDon-058300_SBS15_437,MTA NYCT_6096,40.712375,-73.993441,183.69139,normalProgress,,MTA NYCT_OF_B6-Weekday-SDon_E_OF_25860_SBS15-437,,MTA_402112,1,MADISON ST/CATHERINE ST,"{""Capacities"": {""EstimatedPassengerCount"": 1, ""EstimatedPassengerCapacity"": 80, ""EstimatedPassengerLoadFactor"": ""manySeatsAvailable""}}"
MTA NYCT_M15+,2026-06-26T10:48:13.000-04:00,MTA NYCT_M15+,0,MTA_SBS150191,M15-SBS,MTA NYCT,MTA_405382,MTA_803054,SELECT BUS SERVICE 125 ST via 1 AV,2026-06-26,MTA NYCT_OF_B6-Weekday-SDon-063900_SBS15_421,MTA NYCT_6167,40.710788,-74.000667,50.389313,normalProgress,,MTA NYCT_OF_B6-Weekday-SDon_E_OF_22080_SBS15-421,,MTA_405319,1,MADISON ST/CATHERINE ST,{}
MTA NYCT_M15+,2026-06-26T10:48:29.000-04:00,MTA NYCT_M15+,1,MTA_SBS150186,M15-SBS,MTA NYCT,MTA_401732,MTA_803120,SELECT BUS SERVICE SOUTH FERRY via 2 AV,2026-06-26,MTA NYCT_OF_B6-Weekday-SDon-060500_SBS15_418,MTA NYCT_6199,40.744136,-73.976364,234.2933,normalProgress,,MTA NYCT_OF_B6-Weekday-SDon_E_OF_18960_SBS15-409,,MTA_403525,1,2 AV/E 28 ST,"{""Capacities"": {""EstimatedPassengerCount"": 36, ""EstimatedPassengerCapacity"": 80, ""EstimatedPassengerLoadFactor"": ""fewSeatsAvailable""}}"
MTA NYCT_M15+,2026-06-26T10:48:07.000-04:00,MTA NYCT_M15+,0,MTA_SBS150191,M15-SBS,MTA NYCT,MTA_405382,MTA_803054,SELECT BUS SERVICE 125 ST via 1 AV,2026-06-26,MTA NYCT_OF_B6-Weekday-SDon-061100_SBS15_417,MTA NYCT_6216,40.750068,-73.96892,54.63754,normalProgress,,MTA NYCT_OF_B6-Weekday-SDon_E_OF_21240_SBS15-417,,MTA_401701,1,1 AV/MITCHELL PL,"{""Capacities"": {""EstimatedPassengerCount"": 31, ""EstimatedPassengerCapacity"": 80, ""EstimatedPassengerLoadFactor"": ""fewSeatsAvailable""}}"
MTA NYCT_M15+,2026-06-26T10:48:24.713-04:00,MTA NYCT_M15+,1,MTA_SBS150186,M15-SBS,MTA NYCT,MTA_401732,MTA_803120,SELECT BUS SERVICE SOUTH FERRY via 2 AV,2026-06-26,MTA NYCT_OF_B6-Weekday-SDon-059800_SBS15_404,MTA NYCT_6195,40.735399,-73.982657,234.2933,normalProgress,,MTA NYCT_OF_B6-Weekday-SDon_E_OF_24780_SBS15-432,,MTA_405340,1,2 AV/E 13 ST,"{""Capacities"": {""EstimatedPassengerCount"": 16, ""EstimatedPassengerCapacity"": 80, ""EstimatedPassengerLoadFactor"": ""manySeatsAvailable""}}"
MTA NYCT_M15+,2026-06-26T10:48:31.000-04:00,MTA NYCT_M15+,1,MTA_SBS150186,M15-SBS,MTA NYCT,MTA_401732,MTA_803120,SELECT BUS SERVICE SOUTH FERRY via 2 AV,2026-06-26,MTA NYCT_OF_B6-Weekday-SDon-059000_SBS15_440,MTA NYCT_6214,40.72643,-73.989243,233.1301,normalProgress,,MTA NYCT_OF_B6-Weekday-SDon_E_OF_26520_SBS15-440,,MTA_405472,1,ALLEN ST/E HOUSTON ST,"{""Capacities"": {""EstimatedPassengerCount"": 28, ""EstimatedPassengerCapacity"": 80, ""EstimatedPassengerLoadFactor"": ""fewSeatsAvailable""}}"
MTA NYCT_M15+,2026-06-26T10:48:05.000-04:00,MTA NYCT_M15+,1,MTA_SBS150186,M15-SBS,MTA NYCT,MTA_401732,MTA_803120,SELECT BUS SERVICE SOUTH FERRY via 2 AV,2026-06-26,MTA NYCT_OF_B6-Weekday-SDon-064300_SBS15_409,MTA NYCT_6107,40.794892,-73.939313,233.74615,normalProgress,,MTA NYCT_OF_B6-Weekday-SDon_E_OF_21900_SBS15-420,,MTA_405653,1,2 AV/E 103 ST,{}
MTA NYCT_M15+,2026-06-26T10:48:14.000-04:00,MTA NYCT_M15+,0,MTA_SBS150191,M15-SBS,MTA NYCT,MTA_405382,MTA_803054,SELECT BUS SERVICE 125 ST via 1 AV,2026-06-26,MTA NYCT_OF_B6-Weekday-SDon-057500_SBS15_443,MTA NYCT_6089,40.790233,-73.939626,55.840305,normalProgress,,MTA NYCT_OF_B6-Weekday-SDon_E_OF_19680_SBS15-411,,MTA_401727,1,1 AV/E 116 ST,{}
MTA NYCT_M15+,2026-06-26T10:48:28.000-04:00,MTA NYCT_M15+,0,MTA_SBS150191,M15-SBS,MTA NYCT,MTA_405382,MTA_803054,SELECT BUS SERVICE 125 ST via 1 AV,2026-06-26,MTA NYCT_OF_B6-Weekday-SDon-059600_SBS15_415,MTA NYCT_6210,40.765316,-73.957824,53.426968,normalProgress,,MTA NYCT_OF_B6-Weekday-SDon_E_OF_20760_SBS15-415,,MTA_405329,1,1 AV/E 80 ST,"{""Capacities"": {""EstimatedPassengerCount"": 34, ""EstimatedPassengerCapacity"": 80, ""EstimatedPassengerLoadFactor"": ""fewSeatsAvailable""}}"
MTA NYCT_B63,2026-06-26T10:48:31.000-04:00,MTA NYCT_B63,1,MTA_B630027,B63,MTA NYCT,MTA_901601,MTA_801042,BAY RIDGE SHORE RD via 5 AV,2026-06-26,MTA NYCT_JG_B6-Weekday-SDon-058300_B63_652,MTA NYCT_772,40.629181,-74.022764,248.25922,normalProgress,,MTA NYCT_JG_B6-Weekday-SDon_E_JG_21660_B63-652,,MTA_305455,1,5 AV/BAY RIDGE PKWY,"{""Capacities"": {""EstimatedPassengerCount"": 6, ""EstimatedPassengerCapacity"": 80, ""EstimatedPassengerLoadFactor"": ""manySeatsAvailable""}}"
MTA NYCT_B63,2026-06-26T10:48:29.000-04:00,MTA NYCT_B63,1,MTA_B630027,B63,MTA NYCT,MTA_901601,MTA_801042,BAY RIDGE SHORE RD via 5 AV,2026-06-26,MTA NYCT_JG_B6-Weekday-SDon-065800_B63_669,MTA NYCT_369,40.693062,-74.000885,163.96767,noProgress,layover,MTA NYCT_JG_B6-Weekday-SDon_E_JG_21000_B63-659,,MTA_901601,1,Brooklyn Bridge Park /PIER 6,{}
MTA NYCT_B63,2026-06-26T10:48:26.000-04:00,MTA NYCT_B63,0,MTA_B630022,B63,MTA NYCT,MTA_306619,MTA_801007,PIER 6 BKLYN BRIDGE PARK via 5 AV,2026-06-26,MTA NYCT_JG_B6-Weekday-SDon-057800_B63_660,MTA NYCT_440,40.678661,-73.978923,56.821487,normalProgress,,MTA NYCT_JG_B6-Weekday-SDon_E_JG_22800_B63-660,,MTA_308210,1,5 AV/SAINT JOHNS PL,{}
MTA NYCT_B63,2026-06-26T10:48:14.000-04:00,MTA NYCT_B63,1,MTA_B630027,B63,MTA NYCT,MTA_901601,MTA_801042,BAY RIDGE SHORE RD via 5 AV,2026-06-26,MTA NYCT_JG_B6-Weekday-SDon-056800_B63_666,MTA NYCT_783,40.612768,-74.035932,236.6737,normalProgress,,MTA NYCT_JG_B6-Weekday-SDon_E_JG_26520_B63-666,,MTA_306680,1,3 AV/SHORE RD,"{""Capacities"": {""EstimatedPassengerCount"": 1, ""EstimatedPassengerCapacity"": 80, ""EstimatedPassengerLoadFactor"": ""manySeatsAvailable""}}"
MTA NYCT_B63,2026-06-26T10:48:02.000-04:00,MTA NYCT_B63,1,MTA_B630027,B63,MTA NYCT,MTA_901601,MTA_801042,BAY RIDGE SHORE RD via 5 AV,2026-06-26,MTA NYCT_JG_B6-Weekday-SDon-059800_B63_655,MTA NYCT_268,40.651066,-74.004089,223.0488,normalProgress,,MTA NYCT_JG_B6-Weekday-SDon_E_JG_18600_B63-655,,MTA_305438,1,5 AV/39 ST,{}
MTA NYCT_B63,2026-06-26T10:48:09.092-04:00,MTA NYCT_B63,1,MTA_B630027,B63,MTA NYCT,MTA_901601,MTA_801042,BAY RIDGE SHORE RD via 5 AV,2026-06-26,MTA NYCT_JG_B6-Weekday-SDon-061300_B63_667,MTA NYCT_806,40.668968,-73.986455,230.6224,normalProgress,,MTA NYCT_JG_B6-Weekday-SDon_E_JG_28980_B63-667,,MTA_305423,1,5 AV/9 ST,"{""Capacities"": {""EstimatedPassengerCount"": 14, ""EstimatedPassengerCapacity"": 80, ""EstimatedPassengerLoadFactor"": ""manySeatsAvailable""}}"
MTA NYCT_B63,2026-06-26T10:48:19.000-04:00,MTA NYCT_B63,1,MTA_B630027,B63,MTA NYCT,MTA_901601,MTA_801042,BAY RIDGE SHORE RD via 5 AV,2026-06-26,MTA NYCT_JG_B6-Weekday-SDon-064300_B63_664,MTA NYCT_465,40.689847,-73.992947,345.2917,normalProgress,,MTA NYCT_JG_B6-Weekday-SDon_E_JG_24720_B63-664,,MTA_305112,1,ATLANTIC AV/COURT ST,{}
MTA NYCT_B63,2026-06-26T10:48:25.000-04:00,MTA NYCT_B63,0,MTA_B630022,B63,MTA NYCT,MTA_306619,MTA_801007,PIER 6 BKLYN BRIDGE PARK via 5 AV,2026-06-26,MTA NYCT_JG_B6-Weekday-SDon-056300_B63_668,MTA NYCT_257,40.689426,-73.9916,161.38983,normalProgress,,MTA NYCT_JG_B6-Weekday-SDon_E_JG_17640_B63-651,,MTA_305397,1,ATLANTIC AV/COURT ST,"{""Capacities"": {""EstimatedPassengerCount"": 18, ""EstimatedPassengerCapacity"": 80, ""EstimatedPassengerLoadFactor"": ""manySeatsAvailable""}}"
MTA NYCT_B63,2026-06-26T10:48:10.000-04:00,MTA NYCT_B63,0,MTA_B630022,B63,MTA NYCT,MTA_306619,MTA_801007,PIER 6 BKLYN BRIDGE PARK via 5 AV,2026-06-26,MTA NYCT_JG_B6-Weekday-SDon-059300_B63_661,MTA NYCT_467,40.669667,-73.985878,50.29008,normalProgress,,MTA NYCT_JG_B6-Weekday-SDon_E_JG_23220_B63-661,,MTA_308206,1,5 AV/7 ST,"{""Capacities"": {""EstimatedPassengerCount"": 30, ""EstimatedPassengerCapacity"": 80, ""EstimatedPassengerLoadFactor"": ""fewSeatsAvailable""}}"
MTA NYCT_B63,2026-06-26T10:48:12.000-04:00,MTA NYCT_B63,1,MTA_B630027,B63,MTA NYCT,MTA_901601,MTA_801042,BAY RIDGE SHORE RD via 5 AV,2026-06-26,MTA NYCT_JG_B6-Weekday-SDon-062800_B63_657,MTA NYCT_660,40.679717,-73.978218,232.82002,normalProgress,,MTA NYCT_JG_B6-Weekday-SDon_E_JG_19800_B63-657,,MTA_308213,1,5 AV/DOUGLASS ST,{}
MTA NYCT_B63,2026-06-26T10:48:19.000-04:00,MTA NYCT_B63,0,MTA_B630022,B63,MTA NYCT,MTA_306619,MTA_801007,PIER 6 BKLYN BRIDGE PARK via 5 AV,2026-06-26,MTA NYCT_JG_B6-Weekday-SDon-062300_B63_663,MTA NYCT_767,40.639731,-74.015876,43.6639,normalProgress,,MTA NYCT_JG_B6-Weekday-SDon_E_JG_24360_B63-663,,MTA_308326,1,5 AV/57 ST,"{""Capacities"": {""EstimatedPassengerCount"": 29, ""EstimatedPassengerCapacity"": 80, ""EstimatedPassengerLoadFactor"": ""fewSeatsAvailable""}}"
MTA NYCT_B63,2026-06-26T10:48:17.000-04:00,MTA NYCT_B63,0,MTA_B630022,B63,MTA NYCT,MTA_306619,MTA_801007,PIER 6 BKLYN BRIDGE PARK via 5 AV,2026-06-26,MTA NYCT_JG_B6-Weekday-SDon-060800_B63_670,MTA NYCT_749,40.648711,-74.006546,44.462868,normalProgress,,MTA NYCT_JG_B6-Weekday-SDon_E_JG_35280_B63-670,,MTA_305362,1,5 AV/41 ST,{}
MTA NYCT_M1,2026-06-26T10:48:26.796-04:00,MTA NYCT_M1,0,MTA_M010114,M1,MTA NYCT,MTA_400080,MTA_803003,HARLEM 147 ST via MADISON AV,2026-06-26,MTA NYCT_OF_B6-Weekday-SDon-065100_M1_124,MTA NYCT_9486,40.720696,-73.997726,59.98986,noProgress,layover,MTA NYCT_OF_B6-Weekday-SDon_E_OF_20880_M1-107,,MTA_400080,1,CENTRE ST/BROOME ST,{}
MTA NYCT_M1,2026-06-26T10:48:26.254-04:00,MTA NYCT_M1,1,MTA_M010105,M1,MTA NYCT,MTA_405284,MTA_404010,EAST VILLAGE 8 ST via 5 AV,2026-06-26,MTA NYCT_OF_B6-Weekday-SDon-064200_M7_203,MTA NYCT_9492,40.820353,-73.936389,233.7853,normalProgress,,,,MTA_400088,1,MALCOLM X BLVD/W 145 ST,{}
MTA NYCT_M1,2026-06-26T10:48:12.416-04:00,MTA NYCT_M1,0,MTA_M010114,M1,MTA NYCT,MTA_400080,MTA_803003,HARLEM 147 ST via MADISON AV,2026-06-26,MTA NYCT_OF_B6-Weekday-SDon-057600_M1_117,MTA NYCT_9576,40.795776,-73.947921,53.769604,normalProgress,,MTA NYCT_OF_B6-Weekday-SDon_E_OF_28080_M1-117,,MTA_400047,1,MADISON AV/E 109 ST,"{""Capacities"": {""EstimatedPassengerCount"": 17, ""EstimatedPassengerCapacity"": 80, ""EstimatedPassengerLoadFactor"": ""manySeatsAvailable""}}"
MTA NYCT_M1,2026-06-26T10:48:12.783-04:00,MTA NYCT_M1,0,MTA_M010114,M1,MTA NYCT,MTA_400080,MTA_803003,HARLEM 147 ST via MADISON AV,2026-06-26,MTA NYCT_OF_B6-Weekday-SDon-060700_M1_122,MTA NYCT_9491,40.767795,-73.968333,53.406807,normalProgress,,MTA NYCT_OF_B6-Weekday-SDon_E_OF_29640_M1-122,,MTA_404994,1,MADISON AV/E 66 ST,"{""Capacities"": {""EstimatedPassengerCount"": 14, ""EstimatedPassengerCapacity"": 80, ""EstimatedPassengerLoadFactor"": ""manySeatsAvailable""}}"
MTA NYCT_M1,2026-06-26T10:48:07.536-04:00,MTA NYCT_M1,0,MTA_M010113,M1,MTA NYCT,MTA_405527,MTA_803003,HARLEM 147 ST via MADISON AV,2026-06-26,MTA NYCT_OF_B6-Weekday-SDon-050600_M1_103,MTA NYCT_9480,40.821308,-73.936219,337.25784,noProgress,layover,MTA NYCT_OF_B6-Weekday-SDon_E_OF_17040_M1-103,,MTA_803003,1,146 ST/LENOX AV,{}
MTA NYCT_M1,2026-06-26T10:48:32.202-04:00,MTA NYCT_M1,0,MTA_M010113,M1,MTA NYCT,MTA_405527,MTA_803003,HARLEM 147 ST via MADISON AV,2026-06-26,MTA NYCT_OF_B6-Weekday-SDon-057500_M1_118,MTA NYCT_9494,40.812922,-73.937505,53.216686,normalProgress,,MTA NYCT_OF_B6-Weekday-SDon_E_OF_28260_M1-118,,MTA_400059,1,5 AV/E 135 ST,"{""Capacities"": {""EstimatedPassengerCount"": 2, ""EstimatedPassengerCapacity"": 80, ""EstimatedPassengerLoadFactor"": ""manySeatsAvailable""}}"
MTA NYCT_M1,2026-06-26T10:48:27.838-04:00,MTA NYCT_M1,1,MTA_M010105,M1,MTA NYCT,MTA_405284,MTA_404010,EAST VILLAGE 8 ST via 5 AV,2026-06-26,MTA NYCT_OF_B6-Weekday-SDon-058200_M1_126,MTA NYCT_9560,40.76021,-73.975971,233.1301,normalProgress,,MTA NYCT_OF_B6-Weekday-SDon_E_OF_23760_M1-109,,MTA_400514,1,5 AV/W 52 ST,"{""Capacities"": {""EstimatedPassengerCount"": 24, ""EstimatedPassengerCapacity"": 80, ""EstimatedPassengerLoadFactor"": ""manySeatsAvailable""}}"
MTA NYCT_M1,2026-06-26T10:48:15.622-04:00,MTA NYCT_M1,1,MTA_M010105,M1,MTA NYCT,MTA_405284,MTA_404010,EAST VILLAGE 8 ST via 5 AV,2026-06-26,MTA NYCT_OF_B6-Weekday-SDon-061800_M1_102,MTA NYCT_9574,40.791871,-73.952868,233.44753,normalProgress,,MTA NYCT_OF_B6-Weekday-SDon_E_OF_24900_M1-111,,MTA_400111,1,5 AV/E 102 ST,"{""Capacities"": {""EstimatedPassengerCount"": 8, ""EstimatedPassengerCapacity"": 80, ""EstimatedPassengerLoadFactor"": ""manySeatsAvailable""}}"
MTA NYCT_M1,2026-06-26T10:48:29.252-04:00,MTA NYCT_M1,1,MTA_M010104,M1,MTA NYCT,MTA_405284,MTA_404823,SOHO CENTRE ST via 5 AV/ via BROADWAY,2026-06-26,MTA NYCT_OF_B6-Weekday-SDon-063000_M7_210,MTA NYCT_9478,40.798283,-73.948191,232.05785,normalProgress,,MTA NYCT_OF_B6-Weekday-SDon_E_OF_18240_M1-104,,MTA_400105,1,5 AV/W 112 ST,"{""Capacities"": {""EstimatedPassengerCount"": 11, ""EstimatedPassengerCapacity"": 80, ""EstimatedPassengerLoadFactor"": ""manySeatsAvailable""}}"
MTA NYCT_M1,2026-06-26T10:48:22.000-04:00,MTA NYCT_M1,0,MTA_M010113,M1,MTA NYCT,MTA_405527,MTA_803003,HARLEM 147 ST via MADISON AV,2026-06-26,MTA NYCT_OF_B6-Weekday-SDon-064500_M7_206,MTA NYCT_9562,40.733382,-73.989876,82.40536,normalProgress,,MTA NYCT_OF_B6-Weekday-SDon_E_OF_21600_M1-108,,MTA_400003,1,4 AV/E 13 ST,{}
MTA NYCT_M1,2026-06-26T10:48:19.556-04:00,MTA NYCT_M1,0,MTA_M010113,M1,MTA NYCT,MTA_405527,MTA_803003,HARLEM 147 ST via MADISON AV,2026-06-26,MTA NYCT_OF_B6-Weekday-SDon-062300_M7_205,MTA NYCT_9573,40.757263,-73.97602,54.452595,normalProgress,,MTA NYCT_OF_B6-Weekday-SDon_E_OF_30780_M7-205,,MTA_400021,1,MADISON AV/E 50 ST,"{""Capacities"": {""EstimatedPassengerCount"": 17, ""EstimatedPassengerCapacity"": 80, ""EstimatedPassengerLoadFactor"": ""manySeatsAvailable""}}"
MTA NYCT_M1,2026-06-26T10:48:15.512-04:00,MTA NYCT_M1,1,MTA_M010104,M1,MTA NYCT,MTA_405284,MTA_404823,SOHO CENTRE ST via 5 AV/ via BROADWAY,2026-06-26,MTA NYCT_OF_B6-Weekday-SDon-057200_M1_125,MTA NYCT_9566,40.746844,-73.985719,233.58362,normalProgress,,MTA NYCT_OF_B6-Weekday-SDon_E_OF_15840_M1-102,,MTA_400325,1,5 AV/W 31 ST,"{""Capacities"": {""EstimatedPassengerCount"": 6, ""EstimatedPassengerCapacity"": 80, ""EstimatedPassengerLoadFactor"": ""manySeatsAvailable""}}"
MTA NYCT_M1,2026-06-26T10:48:18.000-04:00,MTA NYCT_M1,1,MTA_M010104,M1,MTA NYCT,MTA_405284,MTA_404823,SOHO CENTRE ST via 5 AV/ via BROADWAY,2026-06-26,MTA NYCT_OF_B6-Weekday-SDon-055200_M1_106,MTA NYCT_9493,40.719769,-73.998554,335.22485,normalProgress,,MTA NYCT_OF_B6-Weekday-SDon_E_OF_14220_M1-101,,MTA_404823,1,CENTRE ST/GRAND ST,"{""Capacities"": {""EstimatedPassengerCount"": 7, ""EstimatedPassengerCapacity"": 80, ""EstimatedPassengerLoadFactor"": ""manySeatsAvailable""}}"
MTA NYCT_M1,2026-06-26T10:48:26.490-04:00,MTA NYCT_M1,0,MTA_M010114,M1,MTA NYCT,MTA_400080,MTA_803003,HARLEM 147 ST via MADISON AV,2026-06-26,MTA NYCT_OF_B6-Weekday-SDon-058300_M1_119,MTA NYCT_9467,40.805076,-73.941142,40.601295,normalProgress,,MTA NYCT_OF_B6-Weekday-SDon_E_OF_28620_M1-119,,MTA_400054,1,MADISON AV/E 125 ST,"{""Capacities"": {""EstimatedPassengerCount"": 15, ""EstimatedPassengerCapacity"": 80, ""EstimatedPassengerLoadFactor"": ""manySeatsAvailable""}}"
MTA NYCT_M1,2026-06-26T10:48:15.777-04:00,MTA NYCT_M1,1,MTA_M010105,M1,MTA NYCT,MTA_405284,MTA_404010,EAST VILLAGE 8 ST via 5 AV,2026-06-26,MTA NYCT_OF_B6-Weekday-SDon-056200_M7_208,MTA NYCT_9484,40.733052,-73.995759,234.50948,normalProgress,,,,MTA_400335,1,E 8 ST/5 AV,"{""Capacities"": {""EstimatedPassengerCount"": 8, ""EstimatedPassengerCapacity"": 80, ""EstimatedPassengerLoadFactor"": ""manySeatsAvailable""}}"
MTA NYCT_M1,2026-06-26T10:48:08.765-04:00,MTA NYCT_M1,1,MTA_M010105,M1,MTA NYCT,MTA_405284,MTA_404010,EAST VILLAGE 8 ST via 5 AV,2026-06-26,MTA NYCT_OF_B6-Weekday-SDon-061800_M1_102,MTA NYCT_9470,40.790591,-73.953804,233.89586,normalProgress,,,,MTA_404081,1,5 AV/E 98 ST,"{""Capacities"": {""EstimatedPassengerCount"": 13, ""EstimatedPassengerCapacity"": 80, ""EstimatedPassengerLoadFactor"": ""manySeatsAvailable""}}"
MTA NYCT_M1,2026-06-26T10:48:14.807-04:00,MTA NYCT_M1,1,MTA_M010104,M1,MTA NYCT,MTA_405284,MTA_404823,SOHO CENTRE ST via 5 AV/ via BROADWAY,2026-06-26,MTA NYCT_OF_B6-Weekday-SDon-059400_M1_127,MTA NYCT_9471,40.768153,-73.97017,233.7616,normalProgress,,MTA NYCT_OF_B6-Weekday-SDon_E_OF_23940_M1-110,,MTA_400127,1,5 AV/E 63 ST,"{""Capacities"": {""EstimatedPassengerCount"": 14, ""EstimatedPassengerCapacity"": 80, ""EstimatedPassengerLoadFactor"": ""manySeatsAvailable""}}"
MTA NYCT_M1,2026-06-26T10:48:28.201-04:00,MTA NYCT_M1,0,MTA_M010114,M1,MTA NYCT,MTA_400080,MTA_803003,HARLEM 147 ST via MADISON AV,2026-06-26,MTA NYCT_OF_B6-Weekday-SDon-056200_M1_105,MTA NYCT_9488,40.818864,-73.937276,53.418663,normalProgress,,MTA NYCT_OF_B6-Weekday-SDon_E_OF_19140_M1-105,,MTA_400065,1,MALCOLM X BLVD/W 145 ST,"{""Capacities"": {""EstimatedPassengerCount"": 5, ""EstimatedPassengerCapacity"": 80, ""EstimatedPassengerLoadFactor"": ""manySeatsAvailable""}}"
MTA NYCT_M1,2026-06-26T10:48:33.562-04:00,MTA NYCT_M1,0,MTA_M010113,M1,MTA NYCT,MTA_405527,MTA_803003,HARLEM 147 ST via MADISON AV,2026-06-26,MTA NYCT_OF_B6-Weekday-SDon-060300_M1_120,MTA NYCT_9487,40.776949,-73.961661,53.753784,normalProgress,,MTA NYCT_OF_B6-Weekday-SDon_E_OF_20040_M1-106,,MTA_400034,1,MADISON AV/E 83 ST,"{""Capacities"": {""EstimatedPassengerCount"": 25, ""EstimatedPassengerCapacity"": 80, ""EstimatedPassengerLoadFactor"": ""manySeatsAvailable""}}"
MTA NYCT_M1,2026-06-26T10:48:20.000-04:00,MTA NYCT_M1,0,MTA_M010114,M1,MTA NYCT,MTA_400080,MTA_803003,HARLEM 147 ST via MADISON AV,2026-06-26,MTA NYCT_OF_B6-Weekday-SDon-062700_M1_123,MTA NYCT_9588,40.741695,-73.985972,157.44176,normalProgress,,MTA NYCT_OF_B6-Weekday-SDon_E_OF_30060_M1-123,,MTA_405380,1,MADISON AV/E 28 ST,"{""Capacities"": {""EstimatedPassengerCount"": 5, ""EstimatedPassengerCapacity"": 80, ""EstimatedPassengerLoadFactor"": ""manySeatsAvailable""}}"
MTABC_Q60,2026-06-26T10:48:13.498-04:00,MTABC_Q60,1,MTA_Q600296,Q60,MTABC,MTA_551688,MTA_981016,MIDTOWN EAST via QUEENS BL,2026-06-26,MTABC_45804657-JKPB6-JK_B6-Weekday-02-SDon,MTABC_9112,40.739307,-73.889526,169.3072,normalProgress,,MTABC_JKPB6-JK_B6-Weekday-02-SDon_8267450,,MTA_551705,1,QUEENS BLVD/74 ST,"{""Capacities"": {""EstimatedPassengerCount"": 19, ""EstimatedPassengerCapacity"": 80}}"
MTABC_Q60,2026-06-26T10:48:21.284-04:00,MTABC_Q60,0,MTA_Q600299,Q60,MTABC,MTA_450338,MTA_551687,SOUTH JAMAICA via QUEENS BL,2026-06-26,MTABC_45804812-JKPB6-JK_B6-Weekday-02-SDon,MTABC_9087,40.693571,-73.794612,306.72412,noProgress,layover,,,MTA_551687,1,157 ST/109 AV,{}
MTABC_Q60,2026-06-26T10:48:28.992-04:00,MTABC_Q60,0,MTA_Q600299,Q60,MTABC,MTA_450338,MTA_551687,SOUTH JAMAICA via QUEENS BL,2026-06-26,MTABC_45804812-JKPB6-JK_B6-Weekday-02-SDon,MTABC_9151,40.713853,-73.830054,336.51123,normalProgress,,MTABC_JKPB6-JK_B6-Weekday-02-SDon_8267328,,MTA_550378,1,QUEENS BLVD/80 RD,{}
MTABC_Q60,2026-06-26T10:48:33.571-04:00,MTABC_Q60,1,MTA_Q600297,Q60,MTABC,MTA_550031,MTA_981016,MIDTOWN EAST via QUEENS BL,2026-06-26,MTABC_45805015-JKPB6-JK_B6-Weekday-02-SDon,MTABC_9119,40.761017,-73.963289,158.75467,normalProgress,,MTABC_JKPB6-JK_B6-Weekday-02-SDon_8267503,,MTA_981016,1,E 60 ST/2 AV,"{""Capacities"": {""EstimatedPassengerCount"": 1, ""EstimatedPassengerCapacity"": 80}}"
MTABC_Q60,2026-06-26T10:48:30.330-04:00,MTABC_Q60,0,MTA_Q600299,Q60,MTABC,MTA_450338,MTA_551687,SOUTH JAMAICA via QUEENS BL,2026-06-26,MTABC_45804814-JKPB6-JK_B6-Weekday-02-SDon,MTABC_9026,40.719603,-73.840267,336.00732,normalProgress,,MTABC_JKPB6-JK_B6-Weekday-02-SDon_8267495,,MTA_551660,1,QUEENS BLVD/ASCAN AV,"{""Capacities"": {""EstimatedPassengerCount"": 15, ""EstimatedPassengerCapacity"": 80}}"
MTABC_Q60,2026-06-26T10:48:23.886-04:00,MTABC_Q60,0,MTA_Q600299,Q60,MTABC,MTA_450338,MTA_551687,SOUTH JAMAICA via QUEENS BL,2026-06-26,MTABC_45804820-JKPB6-JK_B6-Weekday-02-SDon,MTABC_9095,40.743125,-73.919353,353.46933,normalProgress,,MTABC_JKPB6-JK_B6-Weekday-02-SDon_8267330,,MTA_503300,1,QUEENS BLVD/46 ST,"{""Capacities"": {""EstimatedPassengerCount"": 13, ""EstimatedPassengerCapacity"": 80}}"
MTABC_Q60,2026-06-26T10:48:32.715-04:00,MTABC_Q60,1,MTA_Q600296,Q60,MTABC,MTA_551688,MTA_981016,MIDTOWN EAST via QUEENS BL,2026-06-26,MTABC_45804658-JKPB6-JK_B6-Weekday-02-SDon,MTABC_9099,40.734663,-73.873592,161.94537,normalProgress,,MTABC_JKPB6-JK_B6-Weekday-02-SDon_8267409,,MTA_551642,1,QUEENS BLVD/56 AV,"{""Capacities"": {""EstimatedPassengerCount"": 11, ""EstimatedPassengerCapacity"": 80}}"
MTABC_Q60,2026-06-26T10:48:29.495-04:00,MTABC_Q60,0,MTA_Q600299,Q60,MTABC,MTA_450338,MTA_551687,SOUTH JAMAICA via QUEENS BL,2026-06-26,MTABC_45804818-JKPB6-JK_B6-Weekday-02-SDon,MTABC_9057,40.739598,-73.893132,349.02017,normalProgress,,MTABC_JKPB6-JK_B6-Weekday-02-SDon_8267431,,MTA_551634,1,QUEENS BLVD/72 ST,{}
MTABC_Q60,2026-06-26T10:48:19.028-04:00,MTABC_Q60,1,MTA_Q600297,Q60,MTABC,MTA_550031,MTA_981016,MIDTOWN EAST via QUEENS BL,2026-06-26,MTABC_45805020-JKPB6-JK_B6-Weekday-02-SDon,MTABC_9107,40.708857,-73.818489,137.90382,normalProgress,,MTABC_JKPB6-JK_B6-Weekday-02-SDon_8267426,,MTA_551671,1,QUEENS BLVD/MAIN ST,"{""Capacities"": {""EstimatedPassengerCount"": 20, ""EstimatedPassengerCapacity"": 80}}"
MTABC_Q60,2026-06-26T10:48:16.000-04:00,MTABC_Q60,0,MTA_Q600298,Q60,MTABC,MTA_450338,MTA_550038,JAMAICA LIRR via QUEENS BL,2026-06-26,MTABC_45804815-JKPB6-JK_B6-Weekday-02-SDon,MTABC_9162,40.725399,-73.851067,317.06317,normalProgress,,MTABC_JKPB6-JK_B6-Weekday-02-SDon_8267493,,MTA_551654,1,QUEENS BLVD/68 DR,"{""Capacities"": {""EstimatedPassengerCount"": 9, ""EstimatedPassengerCapacity"": 80}}"
MTABC_Q60,2026-06-26T10:48:30.411-04:00,MTABC_Q60,1,MTA_Q600297,Q60,MTABC,MTA_550031,MTA_981016,MIDTOWN EAST via QUEENS BL,2026-06-26,MTABC_45805018-JKPB6-JK_B6-Weekday-02-SDon,MTABC_9344,40.737736,-73.881233,168.73442,normalProgress,,MTABC_JKPB6-JK_B6-Weekday-02-SDon_8267424,,MTA_551703,1,QUEENS BLVD/CORNISH AV,"{""Capacities"": {""EstimatedPassengerCount"": 8, ""EstimatedPassengerCapacity"": 80}}"
MTABC_Q60,2026-06-26T10:48:09.700-04:00,MTABC_Q60,0,MTA_Q600299,Q60,MTABC,MTA_450338,MTA_551687,SOUTH JAMAICA via QUEENS BL,2026-06-26,MTABC_45804816-JKPB6-JK_B6-Weekday-02-SDon,MTABC_9318,40.734165,-73.873369,343.84546,normalProgress,,MTABC_JKPB6-JK_B6-Weekday-02-SDon_8267329,,MTA_504400,1,QUEENS BLVD/WOODHAVEN BLVD,"{""Capacities"": {""EstimatedPassengerCount"": 31, ""EstimatedPassengerCapacity"": 80}}"
MTABC_Q60,2026-06-26T10:48:25.661-04:00,MTABC_Q60,1,MTA_Q600296,Q60,MTABC,MTA_551688,MTA_981016,MIDTOWN EAST via QUEENS BL,2026-06-26,MTABC_45804660-JKPB6-JK_B6-Weekday-02-SDon,MTABC_9335,40.696303,-73.804625,145.95065,normalProgress,,MTABC_JKPB6-JK_B6-Weekday-02-SDon_8267401,,MTA_550030,1,SUTPHIN BLVD/95 AV,"{""Capacities"": {""EstimatedPassengerCount"": 5, ""EstimatedPassengerCapacity"": 80}}"
MTABC_Q60,2026-06-26T10:48:36.602-04:00,MTABC_Q60,1,MTA_Q600297,Q60,MTABC,MTA_550031,MTA_981016,MIDTOWN EAST via QUEENS BL,2026-06-26,MTABC_45805019-JKPB6-JK_B6-Weekday-02-SDon,MTABC_9323,40.730116,-73.861666,159.63652,normalProgress,,MTABC_JKPB6-JK_B6-Weekday-02-SDon_8267408,,MTA_504403,1,QUEENS BLVD/62 DR,{}
MTABC_Q60,2026-06-26T10:48:10.562-04:00,MTABC_Q60,0,MTA_Q600298,Q60,MTABC,MTA_450338,MTA_550038,JAMAICA LIRR via QUEENS BL,2026-06-26,MTABC_45804817-JKPB6-JK_B6-Weekday-02-SDon,MTABC_9064,40.739996,-73.895245,349.71384,normalProgress,,MTABC_JKPB6-JK_B6-Weekday-02-SDon_8267494,,MTA_551634,1,QUEENS BLVD/72 ST,"{""Capacities"": {""EstimatedPassengerCount"": 22, ""EstimatedPassengerCapacity"": 80}}"
MTABC_Q60,2026-06-26T10:48:30.149-04:00,MTABC_Q60,1,MTA_Q600297,Q60,MTABC,MTA_550031,MTA_981016,MIDTOWN EAST via QUEENS BL,2026-06-26,MTABC_45805016-JKPB6-JK_B6-Weekday-02-SDon,MTABC_9153,40.74353,-73.920249,174.78506,normalProgress,,MTABC_JKPB6-JK_B6-Weekday-02-SDon_8267505,,MTA_503333,1,QUEENS BLVD/41 ST,"{""Capacities"": {""EstimatedPassengerCount"": 7, ""EstimatedPassengerCapacity"": 80}}"
MTABC_Q60,2026-06-26T10:48:13.310-04:00,MTABC_Q60,1,MTA_Q600296,Q60,MTABC,MTA_551688,MTA_981016,MIDTOWN EAST via QUEENS BL,2026-06-26,MTABC_45804661-JKPB6-JK_B6-Weekday-02-SDon,MTABC_9174,40.693013,-73.794815,202.90253,noProgress,layover,MTABC_JKPB6-JK_B6-Weekday-02-SDon_8267414,,MTA_550024,1,SUTPHIN BLVD/109 AV,{}
MTABC_Q60,2026-06-26T10:48:29.503-04:00,MTABC_Q60,1,MTA_Q600297,Q60,MTABC,MTA_550031,MTA_981016,MIDTOWN EAST via QUEENS BL,2026-06-26,MTABC_45805017-JKPB6-JK_B6-Weekday-02-SDon,MTABC_9132,40.73853,-73.885397,169.3531,normalProgress,,MTABC_JKPB6-JK_B6-Weekday-02-SDon_8267491,,MTA_551705,1,QUEENS BLVD/74 ST,"{""Capacities"": {""EstimatedPassengerCount"": 21, ""EstimatedPassengerCapacity"": 80}}"
MTABC_Q60,2026-06-26T10:48:13.692-04:00,MTABC_Q60,1,MTA_Q600296,Q60,MTABC,MTA_551688,MTA_981016,MIDTOWN EAST via QUEENS BL,2026-06-26,MTABC_45804651-JKPB6-JK_B6-Weekday-02-SDon,MTABC_9184,40.746399,-73.934682,135.33902,normalProgress,,MTABC_JKPB6-JK_B6-Weekday-02-SDon_8267338,,MTA_701084,1,QUEENS BLVD/NORTHERN BLVD,"{""Capacities"": {""EstimatedPassengerCount"": 15, ""EstimatedPassengerCapacity"": 80}}"
MTABC_Q60,2026-06-26T10:48:36.715-04:00,MTABC_Q60,0,MTA_Q600298,Q60,MTABC,MTA_450338,MTA_550038,JAMAICA LIRR via QUEENS BL,2026-06-26,MTABC_45804807-JKPB6-JK_B6-Weekday-02-SDon,MTABC_9175,40.700827,-73.806786,12.582962,noProgress,layover,MTABC_JKPB6-JK_B6-Weekday-02-SDon_8267415,,MTA_550031,1,SUTPHIN BLVD/ARCHER AV,{}
MTABC_Q60,2026-06-26T10:48:11.325-04:00,MTABC_Q60,1,MTA_Q600296,Q60,MTABC,MTA_551688,MTA_981016,MIDTOWN EAST via QUEENS BL,2026-06-26,MTABC_45804650-JKPB6-JK_B6-Weekday-02-SDon,MTABC_9079,40.754453,-73.948651,156.65166,normalProgress,,MTABC_JKPB6-JK_B6-Weekday-02-SDon_8267406,,MTA_981016,1,E 60 ST/2 AV,"{""Capacities"": {""EstimatedPassengerCount"": 19, ""EstimatedPassengerCapacity"": 80}}"
MTA NYCT_B46+,2026-06-26T10:48:07.000-04:00,MTA NYCT_B46+,1,MTA_SBS460042,B46-SBS,MTA NYCT,MTA_303663,MTA_901093,SELECT BUS KINGS PLAZA via UTICA,2026-06-26,MTA NYCT_FB_B6-Weekday-SDon-063600_SBS46_721,MTA NYCT_6032,40.663744,-73.931594,265.52994,normalProgress,,MTA NYCT_FB_B6-Weekday-SDon_E_FB_22620_SBS46-711,,MTA_306304,1,UTICA AV/EMPIRE BLVD,"{""Capacities"": {""EstimatedPassengerCount"": 25, ""EstimatedPassengerCapacity"": 80}}"
MTA NYCT_B46+,2026-06-26T10:48:16.000-04:00,MTA NYCT_B46+,0,MTA_SBS460050,B46-SBS,MTA NYCT,MTA_307920,MTA_303630,SELECT BUS DEKALB AV via UTICA,2026-06-26,MTA NYCT_FB_B6-Weekday-SDon-061000_SBS46_718,MTA NYCT_5488,40.693564,-73.931176,101.88287,normalProgress,,MTA NYCT_FB_B6-Weekday-SDon_E_FB_24360_SBS46-718,,MTA_303630,1,MALCOLM X BLVD/DE KALB AV,{}
MTA NYCT_B46+,2026-06-26T10:48:20.747-04:00,MTA NYCT_B46+,1,MTA_SBS460042,B46-SBS,MTA NYCT,MTA_303663,MTA_901093,SELECT BUS KINGS PLAZA via UTICA,2026-06-26,MTA NYCT_FB_B6-Weekday-SDon-060600_SBS46_705,MTA NYCT_6143,40.608965,-73.921393,138.08875,noProgress,layover,MTA NYCT_FB_B6-Weekday-SDon_E_FB_20760_SBS46-705,,MTA_901093,1,KINGS PLAZA,{}
MTA NYCT_B46+,2026-06-26T10:48:33.000-04:00,MTA NYCT_B46+,1,MTA_SBS460042,B46-SBS,MTA NYCT,MTA_303663,MTA_901093,SELECT BUS KINGS PLAZA via UTICA,2026-06-26,MTA NYCT_FB_B6-Weekday-SDon-059900_SBS46_704,MTA NYCT_6181,40.608869,-73.921285,138.08875,noProgress,layover,MTA NYCT_FB_B6-Weekday-SDon_E_FB_20280_SBS46-704,,MTA_901093,1,KINGS PLAZA,"{""Capacities"": {""EstimatedPassengerCount"": 1, ""EstimatedPassengerCapacity"": 80}}"
MTA NYCT_B46+,2026-06-26T10:48:29.000-04:00,MTA NYCT_B46+,0,MTA_SBS460050,B46-SBS,MTA NYCT,MTA_307920,MTA_303630,SELECT BUS DEKALB AV via UTICA,2026-06-26,MTA NYCT_FB_B6-Weekday-SDon-062600_SBS46_711,MTA NYCT_6052,40.657079,-73.930961,96.132225,normalProgress,,MTA NYCT_FB_B6-Weekday-SDon_E_FB_37200_SBS46-711,,MTA_303612,1,UTICA AV/WINTHROP ST,"{""Capacities"": {""EstimatedPassengerCount"": 20, ""EstimatedPassengerCapacity"": 80}}"
MTA NYCT_B46+,2026-06-26T10:48:10.445-04:00,MTA NYCT_B46+,0,MTA_SBS460050,B46-SBS,MTA NYCT,MTA_307920,MTA_303630,SELECT BUS DEKALB AV via UTICA,2026-06-26,MTA NYCT_FB_B6-Weekday-SDon-064200_SBS46_727,MTA NYCT_6173,40.629522,-73.928009,96.31343,normalProgress,,MTA NYCT_FB_B6-Weekday-SDon_E_FB_38160_SBS46-727,,MTA_801094,1,UTICA AV/AVENUE H,"{""Capacities"": {""EstimatedPassengerCount"": 6, ""EstimatedPassengerCapacity"": 80}}"
MTA NYCT_B46+,2026-06-26T10:48:18.000-04:00,MTA NYCT_B46+,1,MTA_SBS460042,B46-SBS,MTA NYCT,MTA_303663,MTA_901093,SELECT BUS KINGS PLAZA via UTICA,2026-06-26,MTA NYCT_FB_B6-Weekday-SDon-062900_SBS46_709,MTA NYCT_6176,40.6547,-73.930708,275.67303,normalProgress,,MTA NYCT_FB_B6-Weekday-SDon_E_FB_22020_SBS46-709,,MTA_303687,1,UTICA AV/CHURCH AV,"{""Capacities"": {""EstimatedPassengerCount"": 21, ""EstimatedPassengerCapacity"": 80}}"
MTA NYCT_B46+,2026-06-26T10:48:29.000-04:00,MTA NYCT_B46+,1,MTA_SBS460042,B46-SBS,MTA NYCT,MTA_303663,MTA_901093,SELECT BUS KINGS PLAZA via UTICA,2026-06-26,MTA NYCT_FB_B6-Weekday-SDon-061400_SBS46_706,MTA NYCT_6124,40.631348,-73.928213,276.39005,normalProgress,,MTA NYCT_FB_B6-Weekday-SDon_E_FB_21120_SBS46-706,,MTA_303699,1,UTICA AV/FLATLANDS AV,"{""Capacities"": {""EstimatedPassengerCount"": 29, ""EstimatedPassengerCapacity"": 80}}"
MTA NYCT_B46+,2026-06-26T10:48:17.000-04:00,MTA NYCT_B46+,1,MTA_SBS460042,B46-SBS,MTA NYCT,MTA_303663,MTA_901093,SELECT BUS KINGS PLAZA via UTICA,2026-06-26,MTA NYCT_FB_B6-Weekday-SDon-064400_SBS46_717,MTA NYCT_6136,40.688887,-73.930258,281.05045,normalProgress,,MTA NYCT_FB_B6-Weekday-SDon_E_FB_23040_SBS46-712,,MTA_307728,1,MALCOLM X BLVD/HALSEY ST,{}
MTA NYCT_B46+,2026-06-26T10:48:30.000-04:00,MTA NYCT_B46+,0,MTA_SBS460050,B46-SBS,MTA NYCT,MTA_307920,MTA_303630,SELECT BUS DEKALB AV via UTICA,2026-06-26,MTA NYCT_FB_B6-Weekday-SDon-061800_SBS46_719,MTA NYCT_6147,40.672332,-73.930781,84.16051,normalProgress,,MTA NYCT_FB_B6-Weekday-SDon_E_FB_18840_SBS46-701,,MTA_307092,1,UTICA AV/FULTON ST,"{""Capacities"": {""EstimatedPassengerCount"": 41, ""EstimatedPassengerCapacity"": 80}}"
MTA NYCT_B46+,2026-06-26T10:48:19.000-04:00,MTA NYCT_B46+,0,MTA_SBS460050,B46-SBS,MTA NYCT,MTA_307920,MTA_303630,SELECT BUS DEKALB AV via UTICA,2026-06-26,MTA NYCT_FB_B6-Weekday-SDon-064200_SBS46_727,MTA NYCT_6142,40.634221,-73.928532,95.44033,normalProgress,,,,MTA_303603,1,UTICA AV/AVENUE D,{}
MTA NYCT_B46+,2026-06-26T10:48:37.000-04:00,MTA NYCT_B46+,1,MTA_SBS460042,B46-SBS,MTA NYCT,MTA_303663,MTA_901093,SELECT BUS KINGS PLAZA via UTICA,2026-06-26,MTA NYCT_FB_B6-Weekday-SDon-062100_SBS46_708,MTA NYCT_6145,40.649451,-73.930139,276.20984,normalProgress,,MTA NYCT_FB_B6-Weekday-SDon_E_FB_21720_SBS46-708,,MTA_303692,1,UTICA AV/AVENUE D,"{""Capacities"": {""EstimatedPassengerCount"": 21, ""EstimatedPassengerCapacity"": 80}}"
MTA NYCT_Q44+,2026-06-26T10:48:16.000-04:00,MTA NYCT_Q44+,0,MTA_SBS440548,Q44-SBS,MTA NYCT,MTA_503964,MTA_103996,SELECT BUS BRONX ZOO via MAIN ST,2026-06-26,MTA NYCT_CS_B6-Weekday-SDon-055400_SBS44_921,MTA NYCT_5991,40.842369,-73.877167,162.5907,normalProgress,,MTA NYCT_CS_B6-Weekday-SDon_E_CS_18900_SBS44-921,,MTA_103996,1,E 180 ST/DEVOE AV,{}
MTA NYCT_Q44+,2026-06-26T10:48:23.000-04:00,MTA NYCT_Q44+,1,MTA_SBS440534,Q44-SBS,MTA NYCT,MTA_100646,MTA_804061,SELECT BUS JAMAICA via MAIN ST,2026-06-26,MTA NYCT_CS_B6-Weekday-SDon-053900_SBS44_936,MTA NYCT_6083,40.704962,-73.793259,309.80557,noProgress,layover,MTA NYCT_CS_B6-Weekday-SDon_E_CS_23520_SBS44-936,,MTA_503964,1,MERRICK BLVD/ARCHER AV,{}
MTA NYCT_Q44+,2026-06-26T10:48:13.000-04:00,MTA NYCT_Q44+,0,MTA_SBS440548,Q44-SBS,MTA NYCT,MTA_503964,MTA_103996,SELECT BUS BRONX ZOO via MAIN ST,2026-06-26,MTA NYCT_CS_B6-Weekday-SDon-058600_SBS44_927,MTA NYCT_6006,40.786696,-73.822266,112.606865,normalProgress,,MTA NYCT_CS_B6-Weekday-SDon_E_CS_20580_SBS44-927,,MTA_503290,1,PARSONS BLVD/14 AV,{}
MTA NYCT_Q44+,2026-06-26T10:48:12.000-04:00,MTA NYCT_Q44+,1,MTA_SBS440534,Q44-SBS,MTA NYCT,MTA_100646,MTA_804061,SELECT BUS JAMAICA via MAIN ST,2026-06-26,MTA NYCT_CS_B6-Weekday-SDon-061100_SBS44_912,MTA NYCT_6023,40.770339,-73.826569,270.0,normalProgress,,,,MTA_501138,1,UNION ST/31 RD,"{""Capacities"": {""EstimatedPassengerCount"": 43, ""EstimatedPassengerCapacity"": 80, ""EstimatedPassengerLoadFactor"": ""fewSeatsAvailable""}}"
MTA NYCT_Q44+,2026-06-26T10:47:26.000-04:00,MTA NYCT_Q44+,0,MTA_SBS440548,Q44-SBS,MTA NYCT,MTA_503964,MTA_103996,SELECT BUS BRONX ZOO via MAIN ST,2026-06-26,MTA NYCT_CS_B6-Weekday-SDon-061800_SBS44_938,MTA NYCT_6011,40.733703,-73.825243,98.972626,normalProgress,,MTA NYCT_CS_B6-Weekday-SDon_E_CS_22020_SBS44-932,,MTA_502169,1,MAIN ST/MELBOURNE AV,{}
MTA NYCT_Q44+,2026-06-26T10:48:28.000-04:00,MTA NYCT_Q44+,0,MTA_SBS440548,Q44-SBS,MTA NYCT,MTA_503964,MTA_103996,SELECT BUS BRONX ZOO via MAIN ST,2026-06-26,MTA NYCT_CS_B6-Weekday-SDon-059400_SBS44_918,MTA NYCT_6005,40.786387,-73.822137,112.606865,normalProgress,,MTA NYCT_CS_B6-Weekday-SDon_E_CS_20940_SBS44-906,,MTA_503290,1,PARSONS BLVD/14 AV,{}
MTA NYCT_Q44+,2026-06-26T10:48:13.000-04:00,MTA NYCT_Q44+,1,MTA_SBS440534,Q44-SBS,MTA NYCT,MTA_100646,MTA_804061,SELECT BUS JAMAICA via MAIN ST,2026-06-26,MTA NYCT_CS_B6-Weekday-SDon-059500_SBS44_923,MTA NYCT_5988,40.758246,-73.829489,294.62357,normalProgress,,MTA NYCT_CS_B6-Weekday-SDon_E_CS_19680_SBS44-923,,MTA_502257,1,MAIN ST/41 AV,"{""Capacities"": {""EstimatedPassengerCount"": 36, ""EstimatedPassengerCapacity"": 80, ""EstimatedPassengerLoadFactor"": ""fewSeatsAvailable""}}"
MTA NYCT_Q44+,2026-06-26T10:48:14.000-04:00,MTA NYCT_Q44+,0,MTA_SBS440548,Q44-SBS,MTA NYCT,MTA_503964,MTA_103996,SELECT BUS BRONX ZOO via MAIN ST,2026-06-26,MTA NYCT_CS_B6-Weekday-SDon-060200_SBS44_930,MTA NYCT_5993,40.760009,-73.830351,115.42687,normalProgress,,MTA NYCT_CS_B6-Weekday-SDon_E_CS_21300_SBS44-930,,MTA_501090,1,MAIN ST/38 AV,{}
MTA NYCT_Q44+,2026-06-26T10:48:25.000-04:00,MTA NYCT_Q44+,1,MTA_SBS440534,Q44-SBS,MTA NYCT,MTA_100646,MTA_804061,SELECT BUS JAMAICA via MAIN ST,2026-06-26,MTA NYCT_CS_B6-Weekday-SDon-057900_SBS44_943,MTA NYCT_6013,40.709376,-73.81965,332.65012,normalProgress,,MTA NYCT_CS_B6-Weekday-SDon_E_CS_15300_SBS44-914,,MTA_505009,1,QUEENS BLVD/MAIN ST,{}
MTA NYCT_Q44+,2026-06-26T10:48:17.000-04:00,MTA NYCT_Q44+,0,MTA_SBS440548,Q44-SBS,MTA NYCT,MTA_503964,MTA_103996,SELECT BUS BRONX ZOO via MAIN ST,2026-06-26,MTA NYCT_CS_B6-Weekday-SDon-056200_SBS44_907,MTA NYCT_6042,40.83331,-73.859992,183.94519,normalProgress,,MTA NYCT_CS_B6-Weekday-SDon_E_CS_22860_SBS44-907,,MTA_104068,1,HUGH J GRANT CIR/CROSS BRONX SERVICE RD,"{""Capacities"": {""EstimatedPassengerCount"": 30, ""EstimatedPassengerCapacity"": 80, ""EstimatedPassengerLoadFactor"": ""fewSeatsAvailable""}}"
MTA NYCT_Q44+,2026-06-26T10:48:31.000-04:00,MTA NYCT_Q44+,1,MTA_SBS440534,Q44-SBS,MTA NYCT,MTA_100646,MTA_804061,SELECT BUS JAMAICA via MAIN ST,2026-06-26,MTA NYCT_CS_B6-Weekday-SDon-061900_SBS44_928,MTA NYCT_5990,40.786763,-73.823855,1.5074358,normalProgress,,MTA NYCT_CS_B6-Weekday-SDon_E_CS_20700_SBS44-928,,MTA_502434,1,PARSONS BLVD/14 AV,"{""Capacities"": {""EstimatedPassengerCount"": 23, ""EstimatedPassengerCapacity"": 80, ""EstimatedPassengerLoadFactor"": ""manySeatsAvailable""}}"
MTA NYCT_Q44+,2026-06-26T10:48:37.151-04:00,MTA NYCT_Q44+,0,MTA_SBS440548,Q44-SBS,MTA NYCT,MTA_503964,MTA_103996,SELECT BUS BRONX ZOO via MAIN ST,2026-06-26,MTA NYCT_CS_B6-Weekday-SDon-061000_SBS44_931,MTA NYCT_6000,40.758518,-73.829621,119.0546,normalProgress,,MTA NYCT_CS_B6-Weekday-SDon_E_CS_21660_SBS44-931,,MTA_501090,1,MAIN ST/38 AV,{}
MTA NYCT_Q44+,2026-06-26T10:48:22.000-04:00,MTA NYCT_Q44+,1,MTA_SBS440534,Q44-SBS,MTA NYCT,MTA_100646,MTA_804061,SELECT BUS JAMAICA via MAIN ST,2026-06-26,MTA NYCT_CS_B6-Weekday-SDon-060300_SBS44_925,MTA NYCT_6004,40.762947,-73.831962,294.90475,normalProgress,,MTA NYCT_CS_B6-Weekday-SDon_E_CS_20220_SBS44-925,,MTA_505225,1,MAIN ST/39 AV,"{""Capacities"": {""EstimatedPassengerCount"": 36, ""EstimatedPassengerCapacity"": 80, ""EstimatedPassengerLoadFactor"": ""fewSeatsAvailable""}}"
MTA NYCT_Q44+,2026-06-26T10:48:26.000-04:00,MTA NYCT_Q44+,1,MTA_SBS440534,Q44-SBS,MTA NYCT,MTA_100646,MTA_804061,SELECT BUS JAMAICA via MAIN ST,2026-06-26,MTA NYCT_CS_B6-Weekday-SDon-058700_SBS44_944,MTA NYCT_6018,40.737501,-73.825074,264.5309,normalProgress,,MTA NYCT_CS_B6-Weekday-SDon_E_CS_15900_SBS44-915,,MTA_502271,1,MAIN ST/MELBOURNE AV,"{""Capacities"": {""EstimatedPassengerCount"": 46, ""EstimatedPassengerCapacity"": 80, ""EstimatedPassengerLoadFactor"": ""fewSeatsAvailable""}}"
MTA NYCT_Q44+,2026-06-26T10:48:15.000-04:00,MTA NYCT_Q44+,1,MTA_SBS440534,Q44-SBS,MTA NYCT,MTA_100646,MTA_804061,SELECT BUS JAMAICA via MAIN ST,2026-06-26,MTA NYCT_CS_B6-Weekday-SDon-063500_SBS44_942,MTA NYCT_6010,40.832884,-73.861553,279.4623,normalProgress,,MTA NYCT_CS_B6-Weekday-SDon_E_CS_17940_SBS44-918,,MTA_104378,1,CROSS BRONX EXPWY SERVICE RD/PUGLEY AV,"{""Capacities"": {""EstimatedPassengerCount"": 25, ""EstimatedPassengerCapacity"": 80, ""EstimatedPassengerLoadFactor"": ""manySeatsAvailable""}}"
MTA NYCT_Q44+,2026-06-26T10:48:35.000-04:00,MTA NYCT_Q44+,1,MTA_SBS440534,Q44-SBS,MTA NYCT,MTA_100646,MTA_804061,SELECT BUS JAMAICA via MAIN ST,2026-06-26,MTA NYCT_CS_B6-Weekday-SDon-055500_SBS44_940,MTA NYCT_5997,40.700835,-73.806561,9.462322,normalProgress,,MTA NYCT_CS_B6-Weekday-SDon_E_CS_24480_SBS44-940,,MTA_504981,1,ARCHER AV/158 ST,"{""Capacities"": {""EstimatedPassengerCount"": 35, ""EstimatedPassengerCapacity"": 80, ""EstimatedPassengerLoadFactor"": ""fewSeatsAvailable""}}"
MTA NYCT_Q44+,2026-06-26T10:48:09.000-04:00,MTA NYCT_Q44+,1,MTA_SBS440534,Q44-SBS,MTA NYCT,MTA_100646,MTA_804061,SELECT BUS JAMAICA via MAIN ST,2026-06-26,MTA NYCT_CS_B6-Weekday-SDon-056300_SBS44_910,MTA NYCT_6022,40.705273,-73.809459,296.45633,normalProgress,,MTA NYCT_CS_B6-Weekday-SDon_E_CS_14100_SBS44-912,,MTA_502139,1,SUTPHIN BLVD/JAMAICA AV,{}
MTA NYCT_Q44+,2026-06-26T10:48:35.000-04:00,MTA NYCT_Q44+,0,MTA_SBS440548,Q44-SBS,MTA NYCT,MTA_503964,MTA_103996,SELECT BUS BRONX ZOO via MAIN ST,2026-06-26,MTA NYCT_CS_B6-Weekday-SDon-064200_SBS44_935,MTA NYCT_6016,40.701744,-73.802879,193.24797,normalProgress,,MTA NYCT_CS_B6-Weekday-SDon_E_CS_23220_SBS44-935,,MTA_504980,1,ARCHER AV/SUTPHIN BLVD,{}
MTA NYCT_Q44+,2026-06-26T10:48:17.000-04:00,MTA NYCT_Q44+,1,MTA_SBS440534,Q44-SBS,MTA NYCT,MTA_100646,MTA_804061,SELECT BUS JAMAICA via MAIN ST,2026-06-26,MTA NYCT_CS_B6-Weekday-SDon-065100_SBS44_933,MTA NYCT_4747,40.842215,-73.878399,239.13655,noProgress,layover,MTA NYCT_CS_B6-Weekday-SDon_E_CS_22380_SBS44-933,,MTA_104003,1,EAST TREMONT AV/E 177 ST,{}
MTA NYCT_Q44+,2026-06-26T10:48:17.000-04:00,MTA NYCT_Q44+,0,MTA_SBS440548,Q44-SBS,MTA NYCT,MTA_503964,MTA_103996,SELECT BUS BRONX ZOO via MAIN ST,2026-06-26,MTA NYCT_CS_B6-Weekday-SDon-057000_SBS44_924,MTA NYCT_6007,40.828928,-73.844566,179.3583,normalProgress,,MTA NYCT_CS_B6-Weekday-SDon_E_CS_19860_SBS44-924,,MTA_103995,1,CROSS BRONX EXPWY SERVICE RD/HAVILAND AV,{}
MTA NYCT_Q44+,2026-06-26T10:48:13.000-04:00,MTA NYCT_Q44+,1,MTA_SBS440534,Q44-SBS,MTA NYCT,MTA_100646,MTA_804061,SELECT BUS JAMAICA via MAIN ST,2026-06-26,MTA NYCT_CS_B6-Weekday-SDon-064300_SBS44_945,MTA NYCT_6020,40.837232,-73.874678,321.70984,normalProgress,,MTA NYCT_CS_B6-Weekday-SDon_E_CS_18420_SBS44-920,,MTA_103383,1,CROSS BRONX EXPWY/ROSEDALE AV,"{""Capacities"": {""EstimatedPassengerCount"": 9, ""EstimatedPassengerCapacity"": 80, ""EstimatedPassengerLoadFactor"": ""manySeatsAvailable""}}"
MTA NYCT_Q44+,2026-06-26T10:48:15.000-04:00,MTA NYCT_Q44+,0,MTA_SBS440548,Q44-SBS,MTA NYCT,MTA_503964,MTA_103996,SELECT BUS BRONX ZOO via MAIN ST,2026-06-26,MTA NYCT_CS_B6-Weekday-SDon-057800_SBS44_926,MTA NYCT_6026,40.824828,-73.837199,188.88066,normalProgress,,MTA NYCT_CS_B6-Weekday-SDon_E_CS_20220_SBS44-926,,MTA_103374,1,BRUSH AV/BRUCKNER BLVD,"{""Capacities"": {""EstimatedPassengerCount"": 30, ""EstimatedPassengerCapacity"": 80, ""EstimatedPassengerLoadFactor"": ""fewSeatsAvailable""}}"
MTA NYCT_Q44+,2026-06-26T10:48:25.000-04:00,MTA NYCT_Q44+,0,MTA_SBS440548,Q44-SBS,MTA NYCT,MTA_503964,MTA_103996,SELECT BUS BRONX ZOO via MAIN ST,2026-06-26,MTA NYCT_CS_B6-Weekday-SDon-063400_SBS44_911,MTA NYCT_5995,40.704272,-73.814796,194.53445,normalProgress,,MTA NYCT_CS_B6-Weekday-SDon_E_CS_22920_SBS44-934,,MTA_505033,1,MAIN ST/MANTON ST,"{""Capacities"": {""EstimatedPassengerCount"": 21, ""EstimatedPassengerCapacity"": 80, ""EstimatedPassengerLoadFactor"": ""manySeatsAvailable""}}"
MTA NYCT_Q44+,2026-06-26T10:48:21.000-04:00,MTA NYCT_Q44+,0,MTA_SBS440548,Q44-SBS,MTA NYCT,MTA_503964,MTA_103996,SELECT BUS BRONX ZOO via MAIN ST,2026-06-26,MTA NYCT_CS_B6-Weekday-SDon-062600_SBS44_941,MTA NYCT_5999,40.718108,-73.817308,117.279655,normalProgress,,MTA NYCT_CS_B6-Weekday-SDon_E_CS_12000_SBS44-910,,MTA_502163,1,MAIN ST/73 AV,{}
MTA NYCT_Q44+,2026-06-26T10:48:35.000-04:00,MTA NYCT_Q44+,1,MTA_SBS440534,Q44-SBS,MTA NYCT,MTA_100646,MTA_804061,SELECT BUS JAMAICA via MAIN ST,2026-06-26,MTA NYCT_CS_B6-Weekday-SDon-062700_SBS44_914,MTA NYCT_5992,40.816259,-73.836568,265.00626,normalProgress,,MTA NYCT_CS_B6-Weekday-SDon_E_CS_11520_SBS44-909,,MTA_502434,1,PARSONS BLVD/14 AV,"{""Capacities"": {""EstimatedPassengerCount"": 6, ""EstimatedPassengerCapacity"": 80, ""EstimatedPassengerLoadFactor"": ""manySeatsAvailable""}}"
MTA NYCT_S79+,2026-06-26T10:48:27.000-04:00,MTA NYCT_S79+,1,MTA_SBS790388,S79-SBS,MTA NYCT,MTA_901226,MTA_805190,SELECT BUS SI MALL via HYLAN,2026-06-26,MTA NYCT_YU_B6-Weekday-SDon-062200_SBS79_516,MTA NYCT_8575,40.563689,-74.116679,225.60129,normalProgress,,MTA NYCT_YU_B6-Weekday-SDon_E_YU_32340_SBS79-516,,MTA_201126,1,HYLAN BLVD/TYSENS LN,"{""Capacities"": {""EstimatedPassengerCount"": 24, ""EstimatedPassengerCapacity"": 80, ""EstimatedPassengerLoadFactor"": ""manySeatsAvailable""}}"
MTA NYCT_S79+,2026-06-26T10:48:24.745-04:00,MTA NYCT_S79+,0,MTA_SBS790387,S79-SBS,MTA NYCT,MTA_805189,MTA_901225,SELECT BUS BAY RIDGE 86 ST STATION,2026-06-26,MTA NYCT_YU_B6-Weekday-SDon-058900_SBS79_525,MTA NYCT_8940,40.603504,-74.06895,340.74426,normalProgress,,MTA NYCT_YU_B6-Weekday-SDon_E_YU_25920_SBS79-525,,MTA_203344,1,NARROWS RD SOUTH/FINGERBOARD RD,"{""Capacities"": {""EstimatedPassengerCount"": 59, ""EstimatedPassengerCapacity"": 80, ""EstimatedPassengerLoadFactor"": ""fewSeatsAvailable""}}"
MTA NYCT_S79+,2026-06-26T10:48:12.000-04:00,MTA NYCT_S79+,0,MTA_SBS790387,S79-SBS,MTA NYCT,MTA_805189,MTA_901225,SELECT BUS BAY RIDGE 86 ST STATION,2026-06-26,MTA NYCT_YU_B6-Weekday-SDon-057300_SBS79_527,MTA NYCT_8597,40.622438,-74.028503,66.454636,normalProgress,,MTA NYCT_YU_B6-Weekday-SDon_E_YU_33900_SBS79-527,,MTA_901225,1,4 AV/86 ST,"{""Capacities"": {""EstimatedPassengerCount"": 31, ""EstimatedPassengerCapacity"": 80, ""EstimatedPassengerLoadFactor"": ""fewSeatsAvailable""}}"
MTA NYCT_S79+,2026-06-26T10:48:35.000-04:00,MTA NYCT_S79+,1,MTA_SBS790388,S79-SBS,MTA NYCT,MTA_901226,MTA_805190,SELECT BUS SI MALL via HYLAN,2026-06-26,MTA NYCT_YU_B6-Weekday-SDon-061200_SBS79_522,MTA NYCT_8579,40.534284,-74.153977,228.01279,normalProgress,,MTA NYCT_YU_B6-Weekday-SDon_E_YU_22860_SBS79-522,,MTA_200371,1,RICHMOND AV/HYLAN BLVD,"{""Capacities"": {""EstimatedPassengerCount"": 20, ""EstimatedPassengerCapacity"": 80, ""EstimatedPassengerLoadFactor"": ""manySeatsAvailable""}}"
MTA NYCT_S79+,2026-06-26T10:48:09.000-04:00,MTA NYCT_S79+,1,MTA_SBS790388,S79-SBS,MTA NYCT,MTA_901226,MTA_805190,SELECT BUS SI MALL via HYLAN,2026-06-26,MTA NYCT_YU_B6-Weekday-SDon-053600_SBS79_512,MTA NYCT_8603,40.583979,-74.161456,340.70996,normalProgress,,MTA NYCT_YU_B6-Weekday-SDon_E_YU_19500_SBS79-512,,MTA_805190,1,MARSH AV/RING RD,{}
MTA NYCT_S79+,2026-06-26T10:48:17.000-04:00,MTA NYCT_S79+,0,MTA_SBS790387,S79-SBS,MTA NYCT,MTA_805189,MTA_901225,SELECT BUS BAY RIDGE 86 ST STATION,2026-06-26,MTA NYCT_YU_B6-Weekday-SDon-064300_SBS79_511,MTA NYCT_8585,40.578808,-74.169695,263.19095,normalProgress,,MTA NYCT_YU_B6-Weekday-SDon_E_YU_38100_SBS79-511,,MTA_203078,1,RICHMOND AV/YUKON AV,{}
MTA NYCT_S79+,2026-06-26T10:48:22.000-04:00,MTA NYCT_S79+,0,MTA_SBS790387,S79-SBS,MTA NYCT,MTA_805189,MTA_901225,SELECT BUS BAY RIDGE 86 ST STATION,2026-06-26,MTA NYCT_YU_B6-Weekday-SDon-061900_SBS79_507,MTA NYCT_8595,40.552622,-74.132757,40.254528,normalProgress,,MTA NYCT_YU_B6-Weekday-SDon_E_YU_36660_SBS79-507,,MTA_201012,1,HYLAN BLVD/BUFFALO ST,"{""Capacities"": {""EstimatedPassengerCount"": 25, ""EstimatedPassengerCapacity"": 80, ""EstimatedPassengerLoadFactor"": ""manySeatsAvailable""}}"
MTA NYCT_S79+,2026-06-26T10:48:31.000-04:00,MTA NYCT_S79+,0,MTA_SBS790387,S79-SBS,MTA NYCT,MTA_805189,MTA_901225,SELECT BUS BAY RIDGE 86 ST STATION,2026-06-26,MTA NYCT_YU_B6-Weekday-SDon-059700_SBS79_506,MTA NYCT_8719,40.605481,-74.076669,77.90524,normalProgress,,MTA NYCT_YU_B6-Weekday-SDon_E_YU_35340_SBS79-506,,MTA_203344,1,NARROWS RD SOUTH/FINGERBOARD RD,"{""Capacities"": {""EstimatedPassengerCount"": 34, ""EstimatedPassengerCapacity"": 80, ""EstimatedPassengerLoadFactor"": ""fewSeatsAvailable""}}"
MTA NYCT_S79+,2026-06-26T10:48:20.649-04:00,MTA NYCT_S79+,0,MTA_SBS790387,S79-SBS,MTA NYCT,MTA_805189,MTA_901225,SELECT BUS BAY RIDGE 86 ST STATION,2026-06-26,MTA NYCT_YU_B6-Weekday-SDon-060700_SBS79_528,MTA NYCT_8848,40.581085,-74.098628,38.990993,normalProgress,,MTA NYCT_YU_B6-Weekday-SDon_E_YU_35940_SBS79-528,,MTA_203698,1,HYLAN BLVD/LIBERTY AV,"{""Capacities"": {""EstimatedPassengerCount"": 39, ""EstimatedPassengerCapacity"": 80, ""EstimatedPassengerLoadFactor"": ""fewSeatsAvailable""}}"
MTA NYCT_S79+,2026-06-26T10:48:16.000-04:00,MTA NYCT_S79+,1,MTA_SBS790388,S79-SBS,MTA NYCT,MTA_901226,MTA_805190,SELECT BUS SI MALL via HYLAN,2026-06-26,MTA NYCT_YU_B6-Weekday-SDon-060200_SBS79_521,MTA NYCT_8598,40.553245,-74.168183,104.47029,normalProgress,,MTA NYCT_YU_B6-Weekday-SDon_E_YU_22560_SBS79-521,,MTA_805165,1,ELTINGVILLE/TRANSIT CENTER,{}
MTA NYCT_S79+,2026-06-26T10:48:18.000-04:00,MTA NYCT_S79+,0,MTA_SBS790387,S79-SBS,MTA NYCT,MTA_805189,MTA_901225,SELECT BUS BAY RIDGE 86 ST STATION,2026-06-26,MTA NYCT_YU_B6-Weekday-SDon-058100_SBS79_515,MTA NYCT_8608,40.610225,-74.033161,17.31894,normalProgress,,MTA NYCT_YU_B6-Weekday-SDon_E_YU_34380_SBS79-515,,MTA_307203,1,92 ST/GATLING PL,"{""Capacities"": {""EstimatedPassengerCount"": 71, ""EstimatedPassengerCapacity"": 80, ""EstimatedPassengerLoadFactor"": ""standingRoomOnly""}}"
MTA NYCT_S79+,2026-06-26T10:48:35.000-04:00,MTA NYCT_S79+,1,MTA_SBS790388,S79-SBS,MTA NYCT,MTA_901226,MTA_805190,SELECT BUS SI MALL via HYLAN,2026-06-26,MTA NYCT_YU_B6-Weekday-SDon-063200_SBS79_523,MTA NYCT_8604,40.5952,-74.086149,247.38014,normalProgress,,MTA NYCT_YU_B6-Weekday-SDon_E_YU_23760_SBS79-523,,MTA_201109,1,HYLAN BLVD/SEAVIEW AV,{}
MTA NYCT_S79+,2026-06-26T10:48:31.035-04:00,MTA NYCT_S79+,0,MTA_SBS790387,S79-SBS,MTA NYCT,MTA_805189,MTA_901225,SELECT BUS BAY RIDGE 86 ST STATION,2026-06-26,MTA NYCT_YU_B6-Weekday-SDon-063100_SBS79_509,MTA NYCT_8910,40.543712,-74.144499,57.380756,normalProgress,,MTA NYCT_YU_B6-Weekday-SDon_E_YU_37380_SBS79-509,,MTA_201010,1,HYLAN BLVD/BAY TERR,"{""Capacities"": {""EstimatedPassengerCount"": 22, ""EstimatedPassengerCapacity"": 80, ""EstimatedPassengerLoadFactor"": ""manySeatsAvailable""}}"
MTA NYCT_S79+,2026-06-26T10:48:33.929-04:00,MTA NYCT_S79+,1,MTA_SBS790388,S79-SBS,MTA NYCT,MTA_901226,MTA_805190,SELECT BUS SI MALL via HYLAN,2026-06-26,MTA NYCT_YU_B6-Weekday-SDon-064200_SBS79_505,MTA NYCT_8919,40.603992,-74.052733,197.66763,normalProgress,,MTA NYCT_YU_B6-Weekday-SDon_E_YU_33420_SBS79-505,,MTA_203345,1,NARROWS RD NORTH/FINGERBOARD RD,"{""Capacities"": {""EstimatedPassengerCount"": 31, ""EstimatedPassengerCapacity"": 80, ""EstimatedPassengerLoadFactor"": ""fewSeatsAvailable""}}"
MTA NYCT_BX12+,2026-06-26T10:48:27.000-04:00,MTA NYCT_BX12+,1,MTA_SBS120032,Bx12-SBS,MTA NYCT,MTA_802025,MTA_404144,SELECT BUS BROADWAY INWOOD,2026-06-26,MTA NYCT_GH_B6-Weekday-SDon-059400_SBS12_814,MTA NYCT_5474,40.867858,-73.920636,15.32151,noProgress,layover,MTA NYCT_GH_B6-Weekday-SDon_E_GH_22620_SBS12-814,,MTA_404144,1,BROADWAY/W 207 ST,{}
MTA NYCT_BX12+,2026-06-26T10:48:11.000-04:00,MTA NYCT_BX12+,1,MTA_SBS120032,Bx12-SBS,MTA NYCT,MTA_802025,MTA_404144,SELECT BUS BROADWAY INWOOD,2026-06-26,MTA NYCT_GH_B6-Weekday-SDon-060000_SBS12_829,MTA NYCT_5482,40.8617,-73.91144,172.89369,normalProgress,,MTA NYCT_GH_B6-Weekday-SDon_E_GH_28500_SBS12-829,,MTA_104332,1,WEST FORDHAM RD/CEDAR AV,{}
MTA NYCT_BX12+,2026-06-26T10:48:21.000-04:00,MTA NYCT_BX12+,1,MTA_SBS120032,Bx12-SBS,MTA NYCT,MTA_802025,MTA_404144,SELECT BUS BROADWAY INWOOD,2026-06-26,MTA NYCT_GH_B6-Weekday-SDon-058900_SBS12_828,MTA NYCT_5539,40.867775,-73.92091,17.175903,noProgress,layover,MTA NYCT_GH_B6-Weekday-SDon_E_GH_27900_SBS12-828,,MTA_404144,1,BROADWAY/W 207 ST,"{""Capacities"": {""EstimatedPassengerCount"": 25, ""EstimatedPassengerCapacity"": 100}}"
MTA NYCT_BX12+,2026-06-26T10:48:21.000-04:00,MTA NYCT_BX12+,1,MTA_SBS120032,Bx12-SBS,MTA NYCT,MTA_802025,MTA_404144,SELECT BUS BROADWAY INWOOD,2026-06-26,MTA NYCT_GH_B6-Weekday-SDon-062400_SBS12_821,MTA NYCT_5540,40.857245,-73.86736,181.44664,normalProgress,,MTA NYCT_GH_B6-Weekday-SDon_E_GH_24240_SBS12-821,,MTA_104330,1,PELHAM PKWY/WHITE PLAINS RD,"{""Capacities"": {""EstimatedPassengerCount"": 10, ""EstimatedPassengerCapacity"": 100}}"
MTA NYCT_BX12+,2026-06-26T10:48:35.000-04:00,MTA NYCT_BX12+,0,MTA_SBS120031,Bx12-SBS,MTA NYCT,MTA_402611,MTA_902058,SELECT BUS BAY PLAZA CO-OP CITY,2026-06-26,MTA NYCT_GH_B6-Weekday-SDon-059900_SBS12_824,MTA NYCT_5534,40.865692,-73.827673,48.043537,normalProgress,,MTA NYCT_GH_B6-Weekday-SDon_E_GH_25260_SBS12-824,,MTA_802025,1,BAY PLAZA BLVD/J C PENNY,"{""Capacities"": {""EstimatedPassengerCount"": 28, ""EstimatedPassengerCapacity"": 100}}"
MTA NYCT_BX12+,2026-06-26T10:48:15.000-04:00,MTA NYCT_BX12+,1,MTA_SBS120032,Bx12-SBS,MTA NYCT,MTA_802025,MTA_404144,SELECT BUS BROADWAY INWOOD,2026-06-26,MTA NYCT_GH_B6-Weekday-SDon-064800_SBS12_823,MTA NYCT_5558,40.866283,-73.827143,48.075325,normalProgress,,MTA NYCT_GH_B6-Weekday-SDon_E_GH_25080_SBS12-823,,MTA_103795,1,BAY PLAZA BLVD/CO-OP CITY BLVD,"{""Capacities"": {""EstimatedPassengerCount"": 11, ""EstimatedPassengerCapacity"": 100}}"
MTA NYCT_BX12+,2026-06-26T10:48:21.000-04:00,MTA NYCT_BX12+,1,MTA_SBS120032,Bx12-SBS,MTA NYCT,MTA_802025,MTA_404144,SELECT BUS BROADWAY INWOOD,2026-06-26,MTA NYCT_GH_B6-Weekday-SDon-061200_SBS12_819,MTA NYCT_5555,40.860209,-73.888566,152.38698,normalProgress,,MTA NYCT_GH_B6-Weekday-SDon_E_GH_23520_SBS12-819,,MTA_103999,1,EAST FORDHAM RD/WEBSTER AV,"{""Capacities"": {""EstimatedPassengerCount"": 46, ""EstimatedPassengerCapacity"": 100}}"
MTA NYCT_BX12+,2026-06-26T10:48:19.000-04:00,MTA NYCT_BX12+,1,MTA_SBS120032,Bx12-SBS,MTA NYCT,MTA_802025,MTA_404144,SELECT BUS BROADWAY INWOOD,2026-06-26,MTA NYCT_GH_B6-Weekday-SDon-060600_SBS12_817,MTA NYCT_5548,40.862752,-73.905518,177.91202,normalProgress,,MTA NYCT_GH_B6-Weekday-SDon_E_GH_23160_SBS12-817,,MTA_100854,1,W FORDHAM RD/SEDGWICK AV,"{""Capacities"": {""EstimatedPassengerCount"": 31, ""EstimatedPassengerCapacity"": 100}}"
MTA NYCT_BX12+,2026-06-26T10:48:16.000-04:00,MTA NYCT_BX12+,0,MTA_SBS120031,Bx12-SBS,MTA NYCT,MTA_402611,MTA_902058,SELECT BUS BAY PLAZA CO-OP CITY,2026-06-26,MTA NYCT_GH_B6-Weekday-SDon-062400_SBS12_810,MTA NYCT_5472,40.858506,-73.885266,333.1527,normalProgress,,MTA NYCT_GH_B6-Weekday-SDon_E_GH_21780_SBS12-810,,MTA_100807,1,EAST FORDHAM RD/SOUTHERN BLVD,{}
MTA NYCT_BX12+,2026-06-26T10:48:29.000-04:00,MTA NYCT_BX12+,0,MTA_SBS120031,Bx12-SBS,MTA NYCT,MTA_402611,MTA_902058,SELECT BUS BAY PLAZA CO-OP CITY,2026-06-26,MTA NYCT_GH_B6-Weekday-SDon-060500_SBS12_825,MTA NYCT_5560,40.862827,-73.829358,124.74318,normalProgress,,MTA NYCT_GH_B6-Weekday-SDon_E_GH_25980_SBS12-825,,MTA_104081,1,BAYCHESTER AV/NEW ENGLAND THRUWAY EXIT,"{""Capacities"": {""EstimatedPassengerCount"": 26, ""EstimatedPassengerCapacity"": 100}}"
MTA NYCT_BX12+,2026-06-26T10:48:13.000-04:00,MTA NYCT_BX12+,0,MTA_SBS120031,Bx12-SBS,MTA NYCT,MTA_402611,MTA_902058,SELECT BUS BAY PLAZA CO-OP CITY,2026-06-26,MTA NYCT_GH_B6-Weekday-SDon-061700_SBS12_809,MTA NYCT_5484,40.855707,-73.8322,334.7989,normalProgress,,MTA NYCT_GH_B6-Weekday-SDon_E_GH_21480_SBS12-809,,MTA_902212,1,WESTCHESTER AV/BRUCKNER BLVD,{}
MTA NYCT_BX12+,2026-06-26T10:48:22.000-04:00,MTA NYCT_BX12+,0,MTA_SBS120031,Bx12-SBS,MTA NYCT,MTA_402611,MTA_902058,SELECT BUS BAY PLAZA CO-OP CITY,2026-06-26,MTA NYCT_GH_B6-Weekday-SDon-063000_SBS12_805,MTA NYCT_5546,40.859334,-73.88689,331.63095,normalProgress,,MTA NYCT_GH_B6-Weekday-SDon_E_GH_27240_SBS12-826,,MTA_100807,1,EAST FORDHAM RD/SOUTHERN BLVD,{}
MTA NYCT_BX12+,2026-06-26T10:48:21.000-04:00,MTA NYCT_BX12+,1,MTA_SBS120032,Bx12-SBS,MTA NYCT,MTA_802025,MTA_404144,SELECT BUS BROADWAY INWOOD,2026-06-26,MTA NYCT_GH_B6-Weekday-SDon-061800_SBS12_820,MTA NYCT_5475,40.857211,-73.86843,181.14577,normalProgress,,MTA NYCT_GH_B6-Weekday-SDon_E_GH_23760_SBS12-820,,MTA_100843,1,EAST FORDHAM RD/SOUTHERN BLVD,{}
MTA NYCT_BX12+,2026-06-26T10:48:36.000-04:00,MTA NYCT_BX12+,0,MTA_SBS120031,Bx12-SBS,MTA NYCT,MTA_402611,MTA_902058,SELECT BUS BAY PLAZA CO-OP CITY,2026-06-26,MTA NYCT_GH_B6-Weekday-SDon-061100_SBS12_801,MTA NYCT_5559,40.856472,-73.837853,0.0,normalProgress,,MTA NYCT_GH_B6-Weekday-SDon_E_GH_19500_SBS12-804,,MTA_902212,1,WESTCHESTER AV/BRUCKNER BLVD,{}
MTA NYCT_BX12+,2026-06-26T10:48:31.000-04:00,MTA NYCT_BX12+,1,MTA_SBS120032,Bx12-SBS,MTA NYCT,MTA_802025,MTA_404144,SELECT BUS BROADWAY INWOOD,2026-06-26,MTA NYCT_GH_B6-Weekday-SDon-064200_SBS12_802,MTA NYCT_5535,40.861783,-73.829211,307.97162,normalProgress,,MTA NYCT_GH_B6-Weekday-SDon_E_GH_18300_SBS12-802,,MTA_103945,1,AMENDOLA PL/WILKINSON AV,{}
