baseline,seed,total_return,mean_reward,base_mean_reward,leakage_reward_penalty,leakage_reward_penalty_total,sharpe,sortino,max_drawdown,calmar,turnover,transaction_cost,inventory_drift_mean,post_shift_mean_pnl,post_shift_cum_pnl_120,recovery_cost_120,promotion_count,promotion_delay,PromotionDelay,ShockResponseTime,regime_promotion_accuracy,regime_promotion_precision,regime_promotion_recall,UpperHFPower,LowerLFDrift,FocusScore,freq_attr_n,freq_attr_high_component_pnl,freq_attr_high_component_pnl_total,freq_attr_high_frequency_cost,freq_attr_high_frequency_cost_total,freq_attr_leakage_cost,freq_attr_leakage_cost_total,freq_attr_low_component_pnl,freq_attr_low_component_pnl_total,freq_attr_low_frequency_cost,freq_attr_low_frequency_cost_total,freq_attr_lower_credit,freq_attr_lower_credit_total,freq_attr_promotion_adaptation_cost,freq_attr_promotion_adaptation_cost_total,freq_attr_task_reward,freq_attr_task_reward_total,freq_attr_upper_credit,freq_attr_upper_credit_total,scenario
vanilla_rl,42,-0.8512645712390081,-0.002673011536041116,-0.0026509513485211897,2.2060187519926564e-05,0.015883335014347126,-51.49841276302762,-52.90695503673307,0.8508113764113121,-1.0005326619274975,340.95865478318353,2.045751928699101,0.004376825415065446,0.0,0.0,0.0,0,-1.0,-1.0,0.008928571428571428,0.5,0.0,0.0,0.43275957269922266,0.0068984528398570565,-0.017675394571732627,720.0,2.0344054559304474e-06,0.001464771928269922,0.0030037752849265318,2.162718205147103,2.2060187519926564e-05,0.015883335014347126,0.00019709002004620637,0.14190481443326858,1.3231585149261662e-05,0.009526741307468396,-0.003014805378686495,-2.1706598726542765,0.0,0.0,-0.0026509513485211897,-1.9086849709352565,-2.4261678909224944e-05,-0.01746840881464196,localized_burst
hrl_raw,42,-0.6839903738882116,-0.0016520750071111572,-0.001629621850132401,2.2453156978755722e-05,0.01616627302470412,-47.610218418987536,-50.29430955653955,0.6833491071778314,-1.0009384174262386,215.23155158900755,1.2913893095340454,0.015665863835967977,0.0,0.0,0.0,0,-1.0,-1.0,0.0,0.5,0.0,0.0,0.43275957269922266,0.01174631319125215,-0.02187288473056057,720.0,-1.489718283188802e-06,-0.0010725971638959374,0.0019683113858498594,1.4171841978118986,2.2453156978755722e-05,0.01616627302470412,0.00019679585906445335,0.14169301852640642,1.102624770731414e-05,0.007938898349266182,-0.001979537964339237,-1.4252673343242506,0.0,0.0,-0.001629621850132401,-1.1733277320953288,-2.2252826196692e-05,-0.01602203486161824,localized_burst
raw_history,42,-0.023039302627068103,-5.4368633395521835e-05,-3.3138415809330334e-05,2.1230217586191508e-05,0.015285756662057885,-1.9998178298172105,-3.104961305729484,0.035704242886195114,-0.6452819263106724,27.268450926174935,0.16361070555704962,0.00042966173445743006,0.0,0.0,0.0,0,-1.0,-1.0,0.7053571428571429,0.5,0.0,0.0,0.021977587208363118,0.3751445534662083,0.16170383972433247,720.0,-1.9009189674361233e-05,-0.013686616565540087,0.0003840956743986015,0.2765488855669931,2.1230217586191508e-05,0.015285756662057885,0.0002139671883854036,0.15405637563749058,9.47451615919396e-06,0.006821651634619652,-0.00039471078319169725,-0.28419176389802203,0.0,0.0,-3.3138415809330334e-05,-0.023859659382717842,-2.008962495228971e-05,-0.014464529965648593,localized_burst
freq_single_policy,42,-0.22845271245388787,-0.000374843335731898,-0.0003614743910498387,1.3368944682059312e-05,0.009625640171082705,-17.35552493677254,-23.64345243251272,0.2263502330061179,-1.0092886118112065,70.61297640011932,0.4236778584007159,0.0007378585876222832,0.0,0.0,0.0,0,-1.0,-1.0,0.125,0.5,0.0,0.0,0.07615802055005591,0.12331835262253243,-0.12023215807249779,720.0,-1.2424238082451911e-05,-0.008945451419365376,0.000752386970538354,0.5417186187876148,1.3368944682059312e-05,0.009625640171082705,0.00024086703420885208,0.1734242646303735,1.2256337282296469e-05,0.008824562843253458,-0.0007590714428793835,-0.5465314388731561,0.0,0.0,-0.0003614743910498387,-0.26026156155588387,-1.8940809623326126e-05,-0.01363738292879481,localized_burst
lf_upper_only,42,0.007455024749688288,-8.376083899666053e-05,1.0296929061614063e-05,9.40577680582746e-05,0.06772159300195771,1.012515411461747,1.4625799544222093,0.009343680495642825,0.7978681155851529,5.648143316662669,0.03388885989997602,2.82828075161029e-05,0.0,0.0,0.0,0,-1.0,-1.0,12.01639344262295,0.5,0.0,0.0,0.0017128050258415875,1.743538798853444,1.131099788697195,720.0,-1.3558020987507586e-05,-0.009761775111005462,0.00014605853157332007,0.10516214273279045,9.40577680582746e-05,0.06772159300195771,7.097937663634276e-05,0.05110515117816679,1.2477969415881505e-05,0.008984137979434684,-0.00019308741560245739,-0.13902293923376932,0.0,0.0,1.0296929061614063e-05,0.007413788924362126,-5.95068534450188e-05,-0.042844934480413537,localized_burst
hf_lower_only,42,-0.017092281697708933,-7.100681229647739e-05,-3.045962976191516e-05,4.054718253456223e-05,0.029193971424884807,-7.049607582527007,-10.875074642511525,0.017092281697708933,-1.0,7.331265330866213,0.04398759198519728,0.0032597834884871063,0.0,0.0,0.0,0,-1.0,-1.0,6.446428571428571,0.5,0.0,0.0,0.0,0.8667515738183788,0.04916553360703519,720.0,-6.039919110157076e-07,-0.0004348741759313095,9.846351797098495e-05,0.07089373293910917,4.054718253456223e-05,0.029193971424884807,3.77578068832932e-05,0.0271856209559711,1.962281195382854e-06,0.0014128424606756548,-0.00011873710923826608,-0.08549071865155158,0.0,0.0,-3.045962976191516e-05,-0.021930933428578915,-2.223587246266397e-05,-0.01600982817311806,localized_burst
allfreq_alllayers,42,-0.2427411959182565,-0.0004069576733980058,-0.0003870938809596902,1.9582645873978892e-05,0.014099505029264802,-17.66194289339847,-23.239166345206964,0.24074430265254598,-1.008294664686593,74.08698587258979,0.4445219152355388,0.0005797850589974463,0.0,0.0,0.0,110,-1.0,-1.0,0.09821428571428571,0.4236111111111111,0.0,0.0,0.0773363385545505,0.23486695555139891,-0.11010140574430047,720.0,-1.143590312389767e-05,-0.008233850249206323,0.0007823324017525794,0.5632793292618572,1.9582645873978892e-05,0.014099505029264802,0.00024289314122045066,0.17488306167872447,1.242399838333635e-05,0.008945278836002173,-0.0007921237246895688,-0.5703290817764896,2.8114656433664364e-07,0.0002024255263223834,-0.0003870938809596902,-0.27870759429097697,-2.249646788466244e-05,-0.016197456876956957,localized_burst
swapped,42,-0.13248403000212094,-0.00021963697923533932,-0.0002028098859438224,1.6545946727180285e-05,0.011913081643569806,-12.221206185786043,-18.169033926879084,0.13248403000212094,-1.0,43.84167317565159,0.26305003905390956,0.002766205495492513,0.0,0.0,0.0,110,-1.0,-1.0,0.026785714285714284,0.4236111111111111,0.0,0.0,0.0739616780072184,0.23758228712680018,-0.47310903760982814,720.0,-1.0003852332282156e-06,-0.0007202773679243152,0.0005087483702024513,0.36629882654576496,1.6545946727180285e-05,0.011913081643569806,0.00016907018674415408,0.12173053445579093,8.837235587744009e-06,0.006362809623175686,-0.0005170213435660416,-0.37225536736754994,2.8114656433664364e-07,0.0002024255263223834,-0.0002028098859438224,-0.14602311787955213,-1.7391355515670793e-05,-0.012521775971282971,localized_burst
no_promotion,42,0.006513692566903817,-8.604167724290328e-05,9.028999061493726e-06,9.5070676304397e-05,0.06845088693916584,0.8725606467481646,1.2084363488384977,0.009743625541918655,0.6685080967942433,5.893664524303992,0.03536198714582394,1.3643355022186772e-05,0.0,0.0,0.0,0,-1.0,-1.0,11.114754098360656,0.5,0.0,0.0,0.0017128050258415875,1.8382260089811235,1.076244153308367,720.0,-1.3531602251251182e-05,-0.009742753620900851,0.00014806685426975625,0.10660813507422451,9.5070676304397e-05,0.06845088693916584,7.170175905865587e-05,0.05162526652223222,1.2378829186787311e-05,0.008912757014486863,-0.00019560219242195477,-0.14083357854380743,0.0,0.0,9.028999061493726e-06,0.0065008793242754825,-5.9914167338985804e-05,-0.04313820048406978,localized_burst
no_leakage,42,-0.0095404132563357,-1.5338032255177063e-05,-1.5056885690840418e-05,0.0,0.0,-1.1974113680935552,-1.8986680612005498,0.01835008169261443,-0.5199112143558218,11.04167455049643,0.06625004730297858,0.0008934990304302951,0.0,0.0,0.0,110,-1.0,-1.0,3.7410714285714284,0.4236111111111111,0.0,0.0,0.003354559145937268,0.9096591697545713,0.919242898385715,720.0,-1.2512161024547217e-05,-0.009008755937673996,0.000198234467284581,0.14272881644489832,0.0,0.0,9.125622798203762e-05,0.06570448414706709,1.1301717940504773e-05,0.008137236917163436,-0.000198234467284581,-0.14272881644489832,2.8114656433664364e-07,0.0002024255263223834,-1.5056885690840418e-05,-0.0108409576974051,-1.1582864504841417e-05,-0.00833966244348582,localized_burst
freq_hrl,42,0.003730553596227537,-8.717129295542143e-05,5.19026737699932e-06,9.208041376808409e-05,0.06629789791302054,0.4511901862638017,0.6519570655210399,0.01108518721474716,0.33653501054674123,6.725508257666789,0.04035304954600073,1.4808226208651045e-05,0.0,0.0,0.0,110,-1.0,-1.0,8.407407407407407,0.4236111111111111,0.0,0.0,0.003506816647980057,1.7201281302275402,1.019907771994726,720.0,-1.2319072018193912e-05,-0.008869731853099617,0.00016358718281086769,0.11778277162382474,9.208041376808409e-05,0.06629789791302054,7.358485799483377e-05,0.052981097756280314,1.464629662206188e-05,0.010545333567884554,-0.00020962738969490974,-0.15093172058033502,2.8114656433664364e-07,0.0002024255263223834,5.19026737699932e-06,0.0037369925114395103,-6.0967650070440573e-05,-0.043896708050717215,localized_burst
vanilla_rl,123,-0.8570632256395269,-0.002730456684258841,-0.0027064466317285175,2.4010052530323098e-05,0.01728723782183263,-51.444735704419664,-53.023137716059594,0.8567584895873497,-1.000355684893562,348.56947476222643,2.091416848573359,0.004603505296821129,0.0,0.0,0.0,0,-1.0,-1.0,0.0,0.5,0.0,0.0,0.4620777349366862,0.00697381692531642,-0.02974073652967486,720.0,6.536718305543268e-06,0.004706437179991153,0.0030625333200829667,2.205023990459736,2.4010052530323098e-05,0.01728723782183263,0.00020096928357813494,0.14469788417625715,7.206263997928779e-06,0.005188510078508721,-0.003074538346348128,-2.213667609370652,0.0,0.0,-0.0027064466317285175,-1.9486415748445327,-1.921129026309033e-05,-0.013832128989425038,localized_burst
hrl_raw,123,-0.6936955595848966,-0.0016989325907960536,-0.0016744664164007666,2.4466174395287076e-05,0.017615645564606694,-48.37689384129404,-51.02649669046327,0.6932605153982634,-1.0006275334841237,221.42048045673505,1.32852288274041,0.01646573542779201,0.0,0.0,0.0,0,-1.0,-1.0,0.0,0.5,0.0,0.0,0.4620777349366862,0.012193712091932955,-0.02888516073008452,720.0,2.908158246441515e-06,0.0020938739374378908,0.002014846438352647,1.450689435613906,2.4466174395287076e-05,0.017615645564606694,0.0002007275666811678,0.14452384801044083,4.404804581196998e-06,0.0031714592984618387,-0.002027079525550291,-1.4594972583962094,0.0,0.0,-0.0016744664164007666,-1.205615819808552,-1.663789177884053e-05,-0.011979282080765184,localized_burst
raw_history,123,-0.010077548215814414,-3.930995861911727e-05,-1.490471566063059e-05,2.440524295848668e-05,0.01757177493011041,-0.9356116222271765,-1.530870861058428,0.023101434769800533,-0.4362304037058486,28.09325475353213,0.16855952852119277,0.0004588370647343656,0.0,0.0,0.0,0,-1.0,-1.0,0.05555555555555555,0.5,0.0,0.0,0.025425498629087762,0.4028008616817314,0.15012516656531213,720.0,-3.45828355464409e-06,-0.0024899641593437447,0.0003763472493310341,0.27097001951834454,2.440524295848668e-05,0.01757177493011041,0.00022358169830291662,0.16097882277809997,3.7767363268711616e-06,0.0027192501553472363,-0.0003885498708102774,-0.27975590698339975,0.0,0.0,-1.490471566063059e-05,-0.010731395275654025,-1.59793578061145e-05,-0.011505137620402442,localized_burst
freq_single_policy,123,-0.2249276733106349,-0.0003679271414004164,-0.0003551822904650938,1.274485093532255e-05,0.009176292673432236,-17.8934194463827,-24.855597348915822,0.2234790899842659,-1.0064819635987912,72.33555466200008,0.43401332797200043,0.000749100237300846,0.0,0.0,0.0,0,-1.0,-1.0,0.011111111111111112,0.5,0.0,0.0,0.08206455607134663,0.1204012671913068,-0.25741660569172997,720.0,4.5714647502528866e-07,0.00032914546201820785,0.0007592356771841471,0.5466496875725859,1.274485093532255e-05,0.009176292673432236,0.00024865505238448306,0.1790316377168278,3.693460251099734e-06,0.0026592913807918085,-0.0007656081026518084,-0.551237833909302,0.0,0.0,-0.0003551822904650938,-0.25573124913486756,-1.0065885718761009e-05,-0.007247437717507926,localized_burst
lf_upper_only,123,-0.005817008647645006,-9.700186747504688e-05,-8.126408366594241e-06,8.887545910845264e-05,0.0639903305580859,-1.2748984727383483,-1.6280465637769914,0.007929402630724058,-0.7335998584692673,5.430155043204158,0.03258093025922494,1.9082296435907093e-05,0.0,0.0,0.0,0,-1.0,-1.0,0.08333333333333333,0.5,0.0,0.0,0.004412669646050788,1.5765165546418758,1.196259330109359,720.0,-2.2022908226496452e-07,-0.00015856493923077446,0.0001016646286381571,0.07319853261947311,8.887545910845264e-05,0.0639903305580859,3.738327733524386e-05,0.026915959681375577,2.87640972008423e-06,0.0020710149984606457,-0.00014610235819238342,-0.10519369789851607,0.0,0.0,-8.126408366594241e-06,-0.005851014023947853,-4.7314139274310544e-05,-0.03406618027750359,localized_burst
hf_lower_only,123,-0.0110236070616343,-6.218547940638297e-05,-2.1569250597341905e-05,4.061622880904106e-05,0.029243684742509563,-4.74575476601416,-7.603087818105919,0.013279729140462715,-0.8301078241156202,7.31092466846872,0.04386554801081233,0.0030887881605497695,0.0,0.0,0.0,0,-1.0,-1.0,16.08888888888889,0.5,0.0,0.0,0.0,0.8573288011230902,0.039844468042113466,720.0,2.3437167099073312e-07,0.00016874760311332785,9.645933043653139e-05,0.0694507179143026,4.061622880904106e-05,0.029243684742509563,4.5298326290006243e-05,0.032614794928804494,5.437010255521536e-07,0.0003914647383975506,-0.00011676744484105191,-0.08407256028555737,0.0,0.0,-2.1569250597341905e-05,-0.015529860430086171,-2.0851815430072685e-05,-0.015013307109652334,localized_burst
allfreq_alllayers,123,-0.23798585993559374,-0.0003969588983350948,-0.0003783931945444488,1.8565703790645912e-05,0.013367306729265057,-17.926544542874716,-24.32967515965376,0.23662012391476006,-1.0057718506703415,75.66117284511172,0.4539670370706703,0.0005687940743442394,0.0,0.0,0.0,0,-1.0,-1.0,0.03333333333333333,0.5,0.0,0.0,0.08206455607134663,0.22186504515062716,-0.2600415252189574,720.0,4.819112142162593e-07,0.0003469760742357067,0.0007892532079113446,0.5682623096961681,1.8565703790645912e-05,0.013367306729265057,0.00025277225609928773,0.18199602439148718,3.818989363462251e-06,0.0027496723416928206,-0.0007985360598066676,-0.5749459630608007,0.0,0.0,-0.0003783931945444488,-0.2724431000720031,-1.3101841258785205e-05,-0.009433325706325348,localized_burst
swapped,123,-0.11077512417816804,-0.0001817624728827952,-0.00016789058073340027,1.3871892149394935e-05,0.009987762347564353,-10.841108378702963,-16.67540188332125,0.1138401224508866,-0.973076291497834,43.70470225031203,0.2622282135018722,0.002461282340338348,0.0,0.0,0.0,0,-1.0,-1.0,0.022222222222222223,0.5,0.0,0.0,0.08252040890094729,0.18092755739869204,-0.45119991137395976,720.0,7.291972966694776e-07,0.0005250220536020238,0.0004990632826506222,0.359325563508448,1.3871892149394935e-05,0.009987762347564353,0.0002005086387365406,0.14436621989030923,2.9023105216372467e-06,0.0020896635755788175,-0.0005059992287253197,-0.3643194446822302,0.0,0.0,-0.00016789058073340027,-0.1208812181280482,-9.838256596334714e-06,-0.007083544749360993,localized_burst
no_promotion,123,-0.0067420850911436014,-0.00010137427584870871,-9.397183653641067e-06,9.197709219506766e-05,0.06622350638044872,-1.4456461451613634,-1.7720628399336482,0.008329313862364907,-0.8094406337125769,5.69056720876611,0.03414340325259667,8.336329596497963e-06,0.0,0.0,0.0,0,-1.0,-1.0,2.75,0.5,0.0,0.0,0.004412669646050788,1.7301267014259911,1.118444357479985,720.0,-2.341570570839213e-07,-0.00016859308110042334,0.0001038644035808589,0.0747823705782184,9.197709219506766e-05,0.06622350638044872,3.82750394690201e-05,0.027558028417694475,2.7701094147086977e-06,0.001994478778590262,-0.00014985294967839272,-0.10789412376844276,0.0,0.0,-9.397183653641067e-06,-0.006765972230621568,-4.8758655512242526e-05,-0.03510623196881462,localized_burst
no_leakage,123,-0.01810025616860722,-2.705988892935908e-05,-2.705988892935908e-05,0.0,0.0,-3.8408711882205813,-5.354948628323485,0.01684530145337948,-1.0744987982970156,10.452204414043887,0.06271322648426332,0.0008531786366947442,0.0,0.0,0.0,0,-1.0,-1.0,9.7,0.5,0.0,0.0,0.004412669646050788,0.8582937099854544,1.0006868812241925,720.0,1.1202409277256456e-07,8.065734679624649e-05,0.00014868881676917411,0.10705594807380536,0.0,0.0,6.163614770162356e-05,0.044378026345168964,1.380006136993604e-06,0.000993604418635395,-0.00014868881676917411,-0.10705594807380536,0.0,0.0,-2.705988892935908e-05,-0.01948312002913854,-1.380006136993604e-06,-0.000993604418635395,localized_burst
freq_hrl,123,-0.0067420850911436014,-0.00010137427584870871,-9.397183653641067e-06,9.197709219506766e-05,0.06622350638044872,-1.4456461451613634,-1.7720628399336482,0.008329313862364907,-0.8094406337125769,5.69056720876611,0.03414340325259667,8.336329596497963e-06,0.0,0.0,0.0,0,-1.0,-1.0,2.75,0.5,0.0,0.0,0.004412669646050788,1.7301267014259911,1.118444357479985,720.0,-2.341570570839213e-07,-0.00016859308110042334,0.0001038644035808589,0.0747823705782184,9.197709219506766e-05,0.06622350638044872,3.82750394690201e-05,0.027558028417694475,2.7701094147086977e-06,0.001994478778590262,-0.00014985294967839272,-0.10789412376844276,0.0,0.0,-9.397183653641067e-06,-0.006765972230621568,-4.8758655512242526e-05,-0.03510623196881462,localized_burst
vanilla_rl,456,-0.8376268796461698,-0.002551942708123116,-0.0025291185901548004,2.282411796831553e-05,0.01643336493718718,-48.654225900969934,-49.87693089165681,0.8370830548344957,-1.000649666491913,327.5666194321295,1.9653997165927772,0.004234513118571891,0.0,0.0,0.0,0,-1.0,-1.0,0.0,0.5,0.0,0.0,0.4423999386905912,0.008716520063557028,-0.02215084895569748,720.0,9.430678240169749e-06,0.006790088332922219,0.0028887261670791425,2.0798828402969827,2.282411796831553e-05,0.01643336493718718,0.000199641586443253,0.14374194223914216,5.3761586032904655e-06,0.0038708341943691355,-0.0029001382260633005,-2.0880995227655763,0.0,0.0,-0.0025291185901548004,-1.8209653849114562,-1.678821758744823e-05,-0.012087516662962726,localized_burst
hrl_raw,456,-0.6722418669924334,-0.001601993370528844,-0.0015786734393332456,2.331993119559831e-05,0.016790350460830782,-45.77623790418577,-48.44010330534377,0.6715108583367837,-1.0010886028819552,210.59402535637196,1.2635641521382317,0.015504157447732661,0.0,0.0,0.0,0,-1.0,-1.0,0.006493506493506494,0.5,0.0,0.0,0.4423999386905912,0.014317878689998833,-0.012811178063384363,720.0,8.677889961081336e-06,0.006248080771978562,0.0019207589272715708,1.382946427635531,2.331993119559831e-05,0.016790350460830782,0.00019860719690423795,0.14299718177105133,2.3793173441481457e-06,0.0017131084877866649,-0.0019324188928693704,-1.3913416028659467,0.0,0.0,-0.0015786734393332456,-1.1366448763199368,-1.40392829419473e-05,-0.010108283718202056,localized_burst
raw_history,456,-0.03054986843530083,-6.43194916173368e-05,-4.407125070601193e-05,2.024824091132487e-05,0.014578733456153906,-2.6921467334646505,-3.92843890464139,0.03840566962001568,-0.7954520449079558,29.901156505884757,0.17940693903530855,0.0005360132514750023,0.0,0.0,0.0,0,-1.0,-1.0,0.03896103896103896,0.5,0.0,0.0,0.026502687796557293,0.3504544803853216,0.21796609436035952,720.0,8.160501415189739e-08,5.875561018936612e-05,0.00039552612145283845,0.28477880744604367,2.024824091132487e-05,0.014578733456153906,0.00020609547499849252,0.1483887419989146,2.4565210714437597e-06,0.001768695171439507,-0.00040565024190850085,-0.2920681741741206,0.0,0.0,-4.407125070601193e-05,-0.03173130050832859,-1.2580641527106196e-05,-0.00905806189951646,localized_burst
freq_single_policy,456,-0.24002106292502945,-0.0003968213330019344,-0.0003825778210974166,1.424351190451784e-05,0.010255328571252845,-19.203435422676435,-24.749010562410433,0.23767617559548715,-1.0098658913694958,75.03117813352283,0.450187068801137,0.0007957315021255954,0.0,0.0,0.0,0,-1.0,-1.0,0.025974025974025976,0.5,0.0,0.0,0.0879090728419821,0.12192287808259075,-0.10617068948448499,720.0,2.5837621979720784e-06,0.0018603087825398964,0.0007781616298846675,0.5602763735169606,1.424351190451784e-05,0.010255328571252845,0.00024168969748821948,0.17401658219151803,1.0944092439303774e-06,0.0007879746556298717,-0.0007852833858369263,-0.565404037802587,0.0,0.0,-0.0003825778210974166,-0.27545603119013995,-8.216165196189296e-06,-0.005915638941256293,localized_burst
lf_upper_only,456,0.0274485164156133,-5.794387312538919e-05,3.758126547464377e-05,9.552513860003296e-05,0.06877809979202373,3.2316341854188857,4.342334468690927,0.006422761508975139,4.2736315800075815,5.876006721119735,0.035256040326718405,3.872299064651801e-05,0.0,0.0,0.0,0,-1.0,-1.0,35.857142857142854,0.5,0.0,0.0,0.0015554236637291242,1.7834715887440822,1.116226142648771,720.0,8.022542880809648e-06,0.005776230874182946,0.00015331805843942861,0.1103890020763886,9.552513860003296e-05,0.06877809979202373,7.860289125112493e-05,0.056594081700809956,2.8032385526190144e-06,0.0020183317578856903,-0.00020108062773944508,-0.14477805197240046,0.0,0.0,3.758126547464377e-05,0.027058511141743517,-5.05658078526355e-05,-0.036407381653897564,localized_burst
hf_lower_only,456,-0.023718873407410745,-7.916038500417507e-05,-4.018860633310851e-05,3.897177867106658e-05,0.028059680643167936,-10.34096909617429,-14.964092358846154,0.023879082710781763,-0.9932908099816297,8.100280647446095,0.04860168388467657,0.0034265249104170983,0.0,0.0,0.0,0,-1.0,-1.0,6.0064935064935066,0.5,0.0,0.0,0.0,0.8325429076488969,0.034347471691283625,720.0,-1.8849291878789976e-07,-0.00013571490152728782,0.00010367405798440818,0.07464532174877389,3.897177867106658e-05,0.028059680643167936,3.435527513523105e-05,0.024735798097366354,1.7191676091038362e-07,0.0001237800678554762,-0.00012315994731994148,-0.08867516207035786,0.0,0.0,-4.018860633310851e-05,-0.028935796559838127,-1.9657806096443673e-05,-0.014153620389439445,localized_burst
allfreq_alllayers,456,-0.263275016906948,-0.0004465732788154395,-0.00042532401001587526,1.9479268324818495e-05,0.014025073193869315,-20.089448665964827,-25.03236653177399,0.2610465924708699,-1.0085365007640417,79.66083952744677,0.47796503716468064,0.000606310160286667,0.0,0.0,0.0,270,-1.0,-1.0,0.006493506493506494,0.3125,0.0,0.0,0.09153453697003111,0.2115759766036793,-0.012182245825326753,720.0,-1.377699024665471e-06,-0.000991943297759139,0.0008196275236358115,0.5901318170177843,1.9479268324818495e-05,0.014025073193869315,0.00024110663872475336,0.17359677988182243,1.0766614041616676e-06,0.0007751962109964007,-0.0008293671577982208,-0.597144353614719,1.770000474745855e-06,0.0012744003418170156,-0.00042532401001587526,-0.30623328721143017,-1.258629604131677e-05,-0.009062133149748075,localized_burst
swapped,456,-0.16142681662366132,-0.0002738810882975865,-0.0002534796242051013,1.8631463617739297e-05,0.013414653804772294,-16.389047428950846,-22.344770076531063,0.16184178053178777,-0.9974359902198126,48.383491361455185,0.29030094816873114,0.004535479485637955,0.0,0.0,0.0,270,-1.0,-1.0,0.025974025974025976,0.3125,0.0,0.0,0.1042013258586275,0.3085499184494473,-0.45358195036595966,720.0,-1.6919974911900574e-06,-0.0012182381936568414,0.0005359709576651394,0.3858990895189004,1.8631463617739297e-05,0.013414653804772294,0.00016047909360282454,0.11554494739403368,1.6549874309935582e-06,0.001191590950315362,-0.0005452866894740091,-0.3926064164212865,1.770000474745855e-06,0.0012744003418170156,-0.0002534796242051013,-0.18250532942767295,-1.2740719714609062e-05,-0.009173318194518524,localized_burst
no_promotion,456,0.02646582979687606,-5.9794849382703614e-05,3.6293437261687924e-05,9.608828664439155e-05,0.06918356638396192,3.0754506043502814,3.979851860262868,0.006620765282093433,3.997397380700948,6.119724622724328,0.03671834773634597,1.878278602099339e-05,0.0,0.0,0.0,0,-1.0,-1.0,15.285714285714286,0.5,0.0,0.0,0.0015554236637291242,1.8726760658825004,1.056652256173484,720.0,7.992551250621435e-06,0.005754636900447432,0.00015531728168895434,0.11182844281604712,9.608828664439155e-05,0.06918356638396192,7.933615677247788e-05,0.05712203287618407,2.747430595471014e-06,0.00197815002873913,-0.0002033614250111501,-0.14642022600802806,0.0,0.0,3.6293437261687924e-05,0.026131274828415305,-5.07915739176668e-05,-0.036569933220720094,localized_burst
no_leakage,456,-0.010053089086137335,-1.735713431172661e-05,-1.5587133836980755e-05,0.0,0.0,-1.1655831421716645,-1.5573663978881562,0.026783190664114054,-0.37535068962515916,13.056012749605783,0.0783360764976347,0.0008028779398678857,0.0,0.0,0.0,270,-1.0,-1.0,2.512987012987013,0.3125,0.0,0.0,0.005819934470090335,0.8743346840598956,0.8799839229213754,720.0,8.122107149014436e-06,0.0058479171472903945,0.00021292745002006656,0.15330776401444793,0.0,0.0,8.669662114045545e-05,0.06242156722112792,4.3925803766869675e-06,0.0031626578712146166,-0.00021292745002006656,-0.15330776401444793,1.770000474745855e-06,0.0012744003418170156,-1.5587133836980755e-05,-0.011222736362626143,-6.162580851432824e-06,-0.004437058213031633,localized_burst
freq_hrl,456,0.0037016716936459915,-8.37985419574466e-05,5.141263680395472e-06,8.716980516309622e-05,0.06276225971742928,0.4056938126525551,0.49870723923605137,0.02350808016245709,0.15746380257617298,8.658596341913213,0.05195157805147929,2.4707720582922625e-05,0.0,0.0,0.0,270,-1.0,-1.0,9.733766233766234,0.3125,0.0,0.0,0.006307514618339002,1.5040820562322934,0.9834657533734585,720.0,7.570766909977316e-06,0.005450952175183667,0.0001772331130305642,0.12760784138200623,8.716980516309622e-05,0.06276225971742928,6.977488172752746e-05,0.05023791484381977,8.6210876295835e-06,0.00620718309330012,-0.0002208180156121123,-0.15898897124072087,1.770000474745855e-06,0.0012744003418170156,5.141263680395472e-06,0.00370170984988474,-5.397599068587747e-05,-0.03886271329383178,localized_burst
vanilla_rl,789,-0.848335355887995,-0.0026482682780121303,-0.0026239364535425693,2.4331824469561658e-05,0.017518913618084393,-48.15625936786175,-48.80697373927609,0.8479322681417579,-1.0004753772929533,340.7320458534733,2.0443922751208397,0.004434558037371782,0.0,0.0,0.0,0,-1.0,-1.0,0.0,0.5,0.0,0.0,0.4610239374042177,0.007556822997239334,-0.0016994663297390262,720.0,2.6640049420092797e-05,0.019180835582466815,0.002980509322761999,2.1459667123886392,2.4331824469561658e-05,0.017518913618084393,0.00019772632855769246,0.14236295656153858,5.061517593722157e-06,0.0036442926674799528,-0.0029926752349967796,-2.1547261691976813,0.0,0.0,-0.0026239364535425693,-1.8892342465506498,-1.7227429828502987e-05,-0.01240374947652215,localized_burst
hrl_raw,789,-0.6814884533620411,-0.0016441142408374688,-0.0016193060048442203,2.480823599324833e-05,0.017861929915138797,-45.61333518198602,-47.27282755880227,0.6809246020594498,-1.0008280671617473,216.999212723469,1.3019952763408138,0.01599081514491872,0.0,0.0,0.0,0,-1.0,-1.0,0.0,0.5,0.0,0.0,0.4610239374042177,0.012616380680076611,-0.009900033754935547,720.0,2.38581721767128e-05,0.017177883967233215,0.001959761795242444,1.4110284925745598,2.480823599324833e-05,0.017861929915138797,0.00019714422596447902,0.1419438426944249,2.460502403663448e-06,0.0017715617306376824,-0.0019721659132390683,-1.419959457532129,0.0,0.0,-0.0016193060048442203,-1.1659003234878387,-1.486462040028761e-05,-0.010702526688207079,localized_burst
raw_history,789,0.0026205459777997042,-2.046063545794177e-05,2.8557765369766208e-06,2.3316411994918384e-05,0.016787816636341237,0.24798779607944096,0.3594971671045398,0.027258157989781595,0.09613804347241958,27.44202806087081,0.16465216836522484,0.0004299718235480707,0.0,0.0,0.0,0,-1.0,-1.0,0.1797752808988764,0.5,0.0,0.0,0.023249544924415742,0.3820027600962902,0.17672932627264787,720.0,1.662014429814864e-05,0.011966503894667021,0.0003502295259802223,0.25216525870576006,2.3316411994918384e-05,0.016787816636341237,0.0002157791430598475,0.1553609830030902,2.2643899656115847e-06,0.0016303607752403409,-0.0003618877319776815,-0.26055916702393067,0.0,0.0,2.8557765369766208e-06,0.002056159106623167,-1.3922595963070775e-05,-0.010024269093410958,localized_burst
freq_single_policy,789,-0.21722883019772132,-0.0003544466003599865,-0.00034150622824206787,1.2940372117918664e-05,0.009317067924901438,-17.67297895144654,-23.53317272632755,0.2153615723431288,-1.0086703390687428,73.03674643346056,0.4382204786007634,0.0007689003382002687,0.0,0.0,0.0,0,-1.0,-1.0,0.02247191011235955,0.5,0.0,0.0,0.08533133865471787,0.11180070670219606,-0.21703894683508473,720.0,2.5120486391511953e-05,0.018086750201888605,0.0007406264385764179,0.5332510357750209,1.2940372117918664e-05,0.009317067924901438,0.0002435506396549921,0.17535646055159432,1.5612936256083306e-06,0.001124131410437998,-0.0007470966246353771,-0.5379095697374715,0.0,0.0,-0.00034150622824206787,-0.24588448433428886,-8.03147968456766e-06,-0.005782665372888716,localized_burst
lf_upper_only,789,0.030904226979754368,-5.239374515386155e-05,4.2262317778121305e-05,9.465606293198285e-05,0.06815236531102765,4.052020458115738,5.834750239950163,0.0072633329970679394,4.254827224943394,5.114040794723538,0.03068424476834123,2.5240890100962516e-05,0.0,0.0,0.0,0,-1.0,-1.0,5.571428571428571,0.5,0.0,0.0,0.0013136853155083278,1.766324154984149,1.0593744690666143,720.0,1.6728117534312756e-06,0.0012044244624705184,0.0001330280216662149,0.09578017559967472,9.465606293198285e-05,0.06815236531102765,8.32569944275881e-05,0.05994503598786343,7.784736703365014e-06,0.005605010426422811,-0.0001803560531322063,-0.12985635825518854,0.0,0.0,4.2262317778121305e-05,0.03042886880024734,-5.511276816935645e-05,-0.03968119308193664,localized_burst
hf_lower_only,789,-0.01740675941690495,-6.845006957059466e-05,-2.963396953657574e-05,3.881610003401891e-05,0.027947592024493616,-8.429541416090293,-11.772523184192156,0.01740675941690495,-1.0,7.360808043147562,0.04416484825888537,0.0026241688059291703,0.0,0.0,0.0,0,-1.0,-1.0,25.213483146067414,0.5,0.0,0.0,0.0,0.8560211707485763,0.050184719676468995,720.0,4.54928468219025e-06,0.0032754849711769804,8.961610711117891e-05,0.06452359712004882,3.881610003401891e-05,0.027947592024493616,3.240515041932202e-05,0.023331708301911856,5.532868251943123e-07,0.0003983665141399049,-0.00010902415712818838,-0.07849739313229563,0.0,0.0,-2.963396953657574e-05,-0.021336458066334534,-1.996133684220377e-05,-0.014372162526386713,localized_burst
allfreq_alllayers,789,-0.23125510563827367,-0.0003846974293731997,-0.00036621773797839216,1.8380189614734667e-05,0.01323373652260896,-17.80712468167881,-23.19156509899752,0.22947771565776298,-1.007745370723323,76.53347375946797,0.45920084255680776,0.0005817229814829483,0.0,0.0,0.0,88,-1.0,-1.0,0.056179775280898875,0.4388888888888889,0.0,0.0,0.08614495384571039,0.22233663743536775,-0.21901208043350207,720.0,2.628604094648737e-05,0.018925949481470906,0.000770594279047261,0.5548278809140279,1.8380189614734667e-05,0.01323373652260896,0.0002464386150336528,0.17743580282423,1.5239535179573242e-06,0.0010972465329292735,-0.0007797843738546284,-0.5614447491753325,9.950178007291946e-08,7.164128165250201e-05,-0.00036621773797839216,-0.26367677134444234,-1.0813550105397576e-05,-0.007785756075886255,localized_burst
swapped,789,-0.13943451146698838,-0.00023015855226304,-0.00021415087436091513,1.59081761220519e-05,0.011453886807877367,-15.067672107235737,-20.559620715296575,0.13943451146698838,-1.0,44.900241780552506,0.269401450683315,0.002839137875668981,0.0,0.0,0.0,88,-1.0,-1.0,0.0449438202247191,0.4388888888888889,0.0,0.0,0.0921235628398536,0.20906757824727285,-0.47388708716058714,720.0,2.1156290078460935e-05,0.015232528856491874,0.0004848615015631052,0.34910028112543573,1.59081761220519e-05,0.011453886807877367,0.00014453979281656607,0.10406865082792757,2.197324332508082e-06,0.001582073519405819,-0.0004928155896241312,-0.35482722452937443,9.950178007291946e-08,7.164128165250201e-05,-0.00021415087436091513,-0.1541886295398589,-1.0250914173606952e-05,-0.0073806582049970055,localized_burst
no_promotion,789,0.02992612958863239,-5.334738608667062e-05,4.0970728761038226e-05,9.431811484770883e-05,0.06790904269035036,3.8802977586425644,5.386912705704199,0.007293224538369225,4.103278245609028,5.364017073329581,0.032184102439977484,1.2287507090042997e-05,0.0,0.0,0.0,0,-1.0,-1.0,2.7142857142857144,0.5,0.0,0.0,0.0013136853155083278,1.8207799436343621,0.9952419959054144,720.0,1.8217458412619496e-06,0.0013116570057086037,0.00013503053385046458,0.0972219843723345,9.431811484770883e-05,0.06790904269035036,8.387370021170287e-05,0.060389064152426064,7.578822006220085e-06,0.005456751844478461,-0.00018218959127431906,-0.13117650571750972,0.0,0.0,4.0970728761038226e-05,0.029498924707947523,-5.4737879430074513e-05,-0.03941127318965365,localized_burst
no_leakage,789,0.016800211411088117,2.155161079222157e-05,2.165111257229449e-05,0.0,0.0,2.1299769056346873,3.124838446814087,0.010948328831332677,1.5345000748432147,10.396073183809309,0.062376439102855855,0.000765796079815493,0.0,0.0,0.0,88,-1.0,-1.0,13.0,0.4388888888888889,0.0,0.0,0.0014602653434046002,0.8868908593260096,0.842233381859277,720.0,4.084278800201147e-06,0.0029406807361448254,0.000181597281845926,0.13075004292906672,0.0,0.0,0.00010573236913013524,0.07612730577369738,2.597858891206115e-06,0.0018704584016684027,-0.000181597281845926,-0.13075004292906672,9.950178007291946e-08,7.164128165250201e-05,2.165111257229449e-05,0.015588801052052034,-2.697360671279034e-06,-0.0019420996833209047,localized_burst
freq_hrl,789,0.032235475147325054,-4.9614202314089414e-05,4.408603671879836e-05,9.360073725281487e-05,0.0673925308220267,3.944225226872753,5.4103769863535245,0.008505033262224404,3.7901645006493716,5.592901056391076,0.03355740633834646,1.2492511825719866e-05,0.0,0.0,0.0,88,-1.0,-1.0,2.375,0.4388888888888889,0.0,0.0,0.00146875015323374,1.7970281801991244,0.9447772778926868,720.0,1.4709781759992673e-06,0.0010591042867194725,0.00014274150082123295,0.10277388059128773,9.360073725281487e-05,0.0673925308220267,8.92475523697095e-05,0.06425823770619084,5.968696989291858e-06,0.004297461832290138,-0.00018954186944764037,-0.13647014600230106,9.950178007291946e-08,7.164128165250201e-05,4.408603671879836e-05,0.03174194643753482,-5.28685673957722e-05,-0.038065368524955984,localized_burst
vanilla_rl,2026,-0.845766225088281,-0.0026234417236185663,-0.0026005885011359626,2.285322248260413e-05,0.016454320187474974,-52.82041991709377,-53.588938466068704,0.845285845554081,-1.000568304244921,336.2283399221051,2.01737003953263,0.004297516682742515,0.0,0.0,0.0,0,-1.0,-1.0,0.0,0.5,0.0,0.0,0.4455234969862841,0.008149823459683956,-0.013176500703031991,720.0,6.054450445740187e-06,0.004359204320932935,0.0029647991574031393,2.1346553933302603,2.285322248260413e-05,0.016454320187474974,0.00020385491446799113,0.14677553841695362,4.022434730721774e-06,0.0028961530061196775,-0.002976225768644441,-2.1428825534239975,0.0,0.0,-0.0026005885011359626,-1.872423720817893,-1.5449045972023836e-05,-0.011123313099857163,localized_burst
hrl_raw,2026,-0.6769243845881527,-0.001622124350771129,-0.0015987231686313374,2.3401182139791403e-05,0.01684885114064981,-47.9480013684861,-50.347385084217564,0.676254241911046,-1.0009909626225972,213.1475758711291,1.2788854552267745,0.015538500185568401,0.0,0.0,0.0,0,-1.0,-1.0,0.0,0.5,0.0,0.0,0.4455234969862841,0.013675548491763683,-0.019755244239495554,720.0,5.288221675896306e-06,0.0038075196066453404,0.0019476811952269407,1.4023304605633973,2.3401182139791403e-05,0.01684885114064981,0.00020329540898997897,0.14637269447278486,1.915567604266183e-06,0.0013792086750716518,-0.0019593817862968363,-1.4107548861337222,0.0,0.0,-0.0015987231686313374,-1.1510806814145629,-1.3616158674161888e-05,-0.00980363424539656,localized_burst
raw_history,2026,-0.01394223343440859,-4.3893054890310736e-05,-2.038202697373099e-05,2.3511027916579742e-05,0.016927940099937415,-1.224169294669056,-1.7654794675368777,0.02864216973375966,-0.4867729492565398,28.537852499827064,0.17122711499896237,0.0004861289091110326,0.0,0.0,0.0,0,-1.0,-1.0,0.6324786324786325,0.5,0.0,0.0,0.0248695411533845,0.38548569277915773,0.11195133425419634,720.0,-3.826460651084704e-06,-0.002755051668780987,0.0003868553850594932,0.27853587724283513,2.3511027916579742e-05,0.016927940099937415,0.0002222321289941346,0.16000713287577692,3.7161024985004207e-07,0.00026755937989203027,-0.00039861089901778305,-0.2869998472928038,0.0,0.0,-2.038202697373099e-05,-0.014675059421086314,-1.2127124208139915e-05,-0.008731529429860739,localized_burst
freq_single_policy,2026,-0.2290491322430045,-0.0003764318772986637,-0.0003626651089748269,1.3766768323836868e-05,0.009912073193162545,-18.159061336183854,-24.644123473037446,0.22680517904831576,-1.0098937475947616,73.37630365197427,0.4402578219118456,0.0007901102872327358,0.0,0.0,0.0,0,-1.0,-1.0,0.09401709401709402,0.5,0.0,0.0,0.0862158445873575,0.12160774999011315,-0.22589576203484416,720.0,-1.13435081207634e-06,-0.0008167325846949649,0.000773699276779316,0.5570634792811076,1.3766768323836868e-05,0.009912073193162545,0.0002515186595115004,0.1810934348482803,7.383213777044456e-07,0.0005315913919472008,-0.0007805826609412343,-0.5620195158776887,0.0,0.0,-0.0003626651089748269,-0.26111887846187537,-7.62170553962288e-06,-0.005487627988528474,localized_burst
lf_upper_only,2026,0.01803407904590748,-7.118624407800674e-05,2.4787141575079573e-05,9.597338565308633e-05,0.06910083767022215,2.363627565926505,3.3541229177037337,0.014088132621101868,1.280090096461414,5.683879292041756,0.03410327575225054,3.8582691279115145e-05,0.0,0.0,0.0,0,-1.0,-1.0,36.04,0.5,0.0,0.0,0.0016823845489376853,1.822202740534579,1.049341423525355,720.0,7.443832929516703e-06,0.005359559709252026,0.00013227794038790324,0.09524011707929034,9.597338565308633e-05,0.06910083767022215,6.478613479513573e-05,0.046646017052497726,1.7333961926788188e-05,0.012480452587287494,-0.0001802646332144464,-0.1297905359144014,0.0,0.0,2.4787141575079573e-05,0.017846741934057293,-6.532065475333135e-05,-0.04703087142239857,localized_burst
hf_lower_only,2026,-0.01967357295930494,-7.464429248109335e-05,-3.4124027926888714e-05,4.052026455420463e-05,0.029174590479027335,-8.098142489901356,-11.585856553583195,0.019694777182116763,-0.9989233580753035,7.753096635314466,0.0465185798118868,0.0032659093777483686,0.0,0.0,0.0,0,-1.0,-1.0,14.974358974358974,0.5,0.0,0.0,0.0,0.8534185895897528,0.03020456424456975,720.0,-2.424295672020321e-06,-0.001745492883854631,0.00010306061966107974,0.07420364615597741,4.052026455420463e-05,0.029174590479027335,3.9441225128248906e-05,0.02839768209233921,0.0,0.0,-0.00012332075193818203,-0.08879094139549107,0.0,0.0,-3.4124027926888714e-05,-0.024569300107359873,-2.0260132277102316e-05,-0.014587295239513668,localized_burst
allfreq_alllayers,2026,-0.24879025378817066,-0.00041868503620402363,-0.0003983223767965487,2.0174756196056948e-05,0.014525824461161001,-19.038277250847123,-25.33174753536484,0.24663376057227004,-1.0087437065018872,77.48193597723673,0.46489161586342037,0.0006190061117662782,0.0,0.0,0.0,188,-1.0,-1.0,0.08547008547008547,0.36944444444444446,0.0,0.0,0.09141237509510153,0.23906041642328904,-0.16894969083136271,720.0,5.229252670720807e-07,0.0003765061922918981,0.0008063402728948315,0.5805649964842787,2.0174756196056948e-05,0.014525824461161001,0.0002480755099702179,0.1786143671785569,7.870477423452126e-07,0.0005666743744885531,-0.0008164276509928599,-0.5878279087148591,1.8790321141799137e-07,0.00013529031222095378,-0.0003983223767965487,-0.28679211129351506,-1.1062329051791677e-05,-0.007964876917290007,localized_burst
swapped,2026,-0.15561502341829414,-0.00025864582084763444,-0.00024095027067262803,1.7507646963588432e-05,0.012605505813783672,-14.864869333092877,-21.441587184858072,0.15561502341829414,-1.0,45.15387313957993,0.2709232388374796,0.0030708306252928298,0.0,0.0,0.0,188,-1.0,-1.0,0.07692307692307693,0.36944444444444446,0.0,0.0,0.0807239818139182,0.23501502325361281,-0.48509249737491483,720.0,-1.1774809043554628e-05,-0.008477862511359333,0.0005256940865247024,0.3784997422977857,1.7507646963588432e-05,0.012605505813783672,0.00015324847578467835,0.11033890256496841,6.632852831200283e-06,0.004775654038464204,-0.0005344479100064967,-0.3848024952046776,1.8790321141799137e-07,0.00013529031222095378,-0.00024095027067262803,-0.17348419488429218,-1.557457952441249e-05,-0.011213697257576993,localized_burst
no_promotion,2026,0.017183126966867412,-7.258728291598731e-05,2.366515483079934e-05,9.625243774678665e-05,0.06930175517768639,2.2221674564848253,3.0263171351220013,0.014310877170572445,1.2007039653866358,5.917300997964077,0.03550380598778446,1.941278557697368e-05,0.0,0.0,0.0,0,-1.0,-1.0,36.0,0.5,0.0,0.0,0.0016823845489376853,1.880871930942442,0.9763773496185227,720.0,7.449740571041518e-06,0.005363813211149893,0.0001342096581409057,0.0966309538614521,9.625243774678665e-05,0.06930175517768639,6.556508148061239e-05,0.04720685866604092,1.6995355062980396e-05,0.012236655645345885,-0.00018233587701429901,-0.1312818314502953,0.0,0.0,2.366515483079934e-05,0.017038911478175524,-6.512157393637372e-05,-0.04688753323418908,localized_burst
no_leakage,2026,0.013154946984776483,1.6104803625884083e-05,1.6292706837302074e-05,0.0,0.0,1.4048330200656431,2.3253678603960752,0.022638257330740208,0.5810936236206461,11.501654870930501,0.06900992922558302,0.0009597909701434972,0.0,0.0,0.0,188,-1.0,-1.0,3.965811965811966,0.36944444444444446,0.0,0.0,0.0034873046710583422,0.9285282565011447,0.857616226040558,720.0,9.938127378570501e-06,0.007155451712570761,0.00019795387705096357,0.14252679147669378,0.0,0.0,0.00010412128532343941,0.07496732543287637,1.183284075534865e-05,0.008519645343851029,-0.00019795387705096357,-0.14252679147669378,1.8790321141799137e-07,0.00013529031222095378,1.6292706837302074e-05,0.011730748922857494,-1.2020743966766642e-05,-0.008654935656071982,localized_burst
freq_hrl,2026,0.030459601411402026,-5.192623621712859e-05,4.169992829412745e-05,9.343826129983803e-05,0.06727554813588338,3.0521739997843813,4.733449748964064,0.018607313186641772,1.6369693520969506,6.838596956921838,0.04103158174153102,2.088260373530805e-05,0.0,0.0,0.0,188,-1.0,-1.0,13.432098765432098,0.36944444444444446,0.0,0.0,0.0036810102871832778,1.7726758155294668,0.9858990006252591,720.0,1.1895445579456011e-05,0.008564720817208328,0.00015970906139045423,0.11499052420112704,9.343826129983803e-05,0.06727554813588338,8.683455589649067e-05,0.06252088024547328,1.9588193547488142e-05,0.014103499354191463,-0.00020642819204037325,-0.14862829826906873,1.8790321141799137e-07,0.00013529031222095378,4.169992829412745e-05,0.03002394837177176,-6.649522740882515e-05,-0.04787656373435411,localized_burst
vanilla_rl,42,-0.8490275537333725,-0.0026600787876864714,-0.0026315122060705984,2.8566581615873593e-05,0.020567938763428988,-40.29459677029363,-43.281667131779415,0.8483451067135835,-1.000804445047644,363.63571404785097,2.1818142842871056,0.00528542186204003,-0.0019179195911438315,-0.23015035093725977,0.23615960111986153,0,-1.0,-1.0,0.0,0.5,0.0,0.0,0.45940338479435744,0.008393280288880901,-0.013941536764578788,720.0,3.998852664004458e-06,0.0028791739180832098,0.0032408983747126753,2.333446829793126,2.8566581615873593e-05,0.020567938763428988,0.00040535740205490203,0.29185732947952947,8.446022041724213e-06,0.0060811358700414335,-0.0032551816655206115,-2.3437307991748404,0.0,0.0,-0.0026315122060705984,-1.8946887883708308,-2.2729312849661008e-05,-0.016365105251755926,ood_period
hrl_raw,42,-0.6722274581075238,-0.0016149014447275289,-0.0015859107265373306,2.899071819019871e-05,0.02087331709694307,-35.18941353505409,-40.7485100824984,0.6712411816524813,-1.0014693324575445,233.75565748868374,1.4025339449321024,0.01929577899820741,-0.0009889895787882077,-0.11867874945458493,0.1279769101393053,0,-1.0,-1.0,0.00684931506849315,0.5,0.0,0.0,0.45940338479435744,0.013878234459776047,-0.015239234559695041,720.0,-2.9151734246712353e-06,-0.0020989248657632895,0.0021707364385236782,1.5629302357370485,2.899071819019871e-05,0.02087331709694307,0.00040355981728945324,0.29056306844840635,4.742728169794262e-06,0.003414764282251869,-0.0021852317976187776,-1.57336689428552,0.0,0.0,-0.0015859107265373306,-1.141855723106878,-1.9238087264893616e-05,-0.013851422830723404,ood_period
raw_history,42,0.10141651124761775,0.00011129928319824916,0.0001327982717757729,2.1498988577523705e-05,0.015479271775817068,5.141583801736347,10.55260974042351,0.09300065830505055,1.0904924018383013,37.28381122572444,0.22370286735434666,0.0008096633659944565,0.0005928602660254639,0.07114323192305566,0.00850179531037771,0,-1.0,-1.0,0.23972602739726026,0.5,0.0,0.0,0.030173141283197806,0.3578207511635163,0.13522715760766651,720.0,-1.4819149042729674e-05,-0.010669787310765365,0.0005124373257991172,0.36895487457536436,2.1498988577523705e-05,0.015479271775817068,0.00045993517443152854,0.33115332559070054,4.094149016991981e-07,0.00029477872922342263,-0.000523186820087879,-0.3766945104632729,0.0,0.0,0.0001327982717757729,0.09561475567855648,-1.115890919046105e-05,-0.008034414617131957,ood_period
freq_single_policy,42,-0.1668058393616153,-0.00027078136182991986,-0.00025535079322632707,1.5430568603592812e-05,0.011110009394586826,-7.865184645109079,-12.23322672616976,0.23762372892781414,-0.701974672791571,88.99832823425976,0.5339899694055585,0.0011496501455730036,0.0002691569606045193,0.03229883527254232,0.023158609180618163,0,-1.0,-1.0,0.02054794520547945,0.5,0.0,0.0,0.09510545386001686,0.1182118075386308,-0.17250561114631618,720.0,-1.6120998315638888e-05,-0.01160711878726,0.0009631355582825964,0.6934576019634694,1.5430568603592812e-05,0.011110009394586826,0.000504722240665956,0.3634000132794883,1.0079478450602413e-06,0.0007257224484433738,-0.0009708508425843928,-0.6990126066607628,0.0,0.0,-0.00025535079322632707,-0.1838525711229555,-8.723232146856647e-06,-0.006280727145736786,ood_period
lf_upper_only,42,0.2541525408579557,0.00021992998367587215,0.00031465587337430403,9.472588969843184e-05,0.06820264058287093,14.415872356785178,31.060640645473967,0.007969720894794974,31.889766807761458,6.358393703396982,0.038150362220381887,4.65054457998818e-05,0.0005819739402861594,0.06983687283433913,0.001957782622562906,0,-1.0,-1.0,19.75,0.5,0.0,0.0,0.0008046362354373585,1.804402633141271,0.9476792235426875,720.0,6.758390004456026e-06,0.004866040803208339,0.00020617557125562146,0.14844641130404745,9.472588969843184e-05,0.06820264058287093,0.00036097710845642267,0.25990351808862433,3.264664759390816e-06,0.0023505586267613876,-0.0002535385161048374,-0.18254773159548293,0.0,0.0,0.00031465587337430403,0.2265522288294989,-5.062760960860674e-05,-0.03645187891819685,ood_period
hf_lower_only,42,-0.024324637716332753,-7.7933165916357e-05,-4.1004183903830934e-05,3.692898201252607e-05,0.026588867049018767,-7.741744936311024,-12.91133897968894,0.02788260657822561,-0.8723946826165317,10.710126979090884,0.0642607618745453,0.0034049456297592508,4.9207439125609774e-05,0.005904892695073173,0.0031131013737699578,0,-1.0,-1.0,5.034246575342466,0.5,0.0,0.0,0.0,0.7698141141414429,0.05936915797867897,720.0,-3.5120187150278126e-06,-0.002528653474820025,0.00013315262300756986,0.0958698885654503,3.692898201252607e-05,0.026588867049018767,5.856878422980608e-05,0.04216952464546038,2.3599719107575797e-06,0.0016991797757454573,-0.0001516171140138329,-0.10916432208995969,0.0,0.0,-4.1004183903830934e-05,-0.029523012410758272,-2.082446291702061e-05,-0.01499361330025484,ood_period
allfreq_alllayers,42,-0.19693386562172555,-0.0003258804939944257,-0.00030538579501295714,2.047382151445566e-05,0.014741151490408076,-9.003237767815621,-13.295737516934265,0.2549063609815251,-0.7725733671903102,95.42461016897406,0.5725476610138444,0.0006172804599174438,0.00022480848816174148,0.026977018579408978,0.027190586366608812,79,92.0,92.0,0.0273972602739726,0.5741666666666667,0.35443037974683544,0.23333333333333334,0.0952604739139284,0.18322543902031507,-0.16353886831222036,720.0,-1.5321302942736446e-05,-0.011031338118770242,0.0010161799562450101,0.7316495684964073,2.047382151445566e-05,0.014741151490408076,0.0005063751535910647,0.36459011058556656,1.097463547839172e-06,0.0007901737544442038,-0.001026416867002238,-0.7390201442416113,2.0877467012938593e-08,1.5031776249315786e-05,-0.00030538579501295714,-0.21987777240932915,-1.1355251772079942e-05,-0.008175781275897558,ood_period
swapped,42,-0.16471707394559099,-0.00028033083357896526,-0.0002609491920200339,1.936076409191847e-05,0.0139397501461813,-11.638689474245242,-18.174234372917077,0.17092677011007462,-0.9636704293863116,62.533292099448374,0.3751997525966903,0.005583705896784418,0.00012440595794686082,0.014928714953623298,0.020825134804158638,79,92.0,92.0,0.00684931506849315,0.5741666666666667,0.35443037974683544,0.23333333333333334,0.13522078344851998,0.22878803932613728,-0.4506161928790089,720.0,-1.777076381405234e-05,-0.012794949946117684,0.0007032611130496343,0.5063480013957367,1.936076409191847e-05,0.0139397501461813,0.00028909975108299047,0.20815182077975314,8.273377531779576e-06,0.0059568318228812945,-0.0007129414950955935,-0.5133178764688273,2.0877467012938593e-08,1.5031776249315786e-05,-0.0002609491920200339,-0.1878834182544244,-1.7974637044751753e-05,-0.01294173867222126,ood_period
no_promotion,42,0.2519987596635387,0.00021762273479381116,0.00031231673691411625,9.469400212030515e-05,0.06817968152661971,14.18357229616549,28.340102925569397,0.008689369279179848,29.000811401506432,6.780788015727453,0.040684728094364714,2.3592163386380055e-05,0.0005813125621687734,0.0697575074602528,0.001968346939252532,0,-1.0,-1.0,40.40350877192982,0.5,0.0,0.0,0.0008046362354373585,1.8467447965913233,0.8934561648351553,720.0,6.807984500888135e-06,0.004901748840639457,0.0002097400822564072,0.1510128592246132,9.469400212030515e-05,0.06817968152661971,0.00036206250353772965,0.26068500254716537,3.181912949823563e-06,0.0022909773238729654,-0.0002570870833165598,-0.18510269998792303,0.0,0.0,0.00031231673691411625,0.2248680505781637,-5.0528914009976125e-05,-0.03638081808718281,ood_period
no_leakage,42,0.21904910356639373,0.0002733145798404933,0.00027333545730750625,0.0,0.0,12.387686234676337,31.351516492526308,0.025346051886884435,8.642336271699296,14.0269488597093,0.0841616931582558,0.0009894514338769833,0.0005960814195123023,0.07152977034147628,0.0026256812027165176,79,92.0,92.0,1.5342465753424657,0.5741666666666667,0.35443037974683544,0.23333333333333334,0.0008210619797919356,0.8475282404598836,0.8010718171024048,720.0,4.682671930905513e-06,0.0033715237902519693,0.00027444986079634465,0.19760389977336815,0.0,0.0,0.00038752292874193216,0.27901650869419115,1.200367500487797e-06,0.0008642646003512138,-0.00027444986079634465,-0.19760389977336815,2.0877467012938593e-08,1.5031776249315786e-05,0.00027333545730750625,0.19680152926140448,-1.2212449675007354e-06,-0.0008792963766005295,ood_period
freq_hrl,42,0.2530344404891176,0.00021878884704821795,0.0003134667423456611,9.465701783043022e-05,0.06815305283790976,14.184226638707338,28.450380445192632,0.008689369279179848,29.12000081471971,6.80972133177607,0.04085832799065642,2.3626503249766157e-05,0.0005859781047709478,0.07031737257251373,0.001969308402709075,79,92.0,92.0,71.98214285714286,0.5741666666666667,0.35443037974683544,0.23333333333333334,0.0008193038086055187,1.8442447832359172,0.8966064003411711,720.0,7.1402236845051635e-06,0.0051409610528437176,0.00021041422613121572,0.15149824281447533,9.465701783043022e-05,0.06815305283790976,0.00036312144943245604,0.26144744359136834,3.181912949823563e-06,0.0022909773238729654,-0.0002577427350464309,-0.18557476923343022,2.0877467012938593e-08,1.5031776249315786e-05,0.0003134667423456611,0.225696054488876,-5.053129933205162e-05,-0.036382535519077164,ood_period
vanilla_rl,123,-0.8610692261373318,-0.002776711857179812,-0.0027471904014264867,2.9521455753324668e-05,0.02125544814239376,-39.48894390843989,-41.96016755441132,0.860541531298926,-1.0006132125170175,380.60120716473904,2.2836072429884338,0.005658920436974111,-0.0019262864310929581,-0.23115437173115497,0.23782788874282967,0,-1.0,-1.0,0.0,0.5,0.0,0.0,0.4639948639676631,0.007885695530949489,-0.013769565945417932,720.0,4.101614194059674e-05,0.029531622197229657,0.003355103243274823,2.4156743351578727,2.9521455753324668e-05,0.02125544814239376,0.0003947880238796896,0.2842473771933765,1.0130074760727392e-05,0.007293653827723723,-0.0033698639711514855,-2.4263020592290694,0.0,0.0,-0.0027471904014264867,-1.9779770890270705,-2.4890802637389726e-05,-0.017921377898920603,ood_period
hrl_raw,123,-0.6812802661600681,-0.0016564844849068882,-0.0016264948071624227,2.9989677744465168e-05,0.02159256797601492,-33.77635749455392,-38.32221938487795,0.6806423417492122,-1.0009372387988917,241.73556273963808,1.4504133764378284,0.020217482346689394,-0.0008872702983276174,-0.10647243579931409,0.12082451581117157,0,-1.0,-1.0,0.0,0.5,0.0,0.0,0.4639948639676631,0.013235430645999023,-0.0100133290892481,720.0,3.528110896027288e-05,0.025402398451396475,0.0022097191779259285,1.5909978081066685,2.9989677744465168e-05,0.02159256797601492,0.00039312207140100054,0.2830478914087204,6.358235638409617e-06,0.004577929659654924,-0.002224714016798161,-1.6017940920946758,0.0,0.0,-0.0016264948071624227,-1.1710762611569443,-2.13530745106422e-05,-0.015374213647662385,ood_period
raw_history,123,0.1403121236674434,0.00015798647730616585,0.00018108694985408095,2.3100472547915094e-05,0.016632340234498867,6.94602072675733,14.759612994072384,0.08522698832523079,1.6463344114895242,35.71896584648608,0.21431379507891649,0.0007711925271805267,0.0006614773571749757,0.07937728286099709,0.007687220193725872,0,-1.0,-1.0,0.088,0.5,0.0,0.0,0.029618952886223883,0.3723381283207409,0.1641454119539786,720.0,2.970805006307933e-05,0.021389796045417117,0.0004603894007204344,0.33148036851871276,2.3100472547915094e-05,0.016632340234498867,0.00045057933356608003,0.3244171201675776,9.597002445760725e-06,0.006909841760947721,-0.00047193963699439196,-0.3397965386359622,0.0,0.0,0.00018108694985408095,0.13038260389493828,-2.1147238719718268e-05,-0.015226011878197153,ood_period
freq_single_policy,123,-0.15343841043193485,-0.0002489273083136433,-0.00023332025122220745,1.5607057091435795e-05,0.011237081105833772,-6.972276513247071,-10.639407496091609,0.2435821735073863,-0.6299246296333834,90.20852514803335,0.5412511508882,0.0011958019882788095,0.0003922267003466571,0.04706720404159885,0.021045680556368396,0,-1.0,-1.0,0.008,0.5,0.0,0.0,0.1029881867142401,0.10807689338244213,-0.11832403588437618,720.0,3.1572959791130425e-05,0.022732531049613904,0.0009336348804766884,0.6722171139432157,1.5607057091435795e-05,0.011237081105833772,0.0004892361025301643,0.3522499938217183,6.373518547395785e-06,0.004588933354124965,-0.0009414384090224064,-0.6778356544961326,0.0,0.0,-0.00023332025122220745,-0.16799058087998936,-1.4177047093113685e-05,-0.010207473907041853,ood_period
lf_upper_only,123,0.21904554949640298,0.00018020676328383802,0.00027520378393131625,9.499702064747819e-05,0.0683978548661843,12.808370555917634,23.836870191544307,0.024283990312933046,9.02016294166222,6.605910322492415,0.039635461934954486,4.752333409797879e-05,0.0005230534330057985,0.06276641196069582,0.002333560120773422,0,-1.0,-1.0,66.94444444444444,0.5,0.0,0.0,0.0011116743408634718,1.7987731333461439,0.9066397268242293,720.0,1.677517005493348e-05,0.012078122439552107,0.0001727542960813159,0.12438309317854745,9.499702064747819e-05,0.0683978548661843,0.00031357291323201553,0.22577249752705117,1.6825910242306207e-05,0.012114655374460468,-0.00022025280640505503,-0.15858202061163962,0.0,0.0,0.00027520378393131625,0.1981467244305477,-6.43244205660453e-05,-0.04631358280755262,ood_period
hf_lower_only,123,-0.013785222102188133,-6.492220561007328e-05,-2.6694808332839787e-05,3.822739727723349e-05,0.027523726039608114,-3.765305626475561,-7.2764522367447535,0.02399058556865652,-0.5746096552223552,10.590339812378465,0.06354203887427079,0.0037125440881787173,0.00010543704676947194,0.012652445612336633,0.0031856099160239987,0,-1.0,-1.0,6.6,0.5,0.0,0.0,0.0,0.7892777355111056,0.046096255744120504,720.0,3.9649184693912326e-06,0.0028547412979616875,0.0001279872252076077,0.09215080214947755,3.822739727723349e-05,0.027523726039608114,6.501819314394696e-05,0.046813099063641804,2.3103973135716907e-06,0.0016634860657716174,-0.00014710092384622445,-0.1059126651692816,0.0,0.0,-2.6694808332839787e-05,-0.019220261999644647,-2.142409595218844e-05,-0.015425349085575675,ood_period
allfreq_alllayers,123,-0.1879966676711794,-0.00031136496474560345,-0.0002900444118099253,2.1058091762909663e-05,0.015161826069294958,-8.25221941827964,-11.930511192573611,0.26309976226915954,-0.7145451825944743,97.51626083771315,0.5850975650262789,0.0006449694748439152,0.0003318849946365721,0.039826199356388654,0.02578933041995149,203,90.0,90.0,0.024,0.48083333333333333,0.1477832512315271,0.25,0.10380477937626083,0.17460832862373468,-0.09939553000563611,720.0,3.151085620800098e-05,0.022687816469760702,0.0009954637959211131,0.7167339330632014,2.1058091762909663e-05,0.015161826069294958,0.0004923701779127043,0.3545065280971471,6.467318528383971e-06,0.004656469340436459,-0.0010059928418025678,-0.7243148460978488,2.6246117276839367e-07,0.00018897204439324345,-0.0002900444118099253,-0.20883197650314622,-1.7258825582607194e-05,-0.012426354419477181,ood_period
swapped,123,-0.14200003500171532,-0.00024212871795468326,-0.00022382167855582605,1.8044578226088797e-05,0.012992096322783933,-9.06429723998445,-15.787594926890323,0.14520936945411733,-0.9778985718038251,61.10192076832435,0.3666115246099461,0.005666052630456255,0.00034860050471378657,0.04183206056565439,0.0188279547391802,203,90.0,90.0,0.04,0.48083333333333333,0.1477832512315271,0.25,0.14298181546369956,0.21182854806814125,-0.40280321375018974,720.0,1.7902727888504888e-05,0.012889964079723518,0.000662508593841419,0.4770061875658217,1.8044578226088797e-05,0.012992096322783933,0.00027879037188595113,0.20072906775788482,1.1130193690924448e-05,0.008013739457465602,-0.0006715308829544635,-0.4835022357272137,2.6246117276839367e-07,0.00018897204439324345,-0.00022382167855582605,-0.16115160856019475,-2.0414943976737243e-05,-0.014698759663250814,ood_period
no_promotion,123,0.2176479762456669,0.00017770290248381336,0.00027366086513473724,9.595796265092392e-05,0.06908973310866522,12.626762866779409,22.201100039885795,0.024724299277347095,8.802998774775405,7.003945411759066,0.0420236724705544,2.359127275726756e-05,0.0005255215429300333,0.063062585151604,0.0024212047257546887,0,-1.0,-1.0,30.833333333333332,0.5,0.0,0.0,0.0011116743408634718,1.870879462631689,0.8402624433122656,720.0,1.708961000791843e-05,0.01230451920570127,0.00017604698222497035,0.12675382720197864,9.595796265092392e-05,0.06908973310866522,0.0003149846494369922,0.22678894759463442,1.6531327415234886e-05,0.011902555738969117,-0.00022402596355043235,-0.16129869375631128,0.0,0.0,0.00027366086513473724,0.1970358228970108,-6.451030874069684e-05,-0.046447422293301725,ood_period
no_leakage,123,0.1892369421800555,0.0002384783493788126,0.00023874081055158097,0.0,0.0,10.844341684323027,24.74725929177258,0.04488191176775369,4.216329802511144,14.727923036902066,0.0883675382214124,0.0010883471445876614,0.0005456844890382588,0.06548213868459106,0.004039244534697506,203,90.0,90.0,2.016,0.48083333333333333,0.1477832512315271,0.25,0.0023787671836927775,0.865791468249064,0.8254281464507881,720.0,1.904109677981268e-05,0.013709589681465129,0.0002450845554377237,0.17646087991516107,0.0,0.0,0.0003446091000351275,0.2481185520252918,1.3306941636113966e-05,0.009580997978002055,-0.0002450845554377237,-0.17646087991516107,2.6246117276839367e-07,0.00018897204439324345,0.00023874081055158097,0.1718933835971383,-1.356940280888236e-05,-0.009769970022395299,ood_period
freq_hrl,123,0.21263763979624262,0.00017531625131967472,0.0002679438577510159,9.236514525857282e-05,0.06650290458617243,11.848869687964319,21.626392946568508,0.029145822190214332,7.295647328406313,8.004771540867502,0.048028629245205005,2.5444097765533908e-05,0.0004978755285340779,0.05974506342408935,0.0029313162250760353,203,90.0,90.0,19.53271028037383,0.48083333333333333,0.1477832512315271,0.25,0.0023957717799423135,1.7471028309624574,0.9157311037045575,720.0,1.7561297336659305e-05,0.0126441340823947,0.00018706104454437438,0.13468395207194955,9.236514525857282e-05,0.06650290458617243,0.0003171398781171168,0.22834071224432412,2.0123246021576236e-05,0.01448873713553489,-0.00023324361717366073,-0.16793540436503573,2.6246117276839367e-07,0.00018897204439324345,0.0002679438577510159,0.19291957758073144,-6.656827982363104e-05,-0.04792916147301435,ood_period
vanilla_rl,456,-0.832876136796546,-0.0025178363077768065,-0.0024900396025710164,2.7796705205789485e-05,0.02001362774816843,-36.55713433344589,-39.034034509011576,0.8321206798558975,-1.0009078694460272,351.2523081407577,2.1075138488445457,0.005017919441080907,-0.0019085433134065127,-0.22902519760878154,0.2350538114961819,0,-1.0,-1.0,0.0,0.5,0.0,0.0,0.45085618016073986,0.008982602082362918,-0.009231538989495542,720.0,4.1415899118611895e-05,0.029819447365400566,0.0031069661590630306,2.237015634525382,2.7796705205789485e-05,0.02001362774816843,0.0004056829050321803,0.29209169162316984,8.292050259985067e-06,0.0059702761871892485,-0.003120864511665925,-2.247022448399466,0.0,0.0,-0.0024900396025710164,-1.792828513851132,-2.219040286287981e-05,-0.015977090061273465,ood_period
hrl_raw,456,-0.6535761358192745,-0.0015357758783585862,-0.001507473366030986,2.8302512327600067e-05,0.02037780887587205,-32.12850486231226,-36.95600729698409,0.6525337370303657,-1.0015974634409752,229.22530632863433,1.3753518379718064,0.018480947194197066,-0.0010136232539601207,-0.12163479047521447,0.13271253371178482,0,-1.0,-1.0,0.0,0.5,0.0,0.0,0.45085618016073986,0.014721659726285039,-0.009409585762694038,720.0,3.583674046166167e-05,0.025802453132396402,0.0021018491751255224,1.5133314060903762,2.8302512327600067e-05,0.02037780887587205,0.0004038626739676996,0.2907811252567437,4.101343625981101e-06,0.0029529674107063924,-0.0021160004312893227,-1.5235203105283122,0.0,0.0,-0.001507473366030986,-1.08538082354231,-1.8252599789781136e-05,-0.013141871848642418,ood_period
raw_history,456,0.14042189664689309,0.00015818002740288558,0.00018127063808014794,2.309061067726234e-05,0.016625239687628884,7.369503588563719,15.572470722438979,0.06053874142979587,2.3195377592997075,35.68870895784771,0.21413225374708622,0.0007324470918170749,0.0004807524310109125,0.057690291721309496,0.010940616880482583,0,-1.0,-1.0,0.4594594594594595,0.5,0.0,0.0,0.028020639605798512,0.38016889161112977,0.15691013322582814,720.0,3.1453539182516335e-05,0.022646548211411762,0.0004660422378478889,0.33555041125048,2.309061067726234e-05,0.016625239687628884,0.0004486879010633299,0.3230552887655975,4.150986283622702e-07,0.0002988710124208346,-0.0004775875431865201,-0.34386303109429445,0.0,0.0,0.00018127063808014794,0.13051485941770652,-1.196040396699344e-05,-0.008611490856235277,ood_period
freq_single_policy,456,-0.1439752066718698,-0.00023258507456836076,-0.00021778331330884142,1.4801761259519327e-05,0.010657268106853916,-6.705228798581038,-10.079141071745303,0.21763842196693994,-0.6615339578860765,88.48873330206627,0.5309323998123976,0.001133804266432174,0.0001243908165214058,0.014926897982568696,0.030761390714279906,0,-1.0,-1.0,0.08108108108108109,0.5,0.0,0.0,0.09984779341623912,0.10490290739764205,-0.1033921450935702,720.0,3.070602011233675e-05,0.02210833448088246,0.0009237238908353632,0.6650812014014614,1.4801761259519327e-05,0.010657268106853916,0.0004911843859622384,0.35365275789281164,6.205500568278458e-07,0.000446796040916049,-0.0009311247714651227,-0.6704098354548883,0.0,0.0,-0.00021778331330884142,-0.15680398558236583,-8.02143068658751e-06,-0.005775430094343007,ood_period
lf_upper_only,456,0.2691655467979841,0.00023375457728121426,0.0003311843552381288,9.742977795691451e-05,0.07014944012897845,15.425331141110494,28.10344427732004,0.004657745654887746,57.788803155347715,6.098783338268342,0.036592700029610056,4.5738038828182174e-05,0.0004772591014904109,0.05727109217884931,0.003685213342456928,0,-1.0,-1.0,0.0,0.5,0.0,0.0,0.0006784520851705206,1.84703345755596,0.7894489072595591,720.0,2.5899453550231152e-05,0.01864760655616643,0.0002060084017242625,0.148326049241469,9.742977795691451e-05,0.07014944012897845,0.00035619957225112346,0.2564636920208089,1.8378638576025603e-06,0.0013232619774738435,-0.00025472329070271976,-0.18340076930595822,0.0,0.0,0.0003311843552381288,0.23845273577145273,-5.0552752836059815e-05,-0.03639798204196307,ood_period
hf_lower_only,456,-0.021742968735514734,-7.568155370866823e-05,-3.804004659605912e-05,3.76415071126091e-05,0.027101885121078553,-6.260150052787182,-10.126502225534098,0.02644353054689974,-0.8222415194125391,11.19611793115572,0.06717670758693432,0.0037586809916778817,3.3885122391451756e-05,0.0040662146869742104,0.004848630955485992,0,-1.0,-1.0,4.047297297297297,0.5,0.0,0.0,0.0,0.7659040270741068,0.06206323798423511,720.0,4.726100395468327e-06,0.0034027922847371956,0.0001350375402470147,0.09722702897785059,3.76415071126091e-05,0.027101885121078553,5.8052197751459324e-05,0.04179758238105071,1.5836211749583048e-06,0.0011402072459699795,-0.00015385829380331923,-0.11077797153838985,0.0,0.0,-3.804004659605912e-05,-0.027388833549162564,-2.0404374731262855e-05,-0.014691149806509256,ood_period
allfreq_alllayers,456,-0.18360491187466155,-0.00030188565173046517,-0.00028255319008056593,1.852259771221464e-05,0.013336270352794541,-8.26963508375134,-11.890553940892103,0.23896426966250783,-0.7683362543445053,96.90131607267386,0.5814078964360432,0.0006319627252069242,6.47595182613785e-05,0.00777114219136542,0.03630816450487227,309,0.0,0.0,0.02027027027027027,0.6425,0.2588996763754045,0.6666666666666666,0.1015093298982467,0.16075312380876997,-0.09390253820807322,720.0,2.9598656792988445e-05,0.02131103289095168,0.0009958937414146498,0.7170434938185478,1.852259771221464e-05,0.013336270352794541,0.0004966230458491416,0.357568593011382,7.988353898535337e-07,0.0005751614806945443,-0.001005155040270757,-0.723711628994945,8.098639376845823e-07,0.0005831020351328993,-0.00028255319008056593,-0.20343829685800746,-1.0869998183645436e-05,-0.007826398692224713,ood_period
swapped,456,-0.19503892915179433,-0.00033659495723308724,-0.0003154395227521805,2.0345570543222156e-05,0.014648810791119952,-13.566680737588422,-20.01387243966736,0.19828443665961504,-0.9836320612827919,64.87704428558112,0.3892622657134867,0.007163536601684778,4.4275819972442524e-05,0.0053130983966931025,0.02805303468558617,309,0.0,0.0,0.02027027027027027,0.6425,0.2588996763754045,0.6666666666666666,0.14474209558622986,0.2621765658845587,-0.47542679007679683,720.0,1.5796600482217043e-05,0.01137355234719627,0.000708235345402063,0.5099294486894853,2.0345570543222156e-05,0.014648810791119952,0.00022373298568214805,0.1610877496911466,1.6199734614749797e-05,0.011663808922619855,-0.000718408130673674,-0.5172538540850453,8.098639376845823e-07,0.0005831020351328993,-0.0003154395227521805,-0.22711645638156996,-2.7182383824045462e-05,-0.01957131635331273,ood_period
no_promotion,456,0.26743672800341733,0.0002323799606402209,0.0003293384752461474,9.69585146059265e-05,0.06981013051626708,15.198542046111566,25.920351829433887,0.004821127377110046,55.47182372180516,6.473410700073558,0.03884046420044135,2.3297774552478766e-05,0.0004768251032957854,0.05721901239549425,0.003762282216547368,0,-1.0,-1.0,26.929411764705883,0.5,0.0,0.0,0.0006784520851705206,1.8926428101108248,0.7443932983800307,720.0,2.6114614162727454e-05,0.018802522197163767,0.00020908510894817708,0.1505412784426875,9.69585146059265e-05,0.06981013051626708,0.0003572155457998046,0.2571951929758593,1.8190989062355348e-06,0.001309751212489585,-0.0002575643662511403,-0.18544634370082103,0.0,0.0,0.0003293384752461474,0.23712370217722611,-5.029835620919879e-05,-0.03621481647062313,ood_period
no_leakage,456,0.2137949923534963,0.000266338785283041,0.00026714864922072556,0.0,0.0,12.830806170280225,26.102289591378998,0.008095985557466934,26.407531342038155,14.93558019468654,0.08961348116811925,0.0010729050114032116,0.00042740661469577,0.0512887937634924,0.005393360625507462,309,0.0,0.0,1.6824324324324325,0.6425,0.2588996763754045,0.6666666666666666,0.002514279434396691,0.839011126595782,0.7553911492247103,720.0,2.8547948244565472e-05,0.02055452273608714,0.0002752884002227042,0.19820764816034703,0.0,0.0,0.00036520967928802103,0.26295096908737514,1.0343672564415147e-06,0.0007447444246378906,-0.0002752884002227042,-0.19820764816034703,8.098639376845823e-07,0.0005831020351328993,0.00026714864922072556,0.1923470274389224,-1.844231194126097e-06,-0.00132784645977079,ood_period
freq_hrl,456,0.25117880976452067,0.0002167725095364205,0.00031139637751932025,9.381400404521523e-05,0.06754608291255497,14.30880578617152,24.884002049021234,0.00560383755543703,44.82264292633155,7.944713543792123,0.047668281262752736,2.666515886320776e-05,0.00043338037641420306,0.052005645169704365,0.0042544489527900535,309,0.0,0.0,25.445945945945947,0.6425,0.2588996763754045,0.6666666666666666,0.002657785350097779,1.6829398607355588,0.8441725702240218,720.0,2.9340742948450662e-05,0.021125334922884476,0.00021919163927577116,0.15781798027855523,9.381400404521523e-05,0.06754608291255497,0.0003483149110868637,0.25078673598254186,1.465299259143593e-06,0.001055015466583387,-0.0002660986412983788,-0.19159102173483272,8.098639376845823e-07,0.0005831020351328993,0.00031139637751932025,0.22420539181391058,-4.918216521943581e-05,-0.03541115895799378,ood_period
vanilla_rl,789,-0.8555962853354571,-0.0027223675784425363,-0.002693239156858812,2.9128421583724195e-05,0.02097246354028142,-38.15065605141681,-40.31852481971588,0.8552092185109477,-1.0004525989852908,369.5702438987488,2.2174214633924927,0.005467861958315798,-0.0019671155191667926,-0.23605386230001513,0.2417079003643813,0,-1.0,-1.0,0.0,0.5,0.0,0.0,0.46330752088495214,0.008806010716960029,-0.004022197017884803,720.0,-1.856788874103893e-05,-0.01336887989354803,0.0032979701572986154,2.374538513255003,2.9128421583724195e-05,0.02097246354028142,0.000416016488288432,0.299531871567671,9.233428918060679e-06,0.006648068821003689,-0.0033125343680904776,-2.385024745025144,0.0,0.0,-0.002693239156858812,-1.9391321929383447,-2.3797639709922773e-05,-0.017134300591144395,ood_period
hrl_raw,789,-0.6825906581957846,-0.0016612935306544606,-0.0016317129930582424,2.9580537596217994e-05,0.021297987069276957,-33.81988563001536,-37.995552056813395,0.6822163860652002,-1.0005486120507059,238.31995364340042,1.4299197218604025,0.01997195868216623,-0.0010201698156192597,-0.12242037787431116,0.1307033305435755,0,-1.0,-1.0,0.0,0.5,0.0,0.0,0.46330752088495214,0.014071267928471033,-0.002960630273468632,720.0,-2.072474169750438e-05,-0.014921814022203153,0.002212174580213453,1.5927656977536861,2.9580537596217994e-05,0.021297987069276957,0.00041495527969859767,0.2987678013829903,4.9876778642179525e-06,0.0035911280622369255,-0.002226964849011562,-1.6034146912883247,0.0,0.0,-0.0016317129930582424,-1.1748333550019345,-1.977794666232695e-05,-0.014240121596875403,ood_period
raw_history,789,0.125458778065753,0.00013960791878517062,0.0001628706615221719,2.326274273700127e-05,0.016749174770640914,6.3481583401306905,12.557676920416853,0.07866131375979835,1.5949235026617565,35.65546656223493,0.2139327993734096,0.0007690178096949389,0.0005268944472175435,0.06322733366610521,0.010287659968243875,0,-1.0,-1.0,0.22137404580152673,0.5,0.0,0.0,0.028078645143009333,0.38291004280212204,0.1813682517242004,720.0,-1.4883994805702592e-05,-0.010716476260105866,0.0004940447115004594,0.35571219228033074,2.326274273700127e-05,0.016749174770640914,0.00047642157996588883,0.34302353757543996,6.123177573388548e-07,0.00044086878528397545,-0.00050567608286896,-0.3640867796656512,0.0,0.0,0.0001628706615221719,0.11726687629596377,-1.224368912583949e-05,-0.008815456170604433,ood_period
freq_single_policy,789,-0.17357588302580818,-0.0002810186047579519,-0.0002667348950392898,1.4283709718662161e-05,0.010284270997436756,-8.262408163257556,-12.641871484504366,0.24442159294217902,-0.7101495450398677,90.55469351872927,0.5433281611123756,0.001175463494641631,0.0002178703616290745,0.02614444339548894,0.02445460543415238,0,-1.0,-1.0,0.015267175572519083,0.5,0.0,0.0,0.09999972028254825,0.09946752762296254,-0.16996541225507286,720.0,-2.5259196128663525e-05,-0.018186621212637737,0.0009687144834972651,0.6974744281180308,1.4283709718662161e-05,0.010284270997436756,0.0005154976740680675,0.3711583253290086,1.2982410643113301e-06,0.0009347335663041577,-0.0009758563383565962,-0.7026165636167493,0.0,0.0,-0.0002667348950392898,-0.19204912442828864,-8.440095923642412e-06,-0.006076869065022536,ood_period
lf_upper_only,789,0.2529268195878005,0.00021661852015222058,0.0003132690915957929,9.66505714435723e-05,0.06958841143937206,14.791339858403859,27.786774630351353,0.006540938032895682,38.66827942961408,6.263820508781507,0.03758292305268904,5.564876640547772e-05,0.00046539581877076463,0.05584749825249176,0.0035112938532414033,0,-1.0,-1.0,209.21212121212122,0.5,0.0,0.0,0.000769018737520021,1.8564942114452783,0.8355229656922185,720.0,-3.356523218716865e-06,-0.0024166967174761426,0.0002133655723696123,0.15362321210612084,9.66505714435723e-05,0.06958841143937206,0.00036893541658716654,0.2656334999427599,3.4986676049121184e-06,0.0025190406755367253,-0.0002616908580913984,-0.18841741782580684,0.0,0.0,0.0003132690915957929,0.22555374594897087,-5.182395332669826e-05,-0.037313246395222745,ood_period
hf_lower_only,789,-0.021637892605932962,-7.19777296025201e-05,-3.726372952565831e-05,3.4714000076861796e-05,0.024994080055340494,-6.8719052148504085,-11.31042515872142,0.028590607175766225,-0.7568182261016662,10.880678470523327,0.06528407082313994,0.003444345371024287,5.0932969639255464e-05,0.006111956356710656,0.0037330494954192807,0,-1.0,-1.0,4.152671755725191,0.5,0.0,0.0,0.0,0.7614105607187743,0.09211778705342621,720.0,-4.209288239403503e-06,-0.003030687532370522,0.0001337369897448313,0.09629063261627854,3.4714000076861796e-05,0.024994080055340494,6.450657004348816e-05,0.04644473043131147,2.1665947931169966e-06,0.0015599482510442377,-0.0001510939897832622,-0.10878767264394879,0.0,0.0,-3.726372952565831e-05,-0.026829885258473987,-1.9523594831547895e-05,-0.014056988278714485,ood_period
allfreq_alllayers,789,-0.20633897800571033,-0.0003408587525343983,-0.00032172972613446314,1.912902639993521e-05,0.01377289900795335,-9.445141812576024,-13.67980775596341,0.26467268276273515,-0.779600583830112,97.46218560681112,0.5847731136408667,0.0006126770957184615,0.0001795952617681263,0.021551431412175158,0.026843818426189252,0,-1.0,-1.0,0.022900763358778626,0.5,0.0,0.0,0.09999972028254825,0.15505370135077481,-0.17308920252963547,720.0,-2.5453918489658474e-05,-0.0183268213125541,0.0010266139941957336,0.7391620758209282,1.912902639993521e-05,0.01377289900795335,0.0005171344266033914,0.37233678715444185,1.3722883420491112e-06,0.0009880476062753601,-0.0010361785073957014,-0.746048525324905,0.0,0.0,-0.00032172972613446314,-0.23164540281681345,-1.0936801542016716e-05,-0.007874497110252036,ood_period
swapped,789,-0.16007420594742394,-0.00027201738377736465,-0.0002539628292804208,1.80545544969439e-05,0.012999279237799607,-11.280308692323697,-17.078386186988908,0.16704600823817428,-0.9582641790469489,64.15927230053703,0.3849556338032221,0.0059389135868977315,0.0001216230031635685,0.01459476037962822,0.022050321896133797,0,-1.0,-1.0,0.015267175572519083,0.5,0.0,0.0,0.14506514004059998,0.20237452291414615,-0.4371126466684949,720.0,-2.2763172487191893e-05,-0.016389484190778163,0.0007146550714072746,0.5145516514132378,1.80545544969439e-05,0.012999279237799607,0.0003153387728850418,0.2270439164772301,8.676534999437607e-06,0.006247105199595077,-0.0007236823486557465,-0.5210512910321375,0.0,0.0,-0.0002539628292804208,-0.18285323708190296,-1.7703812247909557e-05,-0.01274674481849488,ood_period
no_promotion,789,0.2504952023934821,0.0002146299482277877,0.00031062635217677005,9.599640394898236e-05,0.0691174108432673,14.563971684737265,25.91177108912247,0.006589794774492619,38.012595379006925,6.694204806211056,0.04016522883726634,2.8663854628233884e-05,0.00046479219558650587,0.055775063470380706,0.0035529804706238496,0,-1.0,-1.0,179.32323232323233,0.5,0.0,0.0,0.000769018737520021,1.8824546013396646,0.7748571615409403,720.0,-3.6093120964346102e-06,-0.0025987047094329194,0.0002171327329335052,0.15633556771212376,9.599640394898236e-05,0.0691174108432673,0.0003700780320342199,0.26645618306463836,3.4019278141570766e-06,0.0024493880261930953,-0.0002651309349079964,-0.1908942731337574,0.0,0.0,0.00031062635217677005,0.22365097356727445,-5.140012978864825e-05,-0.03700809344782674,ood_period
no_leakage,789,0.21608883886850738,0.0002699060903428222,0.0002699060903428222,0.0,0.0,12.708018764711156,27.118587477967736,0.01351721744969736,15.986192400370495,14.171851494248187,0.08503110896548913,0.0010087929277435468,0.00047677951838952546,0.05721354220674305,0.00490615875554811,0,-1.0,-1.0,1.618320610687023,0.5,0.0,0.0,0.000769018737520021,0.8432461865754532,0.7028792516463342,720.0,-6.067883414403058e-06,-0.004368876058370202,0.00028290659223087136,0.20369274640622737,0.0,0.0,0.0003960903220647805,0.28518503188664196,1.5722199973028824e-06,0.0011319983980580754,-0.00028290659223087136,-0.20369274640622737,0.0,0.0,0.0002699060903428222,0.19433238504683198,-1.5722199973028824e-06,-0.0011319983980580754,ood_period
freq_hrl,789,0.2504952023934821,0.0002146299482277877,0.00031062635217677005,9.599640394898236e-05,0.0691174108432673,14.563971684737265,25.91177108912247,0.006589794774492619,38.012595379006925,6.694204806211056,0.04016522883726634,2.8663854628233884e-05,0.00046479219558650587,0.055775063470380706,0.0035529804706238496,0,-1.0,-1.0,179.32323232323233,0.5,0.0,0.0,0.000769018737520021,1.8824546013396646,0.7748571615409403,720.0,-3.6093120964346102e-06,-0.0025987047094329194,0.0002171327329335052,0.15633556771212376,9.599640394898236e-05,0.0691174108432673,0.0003700780320342199,0.26645618306463836,3.4019278141570766e-06,0.0024493880261930953,-0.0002651309349079964,-0.1908942731337574,0.0,0.0,0.00031062635217677005,0.22365097356727445,-5.140012978864825e-05,-0.03700809344782674,ood_period
vanilla_rl,2026,-0.8579881417817482,-0.0027463685898957662,-0.002716810020543755,2.955856935201071e-05,0.02128216993344771,-40.57185725052695,-42.9698038164468,0.8573461996803097,-1.0007487548223553,374.83166017786687,2.248989961067201,0.005595893378244816,-0.002328889208861505,-0.2794667050633806,0.28519752600141113,0,-1.0,-1.0,0.0,0.5,0.0,0.0,0.49115712947063156,0.008497972571840881,-0.02381376592298045,720.0,3.088958675427886e-05,0.02224050246308078,0.00331939552952159,2.3899647812555447,2.955856935201071e-05,0.02128216993344771,0.00038708934760734554,0.2787043302772888,9.381673907986146e-06,0.0067548052137500255,-0.003334174814197595,-2.4006058662222682,0.0,0.0,-0.002716810020543755,-1.9561032147915038,-2.4160958583991504e-05,-0.017395890180473883,ood_period
hrl_raw,2026,-0.6846362822094214,-0.001671771295243539,-0.0016417067486558991,3.0064546587640046e-05,0.021646473543100835,-35.2922727610367,-39.65153098939103,0.6836873442421478,-1.0013879706495452,241.59766255074646,1.4495859753044786,0.02045747677418705,-0.0012809002940924038,-0.15370803529108845,0.16204929108292235,0,-1.0,-1.0,0.0,0.5,0.0,0.0,0.49115712947063156,0.013964029718093829,-0.01614562212070443,720.0,2.68424677340405e-05,0.01932657676850916,0.002220225035217701,1.5985620253567445,3.0064546587640046e-05,0.021646473543100835,0.00038567959174798817,0.27768930605855147,4.034452352687015e-06,0.0029048056939346505,-0.00223525730851152,-1.6093852621282947,0.0,0.0,-0.0016417067486558991,-1.1820288590322474,-1.906672564650704e-05,-0.01372804246548507,ood_period
raw_history,2026,0.10833151272545116,0.00011824547437161925,0.0001413489164633587,2.3103442091739517e-05,0.016634478306052452,5.906449841266954,12.99658537896799,0.06553620278178751,1.653002586771116,38.18266009328038,0.2290959605596823,0.0008638286157642068,0.00035961526240485347,0.043153831488582414,0.013860536580588013,0,-1.0,-1.0,0.035398230088495575,0.5,0.0,0.0,0.03399777951139983,0.3595364598630284,0.10399904434092105,720.0,6.77550262551809e-06,0.004878361890373025,0.000502633522951169,0.36189613652484165,2.3103442091739517e-05,0.016634478306052452,0.000454489905180039,0.3272327317296281,4.8454737798235186e-08,3.4887411214729334e-05,-0.0005141852439970387,-0.3702133756778679,0.0,0.0,0.0001413489164633587,0.10177121985361827,-1.160017578366799e-05,-0.008352126564240954,ood_period
freq_single_policy,2026,-0.18228742667183728,-0.00029722830688889973,-0.00028163482699634153,1.559347989255814e-05,0.011227305522641862,-9.24932887336271,-14.75455408447816,0.23408342913062485,-0.7787284531367489,93.6811536083219,0.5620869216499313,0.001247880529730601,-5.910594246664106e-05,-0.007092713095996928,0.038746046930061534,0,-1.0,-1.0,0.0,0.5,0.0,0.0,0.11593712219533878,0.10505074759743943,-0.11882285847718695,720.0,1.547317516350935e-05,0.011140686117726733,0.0009761982487234768,0.7028627390809032,1.559347989255814e-05,0.011227305522641862,0.0004860640389689595,0.3499661080576508,4.719762443156711e-07,0.0003398228959072832,-0.0009839949886697558,-0.7084763918422242,0.0,0.0,-0.00028163482699634153,-0.2027770754373659,-8.268716190594742e-06,-0.005953475657228214,ood_period
lf_upper_only,2026,0.1949226798743371,0.00015090832103366444,0.00024740901209107936,9.650069105741493e-05,0.06948049756133876,12.046096849433528,23.20123676509799,0.017036502652253205,11.441472692668945,6.793192925241964,0.04075915755145179,5.44479162043729e-05,0.0003486903600166472,0.041842843201997666,0.002706759506766049,0,-1.0,-1.0,11.121212121212121,0.5,0.0,0.0,0.0011555054834505377,1.8405512866916243,0.9996253348922244,720.0,5.606580107971776e-06,0.004036737677739679,0.00018813952071373367,0.13546045491388825,9.650069105741493e-05,0.06948049756133876,0.0002985212688591994,0.21493531357862355,1.4491037246100824e-05,0.010433546817192593,-0.00023638986624244113,-0.17020070369455761,0.0,0.0,0.00024740901209107936,0.17813448870557713,-6.27413827748083e-05,-0.04517379559786197,ood_period
hf_lower_only,2026,-0.018948299372904542,-7.201476333271956e-05,-3.431609736595488e-05,3.769866596676469e-05,0.027143039496070574,-5.692166189104145,-10.3213792303875,0.02073609322447001,-0.9137834773304477,11.429421540417652,0.06857652924250593,0.003877339732234915,5.147222891442959e-06,0.0006176667469731551,0.006216499494585865,0,-1.0,-1.0,2.938053097345133,0.5,0.0,0.0,0.0,0.7768075104703083,0.05588506989939689,720.0,1.1517268595549673e-06,0.0008292433388795764,0.0001397442688378716,0.10061587356326757,3.769866596676469e-05,0.027143039496070574,6.753203474244043e-05,0.048623065014557106,1.698948504279625e-06,0.00122324292308133,-0.000158593601821254,-0.11418739331130287,0.0,0.0,-3.431609736595488e-05,-0.024707590103487515,-2.0548281487661966e-05,-0.014794762671116617,ood_period
allfreq_alllayers,2026,-0.21477284982911082,-0.0003576579960170191,-0.0003367586588976165,2.0673444248305064e-05,0.014884879858779645,-10.499127497766867,-16.1263988944039,0.2576343075939327,-0.833634510228438,100.69888839078286,0.6041933303446971,0.0006869181412434135,-0.00010262498543478333,-0.012314998252174,0.04335623982092797,170,-1.0,-1.0,0.02654867256637168,0.35833333333333334,0.0,0.0,0.118323687598502,0.17587491519312184,-0.12871610889166427,720.0,1.668229680893917e-05,0.012011253702436202,0.0010349905836455596,0.7451932202248028,2.0673444248305064e-05,0.014884879858779645,0.00048709028383245496,0.3507050043593676,5.359480957469396e-07,0.00038588262893779647,-0.0010453273057697118,-0.7526356601541926,2.2589287109748685e-07,0.00016264286719019054,-0.0003367586588976165,-0.2424662344062839,-1.1098563090996957e-05,-0.00799096542551781,ood_period
swapped,2026,-0.15124983519166224,-0.0002589167570751397,-0.00023958978414621,1.91010800578322e-05,0.013752777641639184,-10.651441196469431,-17.345474227609866,0.1526774442946196,-0.9906495087761455,65.10777059474226,0.3906466235684536,0.006007808512023384,-7.69173683586346e-05,-0.009230084203036153,0.03544913249800355,170,-1.0,-1.0,0.0,0.35833333333333334,0.0,0.0,0.14823034372334454,0.20562557609038976,-0.4205821709621721,720.0,5.4535638985593194e-06,0.00392656600696271,0.0007135931259025322,0.5137870506498232,1.91010800578322e-05,0.013752777641639184,0.00030953702393546296,0.22286665723353333,6.565350384098916e-06,0.004727052276551219,-0.0007231436659314483,-0.5206634394706428,2.2589287109748685e-07,0.00016264286719019054,-0.00023958978414621,-0.1725046445852712,-1.63417832841125e-05,-0.011766083964561,ood_period
no_promotion,2026,0.19351463041198103,0.00014866630743335388,0.0002458276105173428,9.716130308398894e-05,0.06995613822047203,11.853520545387768,21.480272748071265,0.017665487842333905,10.9543892667509,7.181475825071294,0.04308885495042776,2.7619922609945217e-05,0.00034785635965923963,0.041742763159108756,0.002759768319817259,0,-1.0,-1.0,42.142857142857146,0.5,0.0,0.0,0.0011555054834505377,1.899969561993227,0.9358006749391204,720.0,5.797089241218245e-06,0.004173904253677137,0.00019132881417523227,0.13775674620616724,9.716130308398894e-05,0.06995613822047203,0.00029993139299693857,0.21595060295779578,1.4225443483049073e-05,0.010242319307795332,-0.00023990946571722678,-0.17273481531640328,0.0,0.0,0.0002458276105173428,0.1769958795724868,-6.280609502504355e-05,-0.04522038841803135,ood_period
no_leakage,2026,0.16886570422228142,0.00021458128944478648,0.000214807182315884,0.0,0.0,10.673415705081121,25.709575700922805,0.028676007251215774,5.888745345296355,15.14723997272713,0.09088343983636277,0.0010392395034268,0.0003407587543230248,0.040891050518762975,0.004142393920929912,170,-1.0,-1.0,0.5486725663716814,0.35833333333333334,0.0,0.0,0.0024062651652127774,0.8350721572880052,0.7132536258083172,720.0,8.108722451970739e-06,0.005838280165418932,0.00025900102109143586,0.1864807351858338,0.0,0.0,0.00033500393864349296,0.24120283582331492,4.131970536711927e-06,0.0029750187864325877,-0.00025900102109143586,-0.1864807351858338,2.2589287109748685e-07,0.00016264286719019054,0.000214807182315884,0.15466117126743648,-4.3578634078094155e-06,-0.003137661653622779,ood_period
freq_hrl,2026,0.19610054273622057,0.00015486839808560195,0.0002488283516457584,9.3734060689059e-05,0.06748852369612247,12.122345879745694,22.564835662492403,0.015363504838765474,12.76404992182618,8.011899451538335,0.04807139670923001,2.9024632341186552e-05,0.0003526405381383062,0.042316864576596745,0.002753247965876584,170,-1.0,-1.0,47.86734693877551,0.35833333333333334,0.0,0.0,0.0024179058349944335,1.8224861250737852,0.8016310745593219,720.0,8.239597132129152e-06,0.005932509935132989,0.00019665283533728525,0.14159004144284537,9.3734060689059e-05,0.06748852369612247,0.0003074126325411311,0.22133709542961438,7.304313097086324e-06,0.005259105429902153,-0.00024351986568181474,-0.1753343032909066,2.2589287109748685e-07,0.00016264286719019054,0.0002488283516457584,0.17915641318494605,-5.43972363127133e-05,-0.03916601014515358,ood_period
