domain,check,metric,treatment,control,direction,n_common,delta_mean,delta_ci95_low,delta_ci95_high,improvement_mean,improvement_ci95_low,improvement_ci95_high,win_rate,status,source_path
trading_constraint,trading_constraint_freq_hrl_vs_no_leakage_LowerLFDrift,LowerLFDrift,freq_hrl,no_leakage,decrease,5,0.004140919393243769,-0.024969138821813553,0.024624682419020938,-0.004140919393243769,-0.024624682419020938,0.024969138821813553,0.2,not_supported,transit_hrl/results/trading_lower_lf_constraint_validation/summary.json
trading_constraint,trading_constraint_freq_hrl_vs_no_leakage_total_return,total_return,freq_hrl,no_leakage,increase,5,0.016840836037497198,0.01250092721853333,0.021180744856461063,0.016840836037497198,0.01250092721853333,0.021183721124065132,1.0,supported,transit_hrl/results/trading_lower_lf_constraint_validation/summary.json
trading_constraint,trading_constraint_freq_hrl_vs_no_leakage_sharpe,sharpe,freq_hrl,no_leakage,increase,5,1.3457512454198581,1.025021873903988,1.6664806169357285,1.3457512454198581,1.025021873903988,1.6664806169357285,1.0,supported,transit_hrl/results/trading_lower_lf_constraint_validation/summary.json
trading_constraint,trading_constraint_freq_hrl_vs_no_leakage_FocusScore,FocusScore,freq_hrl,no_leakage,increase,5,0.0157818260976778,-0.011334958016186336,0.033207527179959416,0.0157818260976778,-0.011442386558231576,0.03361109219864342,0.8,supported,transit_hrl/results/trading_lower_lf_constraint_validation/summary.json
trading_ppo_primal_dual,trading_ppo_primal_dual_ppo_primal_dual_final_vs_ppo_primal_dual_initial_LowerLFDrift_summary_only,LowerLFDrift,ppo_primal_dual_final,ppo_primal_dual_initial,decrease,1,-0.020493548939938766,-0.020493548939938766,-0.020493548939938766,0.020493548939938766,0.020493548939938766,0.020493548939938766,1.0,summary_only_positive,transit_hrl/results/trading_ppo_primal_dual_leakage/summary.json
trading_ppo_primal_dual,trading_ppo_primal_dual_ppo_primal_dual_final_vs_ppo_primal_dual_initial_total_return_summary_only,total_return,ppo_primal_dual_final,ppo_primal_dual_initial,increase,1,-0.011995060854812889,-0.011995060854812889,-0.011995060854812889,-0.011995060854812889,-0.011995060854812889,-0.011995060854812889,0.0,summary_only_noharm,transit_hrl/results/trading_ppo_primal_dual_leakage/summary.json
trading_ppo_primal_dual,trading_ppo_primal_dual_ppo_primal_dual_final_vs_ppo_primal_dual_initial_sharpe_summary_only,sharpe,ppo_primal_dual_final,ppo_primal_dual_initial,increase,1,-0.6082928256491726,-0.6082928256491726,-0.6082928256491726,-0.6082928256491726,-0.6082928256491726,-0.6082928256491726,0.0,summary_only_noharm,transit_hrl/results/trading_ppo_primal_dual_leakage/summary.json
trading_ppo_primal_dual,trading_ppo_primal_dual_ppo_primal_dual_final_vs_ppo_primal_dual_initial_max_drawdown_summary_only,max_drawdown,ppo_primal_dual_final,ppo_primal_dual_initial,decrease,1,0.00640534213174784,0.00640534213174784,0.00640534213174784,-0.00640534213174784,-0.00640534213174784,-0.00640534213174784,0.0,summary_only_noharm,transit_hrl/results/trading_ppo_primal_dual_leakage/summary.json
transit_real_surrogate,transit_real_surrogate_full_real_freqhrl_vs_base_real_ema_LowerLFDrift,LowerLFDrift,full_real_freqhrl,base_real_ema,decrease,6,-0.30257772016495865,-0.3978236653688718,-0.19692228663199698,0.30257772016495865,0.19692228663199704,0.3995897428706634,1.0,supported,transit_hrl/results/transit_real_demand_control/summary.json
transit_real_surrogate,transit_real_surrogate_full_real_freqhrl_vs_base_real_ema_RawLowerLFDriftAbs,RawLowerLFDriftAbs,full_real_freqhrl,base_real_ema,decrease,6,-0.018490157797068665,-0.01908985879641734,-0.01788757381986503,0.018490157797068665,0.01786805835206781,0.019090903227680728,1.0,supported,transit_hrl/results/transit_real_demand_control/summary.json
transit_real_surrogate,transit_real_surrogate_full_real_freqhrl_vs_base_real_ema_control_objective,control_objective,full_real_freqhrl,base_real_ema,increase,6,1.8114274241451875,1.28256587126095,2.4538887158636626,1.8114274241451875,1.28256587126095,2.455658168688026,1.0,supported,transit_hrl/results/transit_real_demand_control/summary.json
transit_real_surrogate,transit_real_surrogate_full_real_freqhrl_vs_base_real_ema_reward_mean,reward_mean,full_real_freqhrl,base_real_ema,increase,6,1.6834868920214543,1.1721058685448769,2.3034313883274398,1.6834868920214543,1.1721058685448769,2.305312231872156,1.0,supported,transit_hrl/results/transit_real_demand_control/summary.json
transit_real_surrogate,transit_real_surrogate_full_real_freqhrl_vs_base_real_ema_wait_proxy,wait_proxy,full_real_freqhrl,base_real_ema,decrease,6,-1.674093575629235,-2.281750974403621,-1.1727880039632244,1.674093575629235,1.1727880039632244,2.2830341124267717,1.0,supported,transit_hrl/results/transit_real_demand_control/summary.json
transit_ppo_primal_dual,transit_ppo_primal_dual_ppo_primal_dual_final_vs_ppo_primal_dual_initial_LowerLFDrift_summary_only,LowerLFDrift,ppo_primal_dual_final,ppo_primal_dual_initial,decrease,1,-0.017414370197662787,-0.017414370197662787,-0.017414370197662787,0.017414370197662787,0.017414370197662787,0.017414370197662787,1.0,summary_only_positive,transit_hrl/results/transit_ppo_primal_dual_leakage/summary.json
transit_ppo_primal_dual,transit_ppo_primal_dual_ppo_primal_dual_final_vs_ppo_primal_dual_initial_reward_mean_summary_only,reward_mean,ppo_primal_dual_final,ppo_primal_dual_initial,increase,1,-0.010088781069349295,-0.010088781069349295,-0.010088781069349295,-0.010088781069349295,-0.010088781069349295,-0.010088781069349295,0.0,summary_only_noharm,transit_hrl/results/transit_ppo_primal_dual_leakage/summary.json
transit_ppo_primal_dual,transit_ppo_primal_dual_ppo_primal_dual_final_vs_ppo_primal_dual_initial_wait_proxy_summary_only,wait_proxy,ppo_primal_dual_final,ppo_primal_dual_initial,decrease,1,-8.792497339182859e-05,-8.792497339182859e-05,-8.792497339182859e-05,8.792497339182859e-05,8.792497339182859e-05,8.792497339182859e-05,1.0,summary_only_positive,transit_hrl/results/transit_ppo_primal_dual_leakage/summary.json
transit_ppo_primal_dual,transit_ppo_primal_dual_ppo_primal_dual_final_vs_ppo_primal_dual_initial_headway_cv_summary_only,headway_cv,ppo_primal_dual_final,ppo_primal_dual_initial,decrease,1,0.003441179992963353,0.003441179992963353,0.003441179992963353,-0.003441179992963353,-0.003441179992963353,-0.003441179992963353,0.0,summary_only_noharm,transit_hrl/results/transit_ppo_primal_dual_leakage/summary.json
native_real_demand_alighting_safe_v2,native_real_demand_alighting_safe_v2_native_real_demand_control_score,control_score,native_real_freqhrl,native_real_interval,increase,24,2650.622435093639,2020.0676315079722,3296.526565762644,2650.622435093639,2029.1728289812868,3273.2007552083337,1.0,supported,transit_hrl/results/transit_native_real_demand_alighting_safe_v2_24pair_merged/summary.json
native_real_demand_alighting_safe_v2,native_real_demand_alighting_safe_v2_native_real_demand_ep_reward,ep_reward,native_real_freqhrl,native_real_interval,increase,24,2644.2892916666665,2013.7384166666664,3287.0477395833327,2644.2892916666665,2013.2417416666665,3268.1686614583336,1.0,supported,transit_hrl/results/transit_native_real_demand_alighting_safe_v2_24pair_merged/summary.json
native_real_demand_alighting_safe_v2,native_real_demand_alighting_safe_v2_native_real_demand_avg_wait_min,avg_wait_min,native_real_freqhrl,native_real_interval,decrease,24,-0.008125000000000012,-0.024375000000000036,0.0,0.008125000000000012,0.0,0.024375000000000036,0.041666666666666664,inconclusive,transit_hrl/results/transit_native_real_demand_alighting_safe_v2_24pair_merged/summary.json
native_real_demand_alighting_safe_v2,native_real_demand_alighting_safe_v2_native_real_demand_native_avg_board_wait_min,native_avg_board_wait_min,native_real_freqhrl,native_real_interval,decrease,24,-0.008120187271681623,-0.024360561815044868,0.0,0.008120187271681623,0.0,0.024360561815044868,0.041666666666666664,inconclusive,transit_hrl/results/transit_native_real_demand_alighting_safe_v2_24pair_merged/summary.json
native_real_demand_alighting_safe_v2,native_real_demand_alighting_safe_v2_native_real_demand_native_boarded_pax,native_boarded_pax,native_real_freqhrl,native_real_interval,increase,24,0.25,0.0,0.75,0.25,0.0,0.75,0.041666666666666664,inconclusive,transit_hrl/results/transit_native_real_demand_alighting_safe_v2_24pair_merged/summary.json
native_real_demand_alighting_safe_v2,native_real_demand_alighting_safe_v2_native_real_demand_native_alighted_pax,native_alighted_pax,native_real_freqhrl,native_real_interval,increase,24,0.25,0.0,0.75,0.25,0.0,0.75,0.041666666666666664,inconclusive,transit_hrl/results/transit_native_real_demand_alighting_safe_v2_24pair_merged/summary.json
native_real_demand_alighting_safe_v2,native_real_demand_alighting_safe_v2_native_real_demand_native_completed_throughput_pax,native_completed_throughput_pax,native_real_freqhrl,native_real_interval,increase,24,0.25,0.0,0.75,0.25,0.0,0.75,0.041666666666666664,inconclusive,transit_hrl/results/transit_native_real_demand_alighting_safe_v2_24pair_merged/summary.json
native_real_demand_alighting_safe_v2,native_real_demand_alighting_safe_v2_native_real_demand_native_unalighted_pax,native_unalighted_pax,native_real_freqhrl,native_real_interval,decrease,24,0.0,0.0,0.0,0.0,0.0,0.0,0.0,not_supported,transit_hrl/results/transit_native_real_demand_alighting_safe_v2_24pair_merged/summary.json
native_real_demand_alighting_safe_v2,native_real_demand_alighting_safe_v2_native_real_demand_native_avg_onboard_load,native_avg_onboard_load,native_real_freqhrl,native_real_interval,decrease,24,1.5637378089738974e-05,0.0,4.691213426921692e-05,-1.5637378089738974e-05,-4.691213426921692e-05,0.0,0.0,not_supported,transit_hrl/results/transit_native_real_demand_alighting_safe_v2_24pair_merged/summary.json
native_real_demand_alighting_safe_v2,native_real_demand_alighting_safe_v2_native_real_demand_LowerLFDrift,LowerLFDrift,native_real_freqhrl,native_real_interval,decrease,24,-1.9294901776184537e-06,-5.788470532855361e-06,0.0,1.9294901776184537e-06,0.0,5.788470532855361e-06,0.041666666666666664,inconclusive,transit_hrl/results/transit_native_real_demand_alighting_safe_v2_24pair_merged/summary.json
native_real_demand_alighting_safe_v2,native_real_demand_alighting_safe_v2_native_real_demand_UpperHFPower,UpperHFPower,native_real_freqhrl,native_real_interval,decrease,24,-3.640990357486393e-05,-0.00010922971072459178,0.0,3.640990357486393e-05,0.0,0.00010922971072459178,0.041666666666666664,inconclusive,transit_hrl/results/transit_native_real_demand_alighting_safe_v2_24pair_merged/summary.json
native_real_demand_alighting_safe_v2,native_real_demand_alighting_safe_v2_native_real_demand_shared_ppo_wait_replan_count,shared_ppo_wait_replan_count,native_real_freqhrl,native_real_interval,increase,24,0.0,0.0,0.0,0.0,0.0,0.0,0.0,not_supported,transit_hrl/results/transit_native_real_demand_alighting_safe_v2_24pair_merged/summary.json
native_real_demand_alighting_safe_v2,native_real_demand_alighting_safe_v2_native_real_demand_shared_ppo_pressure_guard_rejects,shared_ppo_pressure_guard_rejects,native_real_freqhrl,native_real_interval,increase,24,0.0,0.0,0.0,0.0,0.0,0.0,0.0,not_supported,transit_hrl/results/transit_native_real_demand_alighting_safe_v2_24pair_merged/summary.json
native_real_demand_alighting_safe_v2,native_real_demand_alighting_safe_v2_native_real_demand_shared_ppo_reward_floor_guard_rejects,shared_ppo_reward_floor_guard_rejects,native_real_freqhrl,native_real_interval,increase,24,0.0,0.0,0.0,0.0,0.0,0.0,0.0,not_supported,transit_hrl/results/transit_native_real_demand_alighting_safe_v2_24pair_merged/summary.json
native_real_demand_alighting_safe_v2,native_real_demand_alighting_safe_v2_native_real_demand_shared_ppo_throughput_guard_rejects,shared_ppo_throughput_guard_rejects,native_real_freqhrl,native_real_interval,increase,24,0.0,0.0,0.0,0.0,0.0,0.0,0.0,not_supported,transit_hrl/results/transit_native_real_demand_alighting_safe_v2_24pair_merged/summary.json
native_real_demand_alighting_safe_v2,native_real_demand_alighting_safe_v2_native_real_demand_shared_ppo_throughput_floor_project_count,shared_ppo_throughput_floor_project_count,native_real_freqhrl,native_real_interval,increase,24,0.041666666666666664,0.0,0.125,0.041666666666666664,0.0,0.125,0.041666666666666664,inconclusive,transit_hrl/results/transit_native_real_demand_alighting_safe_v2_24pair_merged/summary.json
native_real_demand_alighting_safe_v2,native_real_demand_alighting_safe_v2_native_real_demand_shared_ppo_throughput_floor_delta_fraction_mean,shared_ppo_throughput_floor_delta_fraction_mean,native_real_freqhrl,native_real_interval,decrease,24,-0.03722222222222222,-0.11166666666666665,0.0,0.03722222222222222,0.0,0.11166666666666665,0.041666666666666664,inconclusive,transit_hrl/results/transit_native_real_demand_alighting_safe_v2_24pair_merged/summary.json
native_real_demand_alighting_safe_v2,native_real_demand_alighting_safe_v2_native_real_demand_shared_ppo_adaptive_drift_guard_rejects,shared_ppo_adaptive_drift_guard_rejects,native_real_freqhrl,native_real_interval,increase,24,0.5,0.08333333333333333,1.0833333333333333,0.5,0.08333333333333333,1.0833333333333333,0.16666666666666666,supported,transit_hrl/results/transit_native_real_demand_alighting_safe_v2_24pair_merged/summary.json
native_real_demand_alighting_safe_v2,native_real_demand_alighting_safe_v2_native_real_demand_shared_ppo_gap_risk_guard_rejects,shared_ppo_gap_risk_guard_rejects,native_real_freqhrl,native_real_interval,increase,24,0.041666666666666664,0.0,0.125,0.041666666666666664,0.0,0.125,0.041666666666666664,inconclusive,transit_hrl/results/transit_native_real_demand_alighting_safe_v2_24pair_merged/summary.json
native_real_demand_alighting_safe_v2,native_real_demand_alighting_safe_v2_native_real_demand_shared_ppo_target_headway_floor_rejects,shared_ppo_target_headway_floor_rejects,native_real_freqhrl,native_real_interval,increase,24,0.041666666666666664,0.0,0.125,0.041666666666666664,0.0,0.125,0.041666666666666664,inconclusive,transit_hrl/results/transit_native_real_demand_alighting_safe_v2_24pair_merged/summary.json
native_real_demand_alighting_safe_v2,native_real_demand_alighting_safe_v2_native_real_demand_shared_ppo_target_headway_project_count,shared_ppo_target_headway_project_count,native_real_freqhrl,native_real_interval,increase,24,0.0,0.0,0.0,0.0,0.0,0.0,0.0,not_supported,transit_hrl/results/transit_native_real_demand_alighting_safe_v2_24pair_merged/summary.json
native_real_demand_alighting_safe_v2,native_real_demand_alighting_safe_v2_native_real_demand_shared_ppo_wait_replan_adaptive_drift_scale_mean,shared_ppo_wait_replan_adaptive_drift_scale_mean,native_real_freqhrl,native_real_interval,decrease,24,0.0,0.0,0.0,0.0,0.0,0.0,0.0,not_supported,transit_hrl/results/transit_native_real_demand_alighting_safe_v2_24pair_merged/summary.json
native_real_demand_alighting_safe_v2,native_real_demand_alighting_safe_v2_native_real_demand_shared_ppo_wait_replan_adaptive_drift_hf_to_lf_mean,shared_ppo_wait_replan_adaptive_drift_hf_to_lf_mean,native_real_freqhrl,native_real_interval,decrease,24,0.0,0.0,0.0,0.0,0.0,0.0,0.0,not_supported,transit_hrl/results/transit_native_real_demand_alighting_safe_v2_24pair_merged/summary.json
native_real_demand_alighting_safe_v2,native_real_demand_alighting_safe_v2_native_real_demand_shared_ppo_wait_replan_throughput_score_mean,shared_ppo_wait_replan_throughput_score_mean,native_real_freqhrl,native_real_interval,increase,24,0.0,0.0,0.0,0.0,0.0,0.0,0.0,not_supported,transit_hrl/results/transit_native_real_demand_alighting_safe_v2_24pair_merged/summary.json
native_real_demand_alighting_safe_v2,native_real_demand_alighting_safe_v2_native_real_demand_shared_ppo_wait_replan_throughput_floor_delta_fraction_mean,shared_ppo_wait_replan_throughput_floor_delta_fraction_mean,native_real_freqhrl,native_real_interval,decrease,24,0.0,0.0,0.0,0.0,0.0,0.0,0.0,not_supported,transit_hrl/results/transit_native_real_demand_alighting_safe_v2_24pair_merged/summary.json
native_real_demand_alighting_safe_v2,native_real_demand_alighting_safe_v2_native_real_demand_shared_ppo_wait_replan_reward_floor_score_mean,shared_ppo_wait_replan_reward_floor_score_mean,native_real_freqhrl,native_real_interval,increase,24,0.0,0.0,0.0,0.0,0.0,0.0,0.0,not_supported,transit_hrl/results/transit_native_real_demand_alighting_safe_v2_24pair_merged/summary.json
native_real_demand_alighting_safe_v2,native_real_demand_alighting_safe_v2_native_real_demand_shared_ppo_adaptive_lower_drift_penalty_scale_mean,shared_ppo_adaptive_lower_drift_penalty_scale_mean,native_real_freqhrl,native_real_interval,decrease,24,-0.266272381002913,-0.27694374758479806,-0.2544639812961192,0.266272381002913,0.2543886862843241,0.27697455483063976,1.0,supported,transit_hrl/results/transit_native_real_demand_alighting_safe_v2_24pair_merged/summary.json
native_real_demand_alighting_safe_v2,native_real_demand_alighting_safe_v2_native_real_demand_shared_ppo_adaptive_lower_drift_penalty_hf_to_lf_mean,shared_ppo_adaptive_lower_drift_penalty_hf_to_lf_mean,native_real_freqhrl,native_real_interval,decrease,24,11.108315708978191,8.898532309941762,13.92398681660195,-11.108315708978191,-14.134068350369978,-8.884752899527841,0.0,not_supported,transit_hrl/results/transit_native_real_demand_alighting_safe_v2_24pair_merged/summary.json
native_real_demand_alighting_safe_v2,native_real_demand_alighting_safe_v2_native_real_demand_shared_ppo_lower_hf_wait_prior_scale_mean,shared_ppo_lower_hf_wait_prior_scale_mean,native_real_freqhrl,native_real_interval,decrease,24,-0.5808258042782445,-0.5956071853282509,-0.5655404172067571,0.5808258042782445,0.5653907226579229,0.595476193342466,1.0,supported,transit_hrl/results/transit_native_real_demand_alighting_safe_v2_24pair_merged/summary.json
native_real_demand_alighting_safe_v2,native_real_demand_alighting_safe_v2_native_real_demand_shared_ppo_lower_hf_wait_prior_load_mean,shared_ppo_lower_hf_wait_prior_load_mean,native_real_freqhrl,native_real_interval,increase,24,0.634026274156927,0.6102267878442358,0.6596910496962518,0.634026274156927,0.610608648372045,0.6596366444023499,1.0,supported,transit_hrl/results/transit_native_real_demand_alighting_safe_v2_24pair_merged/summary.json
native_real_demand_alighting_safe_v2,native_real_demand_alighting_safe_v2_native_real_demand_shared_ppo_lower_hf_wait_prior_queue_mean,shared_ppo_lower_hf_wait_prior_queue_mean,native_real_freqhrl,native_real_interval,increase,24,0.42597160862262856,0.33964287151822525,0.5172863840576782,0.42597160862262856,0.33860259332631015,0.5190896383888103,1.0,supported,transit_hrl/results/transit_native_real_demand_alighting_safe_v2_24pair_merged/summary.json
native_real_demand_alighting_safe_v2,native_real_demand_alighting_safe_v2_native_real_demand_shared_ppo_lower_hf_wait_prior_schedule_slack_mean,shared_ppo_lower_hf_wait_prior_schedule_slack_mean,native_real_freqhrl,native_real_interval,increase,24,-0.031216101608054728,-0.07690638836480297,0.007981160366868984,-0.031216101608054728,-0.0751756068005677,0.008107566214690356,0.4166666666666667,not_supported,transit_hrl/results/transit_native_real_demand_alighting_safe_v2_24pair_merged/summary.json
native_real_demand_alighting_safe_v2,native_real_demand_alighting_safe_v2_native_real_demand_shared_ppo_wait_replan_pressure_override_count,shared_ppo_wait_replan_pressure_override_count,native_real_freqhrl,native_real_interval,increase,24,0.0,0.0,0.0,0.0,0.0,0.0,0.0,not_supported,transit_hrl/results/transit_native_real_demand_alighting_safe_v2_24pair_merged/summary.json
native_real_demand_alighting_safe_v2,native_real_demand_alighting_safe_v2_native_real_demand_shared_ppo_wait_replan_pressure_override_mean,shared_ppo_wait_replan_pressure_override_mean,native_real_freqhrl,native_real_interval,increase,24,0.0,0.0,0.0,0.0,0.0,0.0,0.0,not_supported,transit_hrl/results/transit_native_real_demand_alighting_safe_v2_24pair_merged/summary.json
native_real_demand_alighting_safe_v2,native_real_demand_alighting_safe_v2_native_real_demand_wait_noninferiority,native_avg_board_wait_min,native_real_freqhrl,native_real_interval,decrease,24,-0.008120187271681623,-0.024360561815044868,0.0,0.008120187271681623,0.0,0.024360561815044868,0.041666666666666664,supported,transit_hrl/results/transit_native_real_demand_alighting_safe_v2_24pair_merged/summary.json
native_real_demand_alighting_safe_v2,native_real_demand_alighting_safe_v2_native_real_demand_alighted_noninferiority,native_alighted_pax,native_real_freqhrl,native_real_interval,increase,24,0.25,0.0,0.75,0.25,0.0,0.75,0.041666666666666664,supported,transit_hrl/results/transit_native_real_demand_alighting_safe_v2_24pair_merged/summary.json
native_real_demand,native_real_demand_native_real_demand_control_score,control_score,native_real_freqhrl,native_real_interval,increase,6,99.67253356386679,62.30438793805423,137.02988725357832,99.67253356386679,61.692953753100056,139.5113618436438,1.0,supported,transit_hrl/results/transit_native_real_demand_control/summary.json
native_real_demand,native_real_demand_native_real_demand_ep_reward,ep_reward,native_real_freqhrl,native_real_interval,increase,6,98.76583333333367,59.99974166666679,137.15153333333404,98.76583333333367,59.40466666666665,140.21650000000076,1.0,supported,transit_hrl/results/transit_native_real_demand_control/summary.json
native_real_demand,native_real_demand_native_real_demand_avg_wait_min,avg_wait_min,native_real_freqhrl,native_real_interval,decrease,6,-0.0829999999999993,-0.22483333333333042,0.05666666666666635,0.0829999999999993,-0.05842916666666717,0.22487499999999688,0.6666666666666666,positive_mixed,transit_hrl/results/transit_native_real_demand_control/summary.json
native_real_demand,native_real_demand_native_real_demand_native_avg_board_wait_min,native_avg_board_wait_min,native_real_freqhrl,native_real_interval,decrease,6,-0.08326712773411948,-0.2250987895954791,0.05639255668876212,0.08326712773411948,-0.05816675255229837,0.22514081451292828,0.6666666666666666,positive_mixed,transit_hrl/results/transit_native_real_demand_control/summary.json
native_real_demand,native_real_demand_native_real_demand_native_alighted_pax,native_alighted_pax,native_real_freqhrl,native_real_interval,increase,6,-4.833333333333333,-9.833333333333334,-0.8333333333333334,-4.833333333333333,-9.666666666666666,-0.8333333333333334,0.16666666666666666,not_supported,transit_hrl/results/transit_native_real_demand_control/summary.json
native_real_demand,native_real_demand_native_real_demand_native_avg_onboard_load,native_avg_onboard_load,native_real_freqhrl,native_real_interval,decrease,6,-0.00010596374277938025,-0.0005197043078739952,0.0003077768223152348,0.00010596374277938025,-0.00030333377455389767,0.0005389286168658858,0.3333333333333333,inconclusive,transit_hrl/results/transit_native_real_demand_control/summary.json
native_real_demand,native_real_demand_native_real_demand_wait_noninferiority,native_avg_board_wait_min,native_real_freqhrl,native_real_interval,decrease,6,-0.08326712773411948,-0.2250987895954791,0.05639255668876212,0.08326712773411948,-0.05816675255229837,0.22514081451292828,0.6666666666666666,supported,transit_hrl/results/transit_native_real_demand_control/summary.json
native_real_demand,native_real_demand_native_real_demand_alighted_noninferiority,native_alighted_pax,native_real_freqhrl,native_real_interval,increase,6,-4.833333333333333,-9.833333333333334,-0.8333333333333334,-4.833333333333333,-9.666666666666666,-0.8333333333333334,0.16666666666666666,supported,transit_hrl/results/transit_native_real_demand_control/summary.json
