seed,variant,status,ep_reward,avg_wait_min,headway_cv,score,upper_plan_decisions,upper_plan_reuse_ratio,upper_plan_target_mean,upper_plan_target_std,terminal_launch_shift_mean,terminal_launch_shift_std,freq_promotion_strength,shared_ppo_lower_samples,shared_ppo_gate_evaluations,shared_ppo_gate_replans,shared_ppo_gate_value_mean,shared_ppo_wait_replan_count,shared_ppo_wait_replan_pressure_mean,shared_ppo_wait_replan_shift_pressure_mean,shared_ppo_wait_replan_gap_ratio_mean,shared_ppo_wait_replan_same_hold_mean,shared_ppo_wait_replan_same_wait_mean,shared_ppo_wait_replan_shift_mean_s,shared_ppo_wait_replan_shift_abs_mean_s,shared_ppo_loss
201,interval_only,supported_native_episode_loop,-18997.869,5.2,0.5484,-6.2968,66.0,0.7480916030534351,334.5140595732603,8.467248306683421,-44.43511450381679,4.462907751407808,0.0,4971.0,0.0,0.0,0.0,0.0,0.0,0.0,0.0,0.0,0.0,0.0,0.0,22997.74783935547
211,interval_only,supported_native_episode_loop,-4480.738,11.154,0.5876,-12.3292,66.0,0.7480916030534351,341.41418134685387,5.663341582661834,-44.458015267175576,4.408111090827894,0.8461538461538461,4970.0,0.0,0.0,0.0,0.0,0.0,0.0,0.0,0.0,0.0,0.0,0.0,303.4772632598877
221,interval_only,supported_native_episode_loop,-18410.618,4.739,0.4495,-5.638,66.0,0.7480916030534351,343.38586411953884,6.331430069422512,-44.33969465648855,4.749755789452452,0.0,4972.0,0.0,0.0,0.0,0.0,0.0,0.0,0.0,0.0,0.0,0.0,0.0,48745.83623046875
231,interval_only,supported_native_episode_loop,-10209.799,4.383,0.5879,-5.5588,66.0,0.7480916030534351,334.9926582292405,9.945916610137438,-44.49236641221374,4.290716382126527,0.8461538461538461,4970.0,0.0,0.0,0.0,0.0,0.0,0.0,0.0,0.0,0.0,0.0,0.0,648.2701568603516
241,interval_only,supported_native_episode_loop,-2798.204,8.529,0.478,-9.485,66.0,0.7480916030534351,325.4533467994088,7.277948902712453,-44.38931297709924,4.640631240103601,1.0,4970.0,0.0,0.0,0.0,0.0,0.0,0.0,0.0,0.0,0.0,0.0,0.0,5349.39853515625
251,interval_only,supported_native_episode_loop,-2551.573,3.779,0.3801,-4.5392,66.0,0.7480916030534351,343.2584656543935,6.796729871493199,-44.19847328244275,4.718681157654837,1.0,4970.0,0.0,0.0,0.0,0.0,0.0,0.0,0.0,0.0,0.0,0.0,0.0,37.69903168678284
261,interval_only,supported_native_episode_loop,-2722.077,7.324,0.4328,-8.1896,66.0,0.7480916030534351,340.98051314994353,7.358130382871196,-44.52671755725191,4.198015242190195,1.0,4971.0,0.0,0.0,0.0,0.0,0.0,0.0,0.0,0.0,0.0,0.0,0.0,1494.6035247802733
271,interval_only,supported_native_episode_loop,-19905.315,19.487,0.4719,-20.430799999999998,66.0,0.7480916030534351,334.2909146284633,4.187557894436526,-44.530534351145036,4.1724540736731415,0.0,4970.0,0.0,0.0,0.0,0.0,0.0,0.0,0.0,0.0,0.0,0.0,0.0,35420.39443359375
281,interval_only,supported_native_episode_loop,-15383.061,4.472,0.6889,-5.8498,66.0,0.7480916030534351,335.30071079627857,5.529421193829805,-44.538167938931295,4.134715401658565,0.0,4972.0,0.0,0.0,0.0,0.0,0.0,0.0,0.0,0.0,0.0,0.0,0.0,20947.852990722655
291,interval_only,supported_native_episode_loop,-11419.763,5.493,0.6386,-6.7702,66.0,0.7480916030534351,346.71721499390503,5.191315560493146,-44.42748091603053,4.483269210578515,0.0,4971.0,0.0,0.0,0.0,0.0,0.0,0.0,0.0,0.0,0.0,0.0,0.0,31300.76125488281
301,interval_only,supported_native_episode_loop,-3065.801,6.321,0.5195,-7.359999999999999,66.0,0.7480916030534351,347.15645218005847,12.910316577262098,-34.43893129770992,14.88563564232969,0.5384615384615384,4971.0,0.0,0.0,0.0,0.0,0.0,0.0,0.0,0.0,0.0,0.0,0.0,1441.5054634094238
311,interval_only,supported_native_episode_loop,-13102.942,5.543,0.5485,-6.640000000000001,66.0,0.7480916030534351,346.57637223299525,10.808482379968723,-39.603053435114504,15.582177815879726,0.0,4971.0,0.0,0.0,0.0,0.0,0.0,0.0,0.0,0.0,0.0,0.0,0.0,48025.43515625
321,interval_only,supported_native_episode_loop,-2834.073,4.792,0.5859,-5.9638,66.0,0.7480916030534351,331.0907001039151,4.650877108475851,-44.50381679389313,4.277357473815105,0.0,4970.0,0.0,0.0,0.0,0.0,0.0,0.0,0.0,0.0,0.0,0.0,0.0,28994.79948730469
331,interval_only,supported_native_episode_loop,-3807.758,5.667,0.4203,-6.5076,66.0,0.7480916030534351,343.89845231977733,6.764156573471823,-44.19083969465649,5.139451516488187,0.0,4971.0,0.0,0.0,0.0,0.0,0.0,0.0,0.0,0.0,0.0,0.0,0.0,210.65205078125
341,interval_only,supported_native_episode_loop,-17455.41,14.918,0.5155,-15.949,66.0,0.7480916030534351,329.24539121986953,4.910453725115944,-44.538167938931295,4.160482172865041,0.0,4971.0,0.0,0.0,0.0,0.0,0.0,0.0,0.0,0.0,0.0,0.0,0.0,8862.885766601563
351,interval_only,supported_native_episode_loop,-16912.506,5.247,0.4707,-6.1884,66.0,0.7480916030534351,340.43839673641077,6.003167162696262,-44.30534351145038,4.750079356140639,0.0,4970.0,0.0,0.0,0.0,0.0,0.0,0.0,0.0,0.0,0.0,0.0,0.0,1613.4619033813476
361,interval_only,supported_native_episode_loop,-3024.825,5.679,0.3388,-6.3566,66.0,0.7480916030534351,334.68928714320253,4.60989385336234,-44.469465648854964,4.372561796136647,0.0,4970.0,0.0,0.0,0.0,0.0,0.0,0.0,0.0,0.0,0.0,0.0,0.0,343.8967704772949
371,interval_only,supported_native_episode_loop,-2620.089,8.455,0.3905,-9.236,66.0,0.7480916030534351,345.5290591322815,6.10818796500646,-44.25190839694657,4.982172050697761,0.0,4970.0,0.0,0.0,0.0,0.0,0.0,0.0,0.0,0.0,0.0,0.0,0.0,2554.550811767578
381,interval_only,supported_native_episode_loop,-19745.804,30.258,0.605,-31.468,66.0,0.7480916030534351,343.4254576376073,8.471993995773094,-44.26335877862596,4.6744507144652765,0.0,4971.0,0.0,0.0,0.0,0.0,0.0,0.0,0.0,0.0,0.0,0.0,0.0,71140.87236328125
391,interval_only,supported_native_episode_loop,-14607.586,5.777,0.6161,-7.0092,66.0,0.7480916030534351,337.1279697521725,11.709158045000505,-43.95038167938932,5.318968993332332,0.8461538461538461,4971.0,0.0,0.0,0.0,0.0,0.0,0.0,0.0,0.0,0.0,0.0,0.0,420.51510162353514
401,interval_only,supported_native_episode_loop,-2754.551,5.077,0.3706,-5.8182,66.0,0.7480916030534351,345.6708123907068,5.325494002055849,-44.23664122137404,4.64352468961172,0.0,4970.0,0.0,0.0,0.0,0.0,0.0,0.0,0.0,0.0,0.0,0.0,0.0,29228.127856445313
411,interval_only,supported_native_episode_loop,-20649.724,16.569,0.5165,-17.602,66.0,0.7480916030534351,338.2202395198,8.440823688818112,-44.47709923664122,4.3682418229466045,0.23076923076923078,4970.0,0.0,0.0,0.0,0.0,0.0,0.0,0.0,0.0,0.0,0.0,0.0,36286.40073242188
421,interval_only,supported_native_episode_loop,-2844.59,4.172,0.5253,-5.2226,66.0,0.7480916030534351,342.3742865893677,7.903812660658103,-44.274809160305345,4.851305695203409,0.0,4970.0,0.0,0.0,0.0,0.0,0.0,0.0,0.0,0.0,0.0,0.0,0.0,1437.886594390869
431,interval_only,supported_native_episode_loop,-9106.576,5.04,0.4311,-5.9022,66.0,0.7480916030534351,339.5258826712843,9.699268743482872,-44.50381679389313,4.240614325727498,1.0,4972.0,0.0,0.0,0.0,0.0,0.0,0.0,0.0,0.0,0.0,0.0,0.0,7629.95078125
441,interval_only,supported_native_episode_loop,-19724.943,40.103,0.2776,-40.6582,66.0,0.7480916030534351,343.4237148128393,9.03064989669402,-44.36259541984733,4.662892917817485,0.0,4971.0,0.0,0.0,0.0,0.0,0.0,0.0,0.0,0.0,0.0,0.0,0.0,24350.5318359375
451,interval_only,supported_native_episode_loop,-2704.577,4.44,0.4856,-5.4112,66.0,0.7480916030534351,346.8749451432709,4.364217517095395,-44.19465648854962,5.25570301624597,1.0,4970.0,0.0,0.0,0.0,0.0,0.0,0.0,0.0,0.0,0.0,0.0,0.0,18555.609948730467
461,interval_only,supported_native_episode_loop,-19093.921,6.143,0.3428,-6.8286,66.0,0.7480916030534351,350.0373791874972,6.445714676179932,-44.416030534351144,4.493274308823671,0.5384615384615384,4970.0,0.0,0.0,0.0,0.0,0.0,0.0,0.0,0.0,0.0,0.0,0.0,7397.263354492187
471,interval_only,supported_native_episode_loop,-19841.365,9.301,0.4813,-10.2636,66.0,0.7480916030534351,337.764455010175,6.946568033790847,-44.270992366412216,4.901222601012377,0.0,4971.0,0.0,0.0,0.0,0.0,0.0,0.0,0.0,0.0,0.0,0.0,0.0,1218.47234954834
481,interval_only,supported_native_episode_loop,-3102.591,5.214,0.4491,-6.1122000000000005,66.0,0.7480916030534351,341.16953292031025,6.919706041153595,-44.20992366412214,4.915877919493491,0.0,4970.0,0.0,0.0,0.0,0.0,0.0,0.0,0.0,0.0,0.0,0.0,0.0,6775.162747192383
491,interval_only,supported_native_episode_loop,-14474.477,5.186,0.57,-6.326,66.0,0.7480916030534351,338.0536445509538,5.363466777280714,-44.267175572519086,4.979843995657164,0.6923076923076924,4970.0,0.0,0.0,0.0,0.0,0.0,0.0,0.0,0.0,0.0,0.0,0.0,2977.2111328125
501,interval_only,supported_native_episode_loop,-3119.134,4.7,0.4577,-5.6154,66.0,0.7480916030534351,332.93125294656244,10.022646769835905,-44.35496183206107,4.7566701057279985,0.3846153846153846,4972.0,0.0,0.0,0.0,0.0,0.0,0.0,0.0,0.0,0.0,0.0,0.0,13302.658923339844
511,interval_only,supported_native_episode_loop,-2709.404,5.706,0.4824,-6.670800000000001,66.0,0.7480916030534351,339.70220589935406,5.413347004373555,-44.1412213740458,5.308704794942783,0.0,4970.0,0.0,0.0,0.0,0.0,0.0,0.0,0.0,0.0,0.0,0.0,0.0,306.95219841003416
521,interval_only,supported_native_episode_loop,-18714.49,5.816,0.6446,-7.1052,66.0,0.7480916030534351,331.7239937807787,13.678025107903055,-44.461832061068705,4.34447895689587,0.0,4972.0,0.0,0.0,0.0,0.0,0.0,0.0,0.0,0.0,0.0,0.0,0.0,18648.476635742187
531,interval_only,supported_native_episode_loop,-2824.355,7.353,0.5181,-8.389199999999999,66.0,0.7480916030534351,340.6719429763522,5.956349413399539,-44.41984732824427,4.481436176684767,0.0,4971.0,0.0,0.0,0.0,0.0,0.0,0.0,0.0,0.0,0.0,0.0,0.0,8145.216174316406
541,interval_only,supported_native_episode_loop,-15310.671,6.123,0.6089,-7.3408,66.0,0.7480916030534351,337.1873188003025,6.772198203509418,-44.396946564885496,4.5920265933230295,1.0,4972.0,0.0,0.0,0.0,0.0,0.0,0.0,0.0,0.0,0.0,0.0,0.0,22107.770703125
551,interval_only,supported_native_episode_loop,-2702.971,6.565,0.4744,-7.513800000000001,66.0,0.7480916030534351,343.42007783601304,6.842035190603947,-44.05343511450382,4.780387695637148,0.9732971731083753,4970.0,0.0,0.0,0.0,0.0,0.0,0.0,0.0,0.0,0.0,0.0,0.0,6027.2531066894535
561,interval_only,supported_native_episode_loop,-9312.926,4.891,0.3895,-5.67,66.0,0.7480916030534351,335.6276712290355,6.856030707669428,-44.465648854961835,4.372533476883643,1.0,4970.0,0.0,0.0,0.0,0.0,0.0,0.0,0.0,0.0,0.0,0.0,0.0,31712.950463867186
571,interval_only,supported_native_episode_loop,-8763.262,3.613,0.4997,-4.6124,66.0,0.7480916030534351,329.8693081921293,4.272634349656671,-44.54961832061068,4.126277253949163,0.0,4970.0,0.0,0.0,0.0,0.0,0.0,0.0,0.0,0.0,0.0,0.0,0.0,3547.8203521728515
581,interval_only,supported_native_episode_loop,-18925.051,6.076,0.3642,-6.804399999999999,66.0,0.7480916030534351,339.36119988339243,5.155822089123099,-44.5,4.281818476494403,0.0,4971.0,0.0,0.0,0.0,0.0,0.0,0.0,0.0,0.0,0.0,0.0,0.0,38503.1783203125
591,interval_only,supported_native_episode_loop,-18440.731,4.487,0.5168,-5.5206,66.0,0.7480916030534351,340.6066428488751,4.586588636742459,-44.534351145038165,4.1614327206997945,0.3846153846153846,4970.0,0.0,0.0,0.0,0.0,0.0,0.0,0.0,0.0,0.0,0.0,0.0,3253.6305084228516
601,interval_only,supported_native_episode_loop,-13169.16,5.922,0.5112,-6.9444,66.0,0.7480916030534351,345.0388983543289,4.997172804065277,-44.33206106870229,4.796671351816728,1.0,4971.0,0.0,0.0,0.0,0.0,0.0,0.0,0.0,0.0,0.0,0.0,0.0,4710.2279052734375
611,interval_only,supported_native_episode_loop,-9286.583,5.525,0.5976,-6.7202,66.0,0.7480916030534351,348.3116418481707,6.830011619643055,-44.36641221374046,4.498016707768245,0.23076923076923078,4972.0,0.0,0.0,0.0,0.0,0.0,0.0,0.0,0.0,0.0,0.0,0.0,2468.268408203125
621,interval_only,supported_native_episode_loop,-3025.812,5.312,0.4356,-6.1832,66.0,0.7480916030534351,333.4725587502691,5.724692615023479,-44.14885496183206,5.3756571252808,0.0,4971.0,0.0,0.0,0.0,0.0,0.0,0.0,0.0,0.0,0.0,0.0,0.0,2741.061834716797
631,interval_only,supported_native_episode_loop,-3825.939,6.027,0.4097,-6.8464,66.0,0.7480916030534351,350.25928282684265,13.48953121575323,-9.641221374045802,38.92115119985515,1.0,4970.0,0.0,0.0,0.0,0.0,0.0,0.0,0.0,0.0,0.0,0.0,0.0,8100.36533203125
641,interval_only,supported_native_episode_loop,-17614.726,6.913,0.4372,-7.7874,66.0,0.7480916030534351,339.68209668603413,15.902224749492543,-38.916030534351144,13.677327407308097,1.0,4970.0,0.0,0.0,0.0,0.0,0.0,0.0,0.0,0.0,0.0,0.0,0.0,4246.495953369141
651,interval_only,supported_native_episode_loop,-18256.062,4.818,0.7198,-6.2576,66.0,0.7480916030534351,334.1772224022308,6.325217849365166,-44.30916030534351,4.957051425686204,0.8461538461538461,4971.0,0.0,0.0,0.0,0.0,0.0,0.0,0.0,0.0,0.0,0.0,0.0,17290.791247558594
661,interval_only,supported_native_episode_loop,-18975.947,7.267,0.4217,-8.1104,66.0,0.7480916030534351,339.70614435208284,4.932110443969375,-44.39312977099237,4.535907474447344,0.0,4970.0,0.0,0.0,0.0,0.0,0.0,0.0,0.0,0.0,0.0,0.0,0.0,9302.890966796875
671,interval_only,supported_native_episode_loop,-14958.885,28.323,0.4986,-29.3202,66.0,0.7480916030534351,341.5089482992205,5.522473685474318,-44.47328244274809,4.35246397580544,0.5384615384615384,4971.0,0.0,0.0,0.0,0.0,0.0,0.0,0.0,0.0,0.0,0.0,0.0,44772.983154296875
681,interval_only,supported_native_episode_loop,-18409.773,17.33,0.5711,-18.472199999999997,66.0,0.7480916030534351,338.59159250611265,4.886159782476476,-44.461832061068705,4.383834948682797,0.0,4971.0,0.0,0.0,0.0,0.0,0.0,0.0,0.0,0.0,0.0,0.0,0.0,6171.113549804688
691,interval_only,supported_native_episode_loop,-11018.262,4.069,0.6297,-5.3284,66.0,0.7480916030534351,337.2545020176254,4.910111686501213,-44.43129770992366,4.493533674162735,0.0,4970.0,0.0,0.0,0.0,0.0,0.0,0.0,0.0,0.0,0.0,0.0,0.0,8305.60707397461
701,interval_only,supported_native_episode_loop,-2838.217,4.634,0.4631,-5.5602,66.0,0.7480916030534351,346.7656806216137,7.805148244011808,-43.33969465648855,6.2458435570246555,0.0,4971.0,0.0,0.0,0.0,0.0,0.0,0.0,0.0,0.0,0.0,0.0,0.0,240.1077205657959
711,interval_only,supported_native_episode_loop,-5632.91,7.603,0.4253,-8.4536,66.0,0.7480916030534351,346.7567979277071,4.616042367446713,-44.343511450381676,4.678635855807003,1.0,4970.0,0.0,0.0,0.0,0.0,0.0,0.0,0.0,0.0,0.0,0.0,0.0,1738.2264465332032
721,interval_only,supported_native_episode_loop,-7854.993,5.301,0.6006,-6.5022,66.0,0.7480916030534351,341.72661081003474,6.706043760588888,-44.31679389312977,4.88130336542467,0.8461538461538461,4970.0,0.0,0.0,0.0,0.0,0.0,0.0,0.0,0.0,0.0,0.0,0.0,2141.8769256591795
731,interval_only,supported_native_episode_loop,-15801.68,4.31,0.6711,-5.6522,66.0,0.7480916030534351,346.8998312273098,5.027738474928736,-44.091603053435115,5.359518010799318,0.0,4971.0,0.0,0.0,0.0,0.0,0.0,0.0,0.0,0.0,0.0,0.0,0.0,43489.91495361328
741,interval_only,supported_native_episode_loop,-18201.119,5.629,0.5186,-6.6662,66.0,0.7480916030534351,336.81764576768757,5.44208858468173,-44.270992366412216,5.009822238616569,0.0,4970.0,0.0,0.0,0.0,0.0,0.0,0.0,0.0,0.0,0.0,0.0,0.0,54285.37626953125
751,interval_only,supported_native_episode_loop,-17203.965,4.775,0.4829,-5.7408,66.0,0.7480916030534351,336.04816377272135,7.6742513323778265,-44.545801526717554,4.1447798409655,0.0,4971.0,0.0,0.0,0.0,0.0,0.0,0.0,0.0,0.0,0.0,0.0,0.0,1535.092477416992
761,interval_only,supported_native_episode_loop,-19436.661,26.361,0.4319,-27.224800000000002,66.0,0.7480916030534351,349.5940999709922,5.2999299406089015,-44.33587786259542,4.668573980133893,1.0,4971.0,0.0,0.0,0.0,0.0,0.0,0.0,0.0,0.0,0.0,0.0,0.0,31074.258081054686
771,interval_only,supported_native_episode_loop,-5719.848,4.133,0.4006,-4.9342,66.0,0.7480916030534351,344.47406896638273,7.358554056902102,-44.33206106870229,4.804621934679346,0.0,4971.0,0.0,0.0,0.0,0.0,0.0,0.0,0.0,0.0,0.0,0.0,0.0,463.2746856689453
781,interval_only,supported_native_episode_loop,-3224.858,11.102,0.4212,-11.9444,66.0,0.7480916030534351,347.8775275863233,4.930254705683251,-44.24045801526717,4.798159294422132,0.0,4971.0,0.0,0.0,0.0,0.0,0.0,0.0,0.0,0.0,0.0,0.0,0.0,721.6873191833496
791,interval_only,supported_native_episode_loop,-9332.058,13.522,0.4875,-14.497,66.0,0.7480916030534351,336.9834898769476,5.77669443409575,-44.530534351145036,4.1724540736731415,0.0,4971.0,0.0,0.0,0.0,0.0,0.0,0.0,0.0,0.0,0.0,0.0,0.0,2205.7575408935545
801,interval_only,supported_native_episode_loop,-20498.446,20.955,0.6869,-22.328799999999998,66.0,0.7480916030534351,333.1309061341613,4.665664711742581,-44.5,4.256786229966639,1.0,4971.0,0.0,0.0,0.0,0.0,0.0,0.0,0.0,0.0,0.0,0.0,0.0,8621.12607421875
811,interval_only,supported_native_episode_loop,-2678.923,7.686,0.2857,-8.2574,66.0,0.7480916030534351,351.9976217044295,4.184548778720296,-43.9236641221374,5.899434984733239,0.0,4971.0,0.0,0.0,0.0,0.0,0.0,0.0,0.0,0.0,0.0,0.0,0.0,535.4742065429688
821,interval_only,supported_native_episode_loop,-11050.38,5.864,0.5635,-6.991,66.0,0.7480916030534351,333.2661911437833,4.279024199750071,-44.52290076335878,4.193489408312964,1.0,4971.0,0.0,0.0,0.0,0.0,0.0,0.0,0.0,0.0,0.0,0.0,0.0,4216.934704589844
831,interval_only,supported_native_episode_loop,-17933.715,4.229,0.5204,-5.2698,66.0,0.7480916030534351,336.5850292096611,9.33409880249232,-44.48854961832061,4.347266250253307,0.0,4970.0,0.0,0.0,0.0,0.0,0.0,0.0,0.0,0.0,0.0,0.0,0.0,116787.37060546875
201,native_promotion_replan,supported_native_episode_loop,-18997.582,5.2,0.5484,-6.2968,84.0,0.6793893129770993,335.27296138050906,7.958094745341308,-44.43511450381679,4.462907751407808,0.0,4971.0,0.0,0.0,0.0,0.0,0.0,0.0,0.0,0.0,0.0,0.0,0.0,22997.115307617187
211,native_promotion_replan,supported_native_episode_loop,-4652.857,11.577,0.4942,-12.5654,149.0,0.4312977099236641,342.0501073270296,5.256688178524055,-44.458015267175576,4.408111090827894,0.8285988307921028,4970.0,0.0,0.0,0.0,0.0,0.0,0.0,0.0,0.0,0.0,0.0,0.0,339.09691963195803
221,native_promotion_replan,supported_native_episode_loop,-18502.085,4.79,0.3789,-5.5478000000000005,134.0,0.48854961832061067,343.7036953462596,6.04883237553387,-44.33587786259542,4.749625436453823,0.0,4972.0,0.0,0.0,0.0,0.0,0.0,0.0,0.0,0.0,0.0,0.0,0.0,48596.560302734375
231,native_promotion_replan,supported_native_episode_loop,-10220.851,4.394,0.5542,-5.5024,126.0,0.5190839694656488,335.24651574378703,9.957778300604947,-44.49236641221374,4.290716382126527,0.8461538461538461,4970.0,0.0,0.0,0.0,0.0,0.0,0.0,0.0,0.0,0.0,0.0,0.0,643.4621520996094
241,native_promotion_replan,supported_native_episode_loop,-2793.096,8.528,0.478,-9.484,123.0,0.5305343511450382,325.4917639179084,7.003200665361501,-44.38931297709924,4.640631240103601,1.0,4970.0,0.0,0.0,0.0,0.0,0.0,0.0,0.0,0.0,0.0,0.0,0.0,5342.564877319336
251,native_promotion_replan,supported_native_episode_loop,-2550.177,3.776,0.4284,-4.6328,107.0,0.5916030534351145,344.49008507648193,7.077690912146215,-44.06106870229008,4.6892043062564825,1.0,4970.0,0.0,0.0,0.0,0.0,0.0,0.0,0.0,0.0,0.0,0.0,0.0,38.10931687355041
261,native_promotion_replan,supported_native_episode_loop,-2730.128,7.324,0.4328,-8.1896,145.0,0.44656488549618323,340.55557771871867,7.800087487459686,-44.52671755725191,4.198015242190195,1.0,4971.0,0.0,0.0,0.0,0.0,0.0,0.0,0.0,0.0,0.0,0.0,0.0,1494.4503219604492
271,native_promotion_replan,supported_native_episode_loop,-19903.238,19.487,0.4719,-20.430799999999998,147.0,0.4389312977099237,334.36577857599303,4.937650481317598,-44.530534351145036,4.1724540736731415,0.0,4970.0,0.0,0.0,0.0,0.0,0.0,0.0,0.0,0.0,0.0,0.0,0.0,35420.1615234375
281,native_promotion_replan,supported_native_episode_loop,-15327.618,4.501,0.6716,-5.844200000000001,143.0,0.4541984732824427,334.18204907935694,5.374487039981453,-44.538167938931295,4.134715401658565,0.0,4972.0,0.0,0.0,0.0,0.0,0.0,0.0,0.0,0.0,0.0,0.0,0.0,20795.861706542968
291,native_promotion_replan,supported_native_episode_loop,-11462.481,5.486,0.4934,-6.472799999999999,127.0,0.5152671755725191,346.20407349741413,5.5889557986065705,-44.400763358778626,4.48531099082984,0.0,4971.0,0.0,0.0,0.0,0.0,0.0,0.0,0.0,0.0,0.0,0.0,0.0,31338.73908691406
301,native_promotion_replan,supported_native_episode_loop,-3056.533,6.223,0.5567,-7.336399999999999,141.0,0.4618320610687023,347.0646193474941,13.806253401226261,-30.729007633587788,17.91410373855379,0.5384615384615384,4971.0,0.0,0.0,0.0,0.0,0.0,0.0,0.0,0.0,0.0,0.0,0.0,1457.4388679504395
311,native_promotion_replan,supported_native_episode_loop,-13132.895,5.553,0.4918,-6.5366,128.0,0.5114503816793893,347.30895487251985,12.071216006631174,-39.3206106870229,13.667405465052441,0.0,4971.0,0.0,0.0,0.0,0.0,0.0,0.0,0.0,0.0,0.0,0.0,0.0,47862.56892089844
321,native_promotion_replan,supported_native_episode_loop,-2841.968,4.792,0.5859,-5.9638,102.0,0.6106870229007634,330.60732002015635,5.911430043350924,-44.50381679389313,4.277357473815105,0.0,4970.0,0.0,0.0,0.0,0.0,0.0,0.0,0.0,0.0,0.0,0.0,0.0,28995.45615234375
331,native_promotion_replan,supported_native_episode_loop,-3805.244,5.668,0.4203,-6.5086,109.0,0.583969465648855,343.59041707616575,5.911112817557625,-44.19083969465649,5.139451516488187,0.0,4971.0,0.0,0.0,0.0,0.0,0.0,0.0,0.0,0.0,0.0,0.0,0.0,210.7437744140625
341,native_promotion_replan,supported_native_episode_loop,-17232.903,15.661,0.5349,-16.7308,95.0,0.6374045801526718,329.25303855124326,4.783259921689977,-44.538167938931295,4.160482172865041,0.0,4971.0,0.0,0.0,0.0,0.0,0.0,0.0,0.0,0.0,0.0,0.0,0.0,9598.953100585937
351,native_promotion_replan,supported_native_episode_loop,-16924.406,5.25,0.4705,-6.191,126.0,0.5190839694656488,341.21658271150733,6.101013358455999,-44.06106870229008,4.972835714266209,0.0,4970.0,0.0,0.0,0.0,0.0,0.0,0.0,0.0,0.0,0.0,0.0,0.0,1617.029736328125
361,native_promotion_replan,supported_native_episode_loop,-3021.975,5.679,0.3388,-6.3566,116.0,0.5572519083969466,335.65289074758846,4.520155688307106,-44.469465648854964,4.372561796136647,0.0,4970.0,0.0,0.0,0.0,0.0,0.0,0.0,0.0,0.0,0.0,0.0,0.0,343.6913829803467
371,native_promotion_replan,supported_native_episode_loop,-2619.211,8.455,0.3905,-9.236,101.0,0.6145038167938931,345.6032349260822,6.310465138149051,-44.25190839694657,4.982172050697761,0.0,4970.0,0.0,0.0,0.0,0.0,0.0,0.0,0.0,0.0,0.0,0.0,0.0,2554.727268981934
381,native_promotion_replan,supported_native_episode_loop,-19794.597,30.296,0.4426,-31.1812,119.0,0.5458015267175572,342.9826105015301,8.262804806788346,-44.4236641221374,4.461015734490215,0.0,4971.0,0.0,0.0,0.0,0.0,0.0,0.0,0.0,0.0,0.0,0.0,0.0,70853.95234375
391,native_promotion_replan,supported_native_episode_loop,-14616.015,5.765,0.6159,-6.9967999999999995,136.0,0.48091603053435117,337.95995120938494,11.330840483856754,-43.908396946564885,5.378002100271534,0.8679309139489686,4971.0,0.0,0.0,0.0,0.0,0.0,0.0,0.0,0.0,0.0,0.0,0.0,420.7898223876953
401,native_promotion_replan,supported_native_episode_loop,-2756.701,5.081,0.3705,-5.822,114.0,0.5648854961832062,346.08684633466726,6.18150216188237,-44.041984732824424,4.745644112822667,0.0,4970.0,0.0,0.0,0.0,0.0,0.0,0.0,0.0,0.0,0.0,0.0,0.0,29229.443237304688
411,native_promotion_replan,supported_native_episode_loop,-20614.972,16.509,0.371,-17.251,193.0,0.2633587786259542,338.1152615461451,9.641592546851221,-44.47709923664122,4.3682418229466045,0.23076923076923078,4970.0,0.0,0.0,0.0,0.0,0.0,0.0,0.0,0.0,0.0,0.0,0.0,36262.39243164063
421,native_promotion_replan,supported_native_episode_loop,-2855.189,4.172,0.5253,-5.2226,94.0,0.6412213740458015,341.59489000757003,7.759928670389893,-44.274809160305345,4.851305695203409,0.0,4970.0,0.0,0.0,0.0,0.0,0.0,0.0,0.0,0.0,0.0,0.0,0.0,1437.902214050293
431,native_promotion_replan,supported_native_episode_loop,-9149.147,5.051,0.3815,-5.814,189.0,0.2786259541984733,337.71052519911495,9.301511915372895,-44.51145038167939,4.239700429093315,1.0,4972.0,0.0,0.0,0.0,0.0,0.0,0.0,0.0,0.0,0.0,0.0,0.0,7709.369476318359
441,native_promotion_replan,supported_native_episode_loop,-19720.427,40.103,0.2776,-40.6582,90.0,0.6564885496183206,343.54522774282833,10.069845949426478,-44.30534351145038,4.682912139190092,0.0,4971.0,0.0,0.0,0.0,0.0,0.0,0.0,0.0,0.0,0.0,0.0,0.0,24348.448291015626
451,native_promotion_replan,supported_native_episode_loop,-2706.181,4.442,0.4856,-5.4132,136.0,0.48091603053435117,346.8121170772377,5.00731926499361,-44.12213740458015,5.282150413302672,1.0,4970.0,0.0,0.0,0.0,0.0,0.0,0.0,0.0,0.0,0.0,0.0,0.0,18554.100964355468
461,native_promotion_replan,supported_native_episode_loop,-19239.192,6.251,0.2922,-6.8354,98.0,0.6259541984732825,350.51617806587967,5.3515658446257515,-44.4236641221374,4.493410477493363,0.5384615384615384,4970.0,0.0,0.0,0.0,0.0,0.0,0.0,0.0,0.0,0.0,0.0,0.0,7966.335797119141
471,native_promotion_replan,supported_native_episode_loop,-19853.141,9.301,0.4813,-10.2636,80.0,0.6946564885496184,336.43571917105265,7.019876436003142,-44.270992366412216,4.901222601012377,0.0,4971.0,0.0,0.0,0.0,0.0,0.0,0.0,0.0,0.0,0.0,0.0,0.0,1219.6031585693358
481,native_promotion_replan,supported_native_episode_loop,-3096.478,5.214,0.4236,-6.0612,110.0,0.5801526717557252,341.06888351925755,6.597801151212535,-43.896946564885496,5.196232324597361,0.0,4970.0,0.0,0.0,0.0,0.0,0.0,0.0,0.0,0.0,0.0,0.0,0.0,6792.314356994629
491,native_promotion_replan,supported_native_episode_loop,-14478.824,5.193,0.5701,-6.3332,83.0,0.683206106870229,338.3252766055763,5.2888758447212645,-44.25954198473283,4.980247681169536,0.6923076923076924,4970.0,0.0,0.0,0.0,0.0,0.0,0.0,0.0,0.0,0.0,0.0,0.0,2981.0777221679687
501,native_promotion_replan,supported_native_episode_loop,-3115.371,4.7,0.4579,-5.6158,146.0,0.44274809160305345,332.5961487263517,10.38251110064194,-44.35496183206107,4.7566701057279985,0.3846153846153846,4972.0,0.0,0.0,0.0,0.0,0.0,0.0,0.0,0.0,0.0,0.0,0.0,13324.848352050782
511,native_promotion_replan,supported_native_episode_loop,-2706.918,5.711,0.4822,-6.675400000000001,92.0,0.648854961832061,341.0693688984515,5.199940154659736,-43.75190839694657,5.535063128721941,0.0,4970.0,0.0,0.0,0.0,0.0,0.0,0.0,0.0,0.0,0.0,0.0,0.0,308.514740562439
521,native_promotion_replan,supported_native_episode_loop,-18703.642,5.819,0.6452,-7.1094,145.0,0.44656488549618323,332.95746275683996,15.095163253409464,-43.50763358778626,5.641140027716646,0.0,4972.0,0.0,0.0,0.0,0.0,0.0,0.0,0.0,0.0,0.0,0.0,0.0,18567.33175048828
531,native_promotion_replan,supported_native_episode_loop,-2826.506,7.353,0.5181,-8.389199999999999,151.0,0.42366412213740456,340.35595687096964,5.73846986809868,-44.41984732824427,4.481436176684767,0.0,4971.0,0.0,0.0,0.0,0.0,0.0,0.0,0.0,0.0,0.0,0.0,0.0,8145.309899902344
541,native_promotion_replan,supported_native_episode_loop,-15355.33,6.167,0.6455,-7.458,104.0,0.6030534351145038,338.36844268031325,6.490233930232438,-44.396946564885496,4.5920265933230295,0.40322315068807746,4972.0,0.0,0.0,0.0,0.0,0.0,0.0,0.0,0.0,0.0,0.0,0.0,21345.608947753906
551,native_promotion_replan,supported_native_episode_loop,-2701.862,6.573,0.4615,-7.496,102.0,0.6106870229007634,344.28790633913513,6.678805521379242,-43.70229007633588,5.457251855007746,0.9732971731083753,4970.0,0.0,0.0,0.0,0.0,0.0,0.0,0.0,0.0,0.0,0.0,0.0,6117.23978881836
561,native_promotion_replan,supported_native_episode_loop,-9308.197,4.893,0.3908,-5.6746,206.0,0.21374045801526717,335.7791342185199,8.674725874036515,-44.458015267175576,4.373339670964229,1.0,4970.0,0.0,0.0,0.0,0.0,0.0,0.0,0.0,0.0,0.0,0.0,0.0,31731.225341796875
571,native_promotion_replan,supported_native_episode_loop,-8743.976,3.612,0.5466,-4.7052,110.0,0.5801526717557252,329.9105794799844,4.235278688430009,-44.54961832061068,4.126277253949163,0.0,4970.0,0.0,0.0,0.0,0.0,0.0,0.0,0.0,0.0,0.0,0.0,0.0,3532.9875762939455
581,native_promotion_replan,supported_native_episode_loop,-18928.191,6.076,0.3642,-6.804399999999999,135.0,0.4847328244274809,339.18840559029684,4.862851194453796,-44.5,4.281818476494403,0.0,4971.0,0.0,0.0,0.0,0.0,0.0,0.0,0.0,0.0,0.0,0.0,0.0,38502.7046875
591,native_promotion_replan,supported_native_episode_loop,-18466.154,4.487,0.5167,-5.5204,244.0,0.06870229007633588,338.93194143141005,4.511326226093317,-44.534351145038165,4.1614327206997945,0.3846153846153846,4970.0,0.0,0.0,0.0,0.0,0.0,0.0,0.0,0.0,0.0,0.0,0.0,3256.910836791992
601,native_promotion_replan,supported_native_episode_loop,-13127.584,5.916,0.5112,-6.938400000000001,121.0,0.5381679389312977,343.5423035272964,5.736972969766716,-44.33206106870229,4.796671351816728,1.0,4971.0,0.0,0.0,0.0,0.0,0.0,0.0,0.0,0.0,0.0,0.0,0.0,4720.647644042969
611,native_promotion_replan,supported_native_episode_loop,-9292.007,5.521,0.4667,-6.4544,87.0,0.6679389312977099,347.5526125958118,6.480214617911402,-44.43893129770992,4.462961610723472,0.23076923076923078,4972.0,0.0,0.0,0.0,0.0,0.0,0.0,0.0,0.0,0.0,0.0,0.0,2536.5430450439453
621,native_promotion_replan,supported_native_episode_loop,-3020.944,5.308,0.4529,-6.2138,100.0,0.6183206106870229,334.0289211243467,5.767315731463452,-44.14885496183206,5.3756571252808,0.0,4971.0,0.0,0.0,0.0,0.0,0.0,0.0,0.0,0.0,0.0,0.0,0.0,2741.534786987305
631,native_promotion_replan,supported_native_episode_loop,-3817.974,6.035,0.4335,-6.902,171.0,0.3473282442748092,348.76078127578427,13.167387813901108,-29.408396946564885,25.82703045280995,1.0,4970.0,0.0,0.0,0.0,0.0,0.0,0.0,0.0,0.0,0.0,0.0,0.0,8061.537982177734
641,native_promotion_replan,supported_native_episode_loop,-17272.072,7.253,0.5263,-8.3056,121.0,0.5381679389312977,339.9019124537251,16.072068018715015,-39.11450381679389,13.24584983045261,1.0,4970.0,0.0,0.0,0.0,0.0,0.0,0.0,0.0,0.0,0.0,0.0,0.0,4206.672796630859
651,native_promotion_replan,supported_native_episode_loop,-18256.362,4.818,0.7378,-6.2936,93.0,0.6450381679389313,333.8978419524947,6.539913422135331,-44.30916030534351,4.957051425686204,0.8461538461538461,4971.0,0.0,0.0,0.0,0.0,0.0,0.0,0.0,0.0,0.0,0.0,0.0,17292.352770996094
661,native_promotion_replan,supported_native_episode_loop,-18962.688,7.268,0.4217,-8.1114,178.0,0.32061068702290074,341.6382557075253,4.805652468018846,-44.408396946564885,4.528662545732508,0.0,4970.0,0.0,0.0,0.0,0.0,0.0,0.0,0.0,0.0,0.0,0.0,0.0,9325.642456054688
671,native_promotion_replan,supported_native_episode_loop,-15025.446,28.403,0.4905,-29.384,157.0,0.40076335877862596,342.12427633163776,4.7042575791135635,-44.47328244274809,4.35246397580544,0.5384615384615384,4971.0,0.0,0.0,0.0,0.0,0.0,0.0,0.0,0.0,0.0,0.0,0.0,44876.1833984375
681,native_promotion_replan,supported_native_episode_loop,-18312.813,17.061,0.5228,-18.1066,86.0,0.6717557251908397,338.8817273519725,5.303699488071465,-44.461832061068705,4.383834948682797,0.0,4971.0,0.0,0.0,0.0,0.0,0.0,0.0,0.0,0.0,0.0,0.0,0.0,6061.716125488281
691,native_promotion_replan,supported_native_episode_loop,-11016.641,4.064,0.6306,-5.325200000000001,90.0,0.6564885496183206,337.2109849998514,4.446159879399299,-44.43129770992366,4.493533674162735,0.0,4970.0,0.0,0.0,0.0,0.0,0.0,0.0,0.0,0.0,0.0,0.0,0.0,8281.962292480468
701,native_promotion_replan,supported_native_episode_loop,-2836.786,4.644,0.3888,-5.4216,124.0,0.5267175572519084,347.0386313749596,8.879455478788058,-42.20610687022901,7.0529270164967075,0.0,4971.0,0.0,0.0,0.0,0.0,0.0,0.0,0.0,0.0,0.0,0.0,0.0,243.24961280822754
711,native_promotion_replan,supported_native_episode_loop,-5619.122,7.614,0.4787,-8.5714,118.0,0.549618320610687,347.50334487727275,4.611034249773249,-44.29770992366412,4.689104891044184,1.0,4970.0,0.0,0.0,0.0,0.0,0.0,0.0,0.0,0.0,0.0,0.0,0.0,1698.77236328125
721,native_promotion_replan,supported_native_episode_loop,-8072.222,5.426,0.5294,-6.4848,95.0,0.6374045801526718,341.90387933003996,6.486395286027031,-44.30534351145038,4.880860157222934,0.6923076923076924,4970.0,0.0,0.0,0.0,0.0,0.0,0.0,0.0,0.0,0.0,0.0,0.0,2423.8809326171877
731,native_promotion_replan,supported_native_episode_loop,-15810.333,4.323,0.5507,-5.4244,167.0,0.36259541984732824,346.15530404488317,6.229053487201853,-43.843511450381676,5.653676764032321,0.0,4971.0,0.0,0.0,0.0,0.0,0.0,0.0,0.0,0.0,0.0,0.0,0.0,43541.125317382815
741,native_promotion_replan,supported_native_episode_loop,-18184.497,5.628,0.5186,-6.6652000000000005,103.0,0.6068702290076335,337.33170832131657,6.046226962041936,-44.270992366412216,5.009822238616569,0.0,4970.0,0.0,0.0,0.0,0.0,0.0,0.0,0.0,0.0,0.0,0.0,0.0,54376.85847167969
751,native_promotion_replan,supported_native_episode_loop,-17200.641,4.776,0.4859,-5.7478,76.0,0.7099236641221374,337.20436278995663,7.480926484734071,-44.545801526717554,4.1447798409655,0.0,4971.0,0.0,0.0,0.0,0.0,0.0,0.0,0.0,0.0,0.0,0.0,0.0,1438.9030456542969
761,native_promotion_replan,supported_native_episode_loop,-19412.61,26.244,0.4801,-27.2042,156.0,0.40458015267175573,349.6363541752214,5.612652932027908,-44.35496183206107,4.665116834000953,1.0,4971.0,0.0,0.0,0.0,0.0,0.0,0.0,0.0,0.0,0.0,0.0,0.0,31270.53154296875
771,native_promotion_replan,supported_native_episode_loop,-5692.639,4.119,0.5218,-5.162599999999999,126.0,0.5190839694656488,345.7482672003882,6.162845973937714,-44.30916030534351,4.808531704949893,0.0,4971.0,0.0,0.0,0.0,0.0,0.0,0.0,0.0,0.0,0.0,0.0,0.0,467.628980255127
781,native_promotion_replan,supported_native_episode_loop,-3222.455,11.099,0.4212,-11.9414,149.0,0.4312977099236641,347.9599570396498,4.847385482589936,-44.02290076335878,4.971622753884891,0.0,4971.0,0.0,0.0,0.0,0.0,0.0,0.0,0.0,0.0,0.0,0.0,0.0,720.6891357421875
791,native_promotion_replan,supported_native_episode_loop,-9433.196,13.657,0.3998,-14.4566,104.0,0.6030534351145038,335.570285001344,5.813418158605446,-44.530534351145036,4.1724540736731415,0.0,4971.0,0.0,0.0,0.0,0.0,0.0,0.0,0.0,0.0,0.0,0.0,0.0,2260.764205932617
801,native_promotion_replan,supported_native_episode_loop,-20509.167,20.955,0.6869,-22.328799999999998,188.0,0.2824427480916031,333.23283971068815,4.965272530820245,-44.5,4.256786229966639,1.0,4971.0,0.0,0.0,0.0,0.0,0.0,0.0,0.0,0.0,0.0,0.0,0.0,8622.065112304688
811,native_promotion_replan,supported_native_episode_loop,-2676.529,7.687,0.2857,-8.2584,90.0,0.6564885496183206,351.5745650195713,3.7027807093082434,-43.89312977099237,5.898313782065949,0.0,4971.0,0.0,0.0,0.0,0.0,0.0,0.0,0.0,0.0,0.0,0.0,0.0,535.060506439209
821,native_promotion_replan,supported_native_episode_loop,-11047.952,5.893,0.7717,-7.4364,157.0,0.40076335877862596,333.6673944947677,5.09125809342929,-44.52290076335878,4.193489408312964,1.0,4971.0,0.0,0.0,0.0,0.0,0.0,0.0,0.0,0.0,0.0,0.0,0.0,4214.45678100586
831,native_promotion_replan,supported_native_episode_loop,-17942.895,4.229,0.5204,-5.2698,119.0,0.5458015267175572,336.32604857795417,10.629279553465569,-44.48854961832061,4.347266250253307,0.0,4970.0,0.0,0.0,0.0,0.0,0.0,0.0,0.0,0.0,0.0,0.0,0.0,116787.26689453125
201,native_learned_gate,supported_native_episode_loop,-18997.869,5.2,0.5484,-6.2968,66.0,0.7480916030534351,334.5140595732603,8.467248306683421,-44.43511450381679,4.462907751407808,0.0,4971.0,0.0,0.0,0.0,0.0,0.0,0.0,0.0,0.0,0.0,0.0,0.0,22997.756213378907
211,native_learned_gate,supported_native_episode_loop,-5153.2,11.836,0.4749,-12.7858,66.0,0.7480916030534351,341.932229619915,5.866115286773882,-44.458015267175576,4.408111090827894,1.0,4970.0,2.0,2.0,0.9820137900379085,0.0,0.0,0.0,0.0,0.0,0.0,0.0,0.0,450.0531707763672
221,native_learned_gate,supported_native_episode_loop,-18428.779,4.752,0.3915,-5.535,66.0,0.7480916030534351,343.7513177893392,6.175622640845034,-44.31679389312977,4.75294448988542,0.0,4972.0,2.0,2.0,0.9820137900379085,0.0,0.0,0.0,0.0,0.0,0.0,0.0,0.0,49019.47856445312
231,native_learned_gate,supported_native_episode_loop,-10202.391,4.384,0.4667,-5.3174,66.0,0.7480916030534351,335.14185112273424,9.184890124372023,-44.49236641221374,4.290716382126527,0.8461538461538461,4970.0,2.0,2.0,0.9820137900379085,0.0,0.0,0.0,0.0,0.0,0.0,0.0,0.0,654.1778144836426
241,native_learned_gate,supported_native_episode_loop,-2795.758,8.528,0.4779,-9.4838,66.0,0.7480916030534351,326.2204480455122,6.993642993862231,-44.38931297709924,4.640631240103601,1.0,4970.0,2.0,2.0,0.9820137900379085,0.0,0.0,0.0,0.0,0.0,0.0,0.0,0.0,5342.644955444336
251,native_learned_gate,supported_native_episode_loop,-2558.057,3.775,0.3811,-4.5372,66.0,0.7480916030534351,343.1458533036174,7.283128429475142,-44.416030534351144,4.491575095527438,1.0,4970.0,2.0,2.0,0.9820137900379085,0.0,0.0,0.0,0.0,0.0,0.0,0.0,0.0,38.132466077804565
261,native_learned_gate,supported_native_episode_loop,-2726.685,7.324,0.4328,-8.1896,66.0,0.7480916030534351,339.7581985558073,7.435604256261981,-44.52671755725191,4.198015242190195,1.0,4971.0,1.0,1.0,0.9820137900379085,0.0,0.0,0.0,0.0,0.0,0.0,0.0,0.0,1494.7069000244142
271,native_learned_gate,supported_native_episode_loop,-19898.282,19.487,0.4719,-20.430799999999998,66.0,0.7480916030534351,335.05775189800124,4.091879076996294,-44.530534351145036,4.1724540736731415,0.0,4970.0,2.0,2.0,0.9820137900379085,0.0,0.0,0.0,0.0,0.0,0.0,0.0,0.0,35419.846923828125
281,native_learned_gate,supported_native_episode_loop,-15370.924,4.467,0.6436,-5.754199999999999,66.0,0.7480916030534351,335.62251529171874,5.070251806126945,-44.538167938931295,4.134715401658565,0.0,4972.0,2.0,2.0,0.9820137900379085,0.0,0.0,0.0,0.0,0.0,0.0,0.0,0.0,21057.292114257812
291,native_learned_gate,supported_native_episode_loop,-11423.6,5.475,0.4932,-6.461399999999999,66.0,0.7480916030534351,346.64262206862287,5.3921637258948385,-44.42748091603053,4.483269210578515,0.0,4971.0,2.0,2.0,0.9820137900379085,0.0,0.0,0.0,0.0,0.0,0.0,0.0,0.0,31220.7185546875
301,native_learned_gate,supported_native_episode_loop,-3047.724,6.194,0.5402,-7.2744,66.0,0.7480916030534351,348.81216044941345,12.077030768693481,-32.01526717557252,19.80341736752609,0.5384615384615384,4971.0,2.0,2.0,0.9820137900379085,0.0,0.0,0.0,0.0,0.0,0.0,0.0,0.0,1462.6403434753418
311,native_learned_gate,supported_native_episode_loop,-13111.415,5.539,0.5406,-6.6202,66.0,0.7480916030534351,346.49772289198927,10.943637380437341,-40.17175572519084,13.78782389491263,0.0,4971.0,2.0,2.0,0.9820137900379085,0.0,0.0,0.0,0.0,0.0,0.0,0.0,0.0,48331.16552734375
321,native_learned_gate,supported_native_episode_loop,-2833.783,4.792,0.5859,-5.9638,66.0,0.7480916030534351,331.2921035310391,5.039523753001377,-44.50381679389313,4.277357473815105,0.0,4970.0,2.0,2.0,0.9820137900379085,0.0,0.0,0.0,0.0,0.0,0.0,0.0,0.0,28995.077258300782
331,native_learned_gate,supported_native_episode_loop,-3805.524,5.667,0.4203,-6.5076,66.0,0.7480916030534351,343.4336887136594,6.117986494650116,-44.19083969465649,5.139451516488187,0.0,4971.0,2.0,2.0,0.9820137900379085,0.0,0.0,0.0,0.0,0.0,0.0,0.0,0.0,210.56106452941896
341,native_learned_gate,supported_native_episode_loop,-17320.165,15.259,0.6436,-16.5462,66.0,0.7480916030534351,328.92179580329326,4.526443329230261,-44.538167938931295,4.160482172865041,0.0,4971.0,2.0,2.0,0.9820137900379085,0.0,0.0,0.0,0.0,0.0,0.0,0.0,0.0,9230.390344238282
351,native_learned_gate,supported_native_episode_loop,-16923.804,5.248,0.4705,-6.189,66.0,0.7480916030534351,340.2062035689752,6.179209465014487,-44.30534351145038,4.750079356140639,0.0,4970.0,2.0,2.0,0.9820137900379085,0.0,0.0,0.0,0.0,0.0,0.0,0.0,0.0,1616.8117141723633
361,native_learned_gate,supported_native_episode_loop,-3028.322,5.679,0.3388,-6.3566,66.0,0.7480916030534351,334.7753804337887,4.9910249685427015,-44.469465648854964,4.372561796136647,0.0,4970.0,2.0,2.0,0.9820137900379085,0.0,0.0,0.0,0.0,0.0,0.0,0.0,0.0,344.1463706970215
371,native_learned_gate,supported_native_episode_loop,-2622.083,8.455,0.3905,-9.236,66.0,0.7480916030534351,345.3633992626126,7.169327437662639,-44.25190839694657,4.982172050697761,0.0,4970.0,2.0,2.0,0.9820137900379085,0.0,0.0,0.0,0.0,0.0,0.0,0.0,0.0,2554.7523658752443
381,native_learned_gate,supported_native_episode_loop,-19766.528,30.268,0.6191,-31.5062,66.0,0.7480916030534351,342.39522418002133,8.063569722860018,-44.43511450381679,4.458629571812913,0.0,4971.0,2.0,2.0,0.9820137900379085,0.0,0.0,0.0,0.0,0.0,0.0,0.0,0.0,71125.962890625
391,native_learned_gate,supported_native_episode_loop,-14583.663,5.774,0.5721,-6.918200000000001,66.0,0.7480916030534351,337.4454423385343,12.110156006892883,-44.13358778625954,5.230680347601268,0.8679309139489686,4971.0,2.0,2.0,0.9820137900379085,0.0,0.0,0.0,0.0,0.0,0.0,0.0,0.0,420.6876693725586
401,native_learned_gate,supported_native_episode_loop,-2755.557,5.076,0.3705,-5.816999999999999,66.0,0.7480916030534351,345.9692827495493,5.294308698344113,-44.270992366412216,4.6354753628550736,0.0,4970.0,2.0,2.0,0.9820137900379085,0.0,0.0,0.0,0.0,0.0,0.0,0.0,0.0,29217.59133300781
411,native_learned_gate,supported_native_episode_loop,-20669.855,16.567,0.4115,-17.39,66.0,0.7480916030534351,337.460874963465,9.737626375685101,-44.47709923664122,4.3682418229466045,0.23076923076923078,4970.0,2.0,2.0,0.9820137900379085,0.0,0.0,0.0,0.0,0.0,0.0,0.0,0.0,36865.88833007812
421,native_learned_gate,supported_native_episode_loop,-2836.753,4.172,0.5253,-5.2226,66.0,0.7480916030534351,343.1157028919105,8.195238757727164,-44.274809160305345,4.851305695203409,0.0,4970.0,2.0,2.0,0.9820137900379085,0.0,0.0,0.0,0.0,0.0,0.0,0.0,0.0,1439.7497261047363
431,native_learned_gate,supported_native_episode_loop,-9109.401,5.042,0.4311,-5.9041999999999994,66.0,0.7480916030534351,338.99177726579984,9.11837667761051,-44.51145038167939,4.239700429093315,1.0,4972.0,2.0,2.0,0.9820137900379085,0.0,0.0,0.0,0.0,0.0,0.0,0.0,0.0,7662.822619628906
441,native_learned_gate,supported_native_episode_loop,-19720.717,40.108,0.2776,-40.663199999999996,66.0,0.7480916030534351,343.5705646904371,9.235224614883668,-44.36259541984733,4.663711392316072,0.0,4971.0,2.0,2.0,0.9820137900379085,0.0,0.0,0.0,0.0,0.0,0.0,0.0,0.0,24352.36591796875
451,native_learned_gate,supported_native_episode_loop,-2703.048,4.442,0.4856,-5.4132,66.0,0.7480916030534351,346.62900130377164,5.0094009581741945,-44.11832061068702,5.274644831235755,1.0,4970.0,2.0,2.0,0.9820137900379085,0.0,0.0,0.0,0.0,0.0,0.0,0.0,0.0,18555.242260742187
461,native_learned_gate,supported_native_episode_loop,-19104.582,6.203,0.364,-6.931,66.0,0.7480916030534351,350.00793102712913,5.695963946173643,-44.4236641221374,4.493410477493363,0.5384615384615384,4970.0,2.0,2.0,0.9820137900379085,0.0,0.0,0.0,0.0,0.0,0.0,0.0,0.0,7370.966491699219
471,native_learned_gate,supported_native_episode_loop,-19841.365,9.301,0.4813,-10.2636,66.0,0.7480916030534351,337.764455010175,6.946568033790847,-44.270992366412216,4.901222601012377,0.0,4971.0,0.0,0.0,0.0,0.0,0.0,0.0,0.0,0.0,0.0,0.0,0.0,1219.2439086914062
481,native_learned_gate,supported_native_episode_loop,-3103.9,5.213,0.459,-6.131,66.0,0.7480916030534351,340.9708743793591,6.3869020708525435,-44.13740458015267,4.993527656340305,0.0,4970.0,2.0,2.0,0.9820137900379085,0.0,0.0,0.0,0.0,0.0,0.0,0.0,0.0,6852.740100097656
491,native_learned_gate,supported_native_episode_loop,-14491.899,5.198,0.5638,-6.3256000000000006,66.0,0.7480916030534351,338.46175705036745,5.176723030499368,-44.267175572519086,4.979843995657164,0.6923076923076924,4970.0,2.0,2.0,0.9820137900379085,0.0,0.0,0.0,0.0,0.0,0.0,0.0,0.0,2982.823101806641
501,native_learned_gate,supported_native_episode_loop,-3121.56,4.7,0.4577,-5.6154,66.0,0.7480916030534351,332.9284420751433,10.53261150080067,-44.35496183206107,4.7566701057279985,0.3846153846153846,4972.0,2.0,2.0,0.9820137900379085,0.0,0.0,0.0,0.0,0.0,0.0,0.0,0.0,13302.846826171875
511,native_learned_gate,supported_native_episode_loop,-2709.404,5.706,0.4824,-6.670800000000001,66.0,0.7480916030534351,339.70220589935406,5.413347004373555,-44.1412213740458,5.308704794942783,0.0,4970.0,0.0,0.0,0.0,0.0,0.0,0.0,0.0,0.0,0.0,0.0,0.0,307.02182178497316
521,native_learned_gate,supported_native_episode_loop,-18706.819,5.818,0.6446,-7.1072,66.0,0.7480916030534351,332.64764284102756,14.40067239597188,-44.396946564885496,4.360088572027328,0.0,4972.0,2.0,2.0,0.9820137900379085,0.0,0.0,0.0,0.0,0.0,0.0,0.0,0.0,18728.443591308594
531,native_learned_gate,supported_native_episode_loop,-2820.557,7.353,0.5181,-8.389199999999999,66.0,0.7480916030534351,340.81277395617263,5.743637011683329,-44.41984732824427,4.481436176684767,0.0,4971.0,2.0,2.0,0.9820137900379085,0.0,0.0,0.0,0.0,0.0,0.0,0.0,0.0,8144.853527832031
541,native_learned_gate,supported_native_episode_loop,-15310.671,6.123,0.6089,-7.3408,66.0,0.7480916030534351,337.1873188003025,6.772198203509418,-44.396946564885496,4.5920265933230295,1.0,4972.0,0.0,0.0,0.0,0.0,0.0,0.0,0.0,0.0,0.0,0.0,0.0,22107.771813964842
551,native_learned_gate,supported_native_episode_loop,-2711.034,6.569,0.4923,-7.5536,66.0,0.7480916030534351,342.91766660178587,6.692828993035914,-44.034351145038165,4.784154363723417,0.9732971731083753,4970.0,2.0,2.0,0.9820137900379085,0.0,0.0,0.0,0.0,0.0,0.0,0.0,0.0,6076.233323669434
561,native_learned_gate,supported_native_episode_loop,-9305.636,4.889,0.4071,-5.703200000000001,66.0,0.7480916030534351,336.54412968660733,6.80313006040816,-44.465648854961835,4.372533476883643,1.0,4970.0,2.0,2.0,0.9820137900379085,0.0,0.0,0.0,0.0,0.0,0.0,0.0,0.0,31815.38193359375
571,native_learned_gate,supported_native_episode_loop,-8744.783,3.608,0.5909,-4.7898,66.0,0.7480916030534351,329.8682370794942,4.304669235553817,-44.54961832061068,4.126277253949163,0.0,4970.0,2.0,2.0,0.9820137900379085,0.0,0.0,0.0,0.0,0.0,0.0,0.0,0.0,3531.301351928711
581,native_learned_gate,supported_native_episode_loop,-18913.932,6.076,0.3642,-6.804399999999999,66.0,0.7480916030534351,340.1699214603458,5.006367024540143,-44.5,4.281818476494403,0.0,4971.0,2.0,2.0,0.9820137900379085,0.0,0.0,0.0,0.0,0.0,0.0,0.0,0.0,38500.09047851562
591,native_learned_gate,supported_native_episode_loop,-18446.884,4.487,0.5167,-5.5204,66.0,0.7480916030534351,340.4021275428036,4.43285887795203,-44.534351145038165,4.1614327206997945,0.3846153846153846,4970.0,2.0,2.0,0.9820137900379085,0.0,0.0,0.0,0.0,0.0,0.0,0.0,0.0,3254.7808685302734
601,native_learned_gate,supported_native_episode_loop,-13126.662,5.92,0.5112,-6.9424,66.0,0.7480916030534351,345.0466046903576,5.220790760766682,-44.32442748091603,4.796398006059052,1.0,4971.0,1.0,1.0,0.9820137900379085,0.0,0.0,0.0,0.0,0.0,0.0,0.0,0.0,4717.325927734375
611,native_learned_gate,supported_native_episode_loop,-9242.212,5.507,0.5489,-6.6048,66.0,0.7480916030534351,347.304540734831,6.044236912102664,-44.43893129770992,4.462961610723472,0.23076923076923078,4972.0,2.0,2.0,0.9820137900379085,0.0,0.0,0.0,0.0,0.0,0.0,0.0,0.0,2445.9137115478516
621,native_learned_gate,supported_native_episode_loop,-3019.021,5.311,0.4511,-6.2132,66.0,0.7480916030534351,334.08484742938714,5.764521477289826,-44.14885496183206,5.3756571252808,0.0,4971.0,1.0,1.0,0.9820137900379085,0.0,0.0,0.0,0.0,0.0,0.0,0.0,0.0,2741.63058013916
631,native_learned_gate,supported_native_episode_loop,-3819.147,6.053,0.4931,-7.0392,66.0,0.7480916030534351,349.53388455316,13.58833664313814,-16.400763358778626,34.3369540237777,1.0,4970.0,2.0,2.0,0.9820137900379085,0.0,0.0,0.0,0.0,0.0,0.0,0.0,0.0,8151.254797363281
641,native_learned_gate,supported_native_episode_loop,-17152.751,7.059,0.5275,-8.114,66.0,0.7480916030534351,339.5782865704471,16.06873265201557,-39.30534351145038,12.709251982343499,1.0,4970.0,2.0,2.0,0.9820137900379085,0.0,0.0,0.0,0.0,0.0,0.0,0.0,0.0,4225.324310302734
651,native_learned_gate,supported_native_episode_loop,-18252.562,4.818,0.7198,-6.2576,66.0,0.7480916030534351,334.24147639911587,5.859160378499021,-44.30916030534351,4.957051425686204,0.8461538461538461,4971.0,2.0,2.0,0.9820137900379085,0.0,0.0,0.0,0.0,0.0,0.0,0.0,0.0,17291.751611328124
661,native_learned_gate,supported_native_episode_loop,-18964.528,7.253,0.4498,-8.1526,66.0,0.7480916030534351,339.80837601727353,4.785650726616384,-44.41984732824427,4.528879676225624,0.0,4970.0,2.0,2.0,0.9820137900379085,0.0,0.0,0.0,0.0,0.0,0.0,0.0,0.0,9215.346838378906
671,native_learned_gate,supported_native_episode_loop,-14833.663,28.36,0.3982,-29.156399999999998,66.0,0.7480916030534351,341.9811122387193,4.75482999325053,-44.469465648854964,4.352438872856204,0.5384615384615384,4971.0,2.0,2.0,0.9820137900379085,0.0,0.0,0.0,0.0,0.0,0.0,0.0,0.0,44317.82861328125
681,native_learned_gate,supported_native_episode_loop,-18408.504,17.284,0.6432,-18.5704,66.0,0.7480916030534351,338.8398951686976,5.010873975688811,-44.461832061068705,4.383834948682797,0.0,4971.0,2.0,2.0,0.9820137900379085,0.0,0.0,0.0,0.0,0.0,0.0,0.0,0.0,6274.776647949218
691,native_learned_gate,supported_native_episode_loop,-11017.504,4.096,0.6296,-5.3552,66.0,0.7480916030534351,337.14989697987795,4.454201997907308,-44.43129770992366,4.493533674162735,0.0,4970.0,2.0,2.0,0.9820137900379085,0.0,0.0,0.0,0.0,0.0,0.0,0.0,0.0,8486.6107421875
701,native_learned_gate,supported_native_episode_loop,-2840.16,4.63,0.463,-5.556,66.0,0.7480916030534351,346.4252768085658,8.320164530093583,-43.47709923664122,5.999161072208743,0.0,4971.0,2.0,2.0,0.9820137900379085,0.0,0.0,0.0,0.0,0.0,0.0,0.0,0.0,241.7900489807129
711,native_learned_gate,supported_native_episode_loop,-5641.51,7.614,0.5164,-8.646799999999999,66.0,0.7480916030534351,346.79541613282134,4.26979638322439,-44.347328244274806,4.678761959365785,1.0,4970.0,2.0,2.0,0.9820137900379085,0.0,0.0,0.0,0.0,0.0,0.0,0.0,0.0,1714.9440750122071
721,native_learned_gate,supported_native_episode_loop,-7994.922,5.417,0.5196,-6.4562,66.0,0.7480916030534351,341.8133644443129,7.397697308482241,-44.32824427480916,4.880937758871616,0.8461538461538461,4970.0,2.0,2.0,0.9820137900379085,0.0,0.0,0.0,0.0,0.0,0.0,0.0,0.0,2386.9547637939454
731,native_learned_gate,supported_native_episode_loop,-15980.481,4.323,0.661,-5.6450000000000005,66.0,0.7480916030534351,346.10869312386853,5.203938325806691,-43.85496183206107,5.537687859621945,0.0,4971.0,2.0,2.0,0.9820137900379085,0.0,0.0,0.0,0.0,0.0,0.0,0.0,0.0,43080.15817871094
741,native_learned_gate,supported_native_episode_loop,-18199.78,5.63,0.5185,-6.667,66.0,0.7480916030534351,336.47195197085995,5.151721188429891,-44.270992366412216,5.009822238616569,0.0,4970.0,2.0,2.0,0.9820137900379085,0.0,0.0,0.0,0.0,0.0,0.0,0.0,0.0,54355.080859375
751,native_learned_gate,supported_native_episode_loop,-17196.539,4.775,0.4823,-5.7396,66.0,0.7480916030534351,336.6462458685761,7.2163896839936745,-44.545801526717554,4.1447798409655,0.0,4971.0,2.0,2.0,0.9820137900379085,0.0,0.0,0.0,0.0,0.0,0.0,0.0,0.0,1476.6120407104493
761,native_learned_gate,supported_native_episode_loop,-19420.732,26.205,0.3645,-26.933999999999997,66.0,0.7480916030534351,349.620546914876,5.239211538698594,-44.347328244274806,4.666509365212339,1.0,4971.0,2.0,2.0,0.9820137900379085,0.0,0.0,0.0,0.0,0.0,0.0,0.0,0.0,31209.642529296874
771,native_learned_gate,supported_native_episode_loop,-5717.733,4.127,0.4951,-5.1171999999999995,66.0,0.7480916030534351,344.7098114364437,6.9389360306315275,-44.33206106870229,4.804621934679346,0.0,4971.0,2.0,2.0,0.9820137900379085,0.0,0.0,0.0,0.0,0.0,0.0,0.0,0.0,465.34234085083006
781,native_learned_gate,supported_native_episode_loop,-3228.891,11.102,0.4212,-11.9444,66.0,0.7480916030534351,347.73861525036756,5.348496798256823,-44.24045801526717,4.798159294422132,0.0,4971.0,2.0,2.0,0.9820137900379085,0.0,0.0,0.0,0.0,0.0,0.0,0.0,0.0,721.9024337768554
791,native_learned_gate,supported_native_episode_loop,-9970.281,14.671,0.2909,-15.252799999999999,66.0,0.7480916030534351,336.5686335298624,6.062481642593518,-44.530534351145036,4.1724540736731415,0.5384615384615384,4971.0,1.0,1.0,0.9820137900379085,0.0,0.0,0.0,0.0,0.0,0.0,0.0,0.0,2419.464678955078
801,native_learned_gate,supported_native_episode_loop,-20504.507,20.955,0.6869,-22.328799999999998,66.0,0.7480916030534351,333.1603923965047,5.389228951170779,-44.5,4.256786229966639,1.0,4971.0,2.0,2.0,0.9820137900379085,0.0,0.0,0.0,0.0,0.0,0.0,0.0,0.0,8622.565319824218
811,native_learned_gate,supported_native_episode_loop,-2678.923,7.686,0.2857,-8.2574,66.0,0.7480916030534351,351.9976217044295,4.184548778720296,-43.9236641221374,5.899434984733239,0.0,4971.0,0.0,0.0,0.0,0.0,0.0,0.0,0.0,0.0,0.0,0.0,0.0,535.4747756958008
821,native_learned_gate,supported_native_episode_loop,-10996.252,5.845,0.5183,-6.8816,66.0,0.7480916030534351,333.958781281197,4.763912065040073,-44.52290076335878,4.193489408312964,1.0,4971.0,2.0,2.0,0.9820137900379085,0.0,0.0,0.0,0.0,0.0,0.0,0.0,0.0,4231.874371337891
831,native_learned_gate,supported_native_episode_loop,-17933.715,4.229,0.5204,-5.2698,66.0,0.7480916030534351,336.5850292096611,9.33409880249232,-44.48854961832061,4.347266250253307,0.0,4970.0,0.0,0.0,0.0,0.0,0.0,0.0,0.0,0.0,0.0,0.0,0.0,116787.37666015625
201,native_wait_aware_replan,supported_native_episode_loop,-18997.869,5.2,0.5484,-6.2968,66.0,0.7480916030534351,334.5140595732603,8.467248306683421,-44.43511450381679,4.462907751407808,0.0,4971.0,0.0,0.0,0.0,0.0,0.0,0.0,0.0,0.0,0.0,0.0,0.0,22995.37028808594
211,native_wait_aware_replan,supported_native_episode_loop,-4480.738,11.154,0.5876,-12.3292,66.0,0.7480916030534351,341.41418134685387,5.663341582661834,-44.458015267175576,4.408111090827894,0.8461538461538461,4970.0,0.0,0.0,0.0,0.0,0.0,0.0,0.0,0.0,0.0,0.0,0.0,303.47521781921387
221,native_wait_aware_replan,supported_native_episode_loop,-18410.618,4.739,0.4495,-5.638,66.0,0.7480916030534351,343.38586411953884,6.331430069422512,-44.33969465648855,4.749755789452452,0.0,4972.0,0.0,0.0,0.0,0.0,0.0,0.0,0.0,0.0,0.0,0.0,0.0,48742.65239257812
231,native_wait_aware_replan,supported_native_episode_loop,-10209.799,4.383,0.5879,-5.5588,66.0,0.7480916030534351,334.9926582292405,9.945916610137438,-44.49236641221374,4.290716382126527,0.8461538461538461,4970.0,0.0,0.0,0.0,0.0,0.0,0.0,0.0,0.0,0.0,0.0,0.0,648.0988693237305
241,native_wait_aware_replan,supported_native_episode_loop,-2798.488,8.528,0.478,-9.484,66.0,0.7480916030534351,326.1131564938688,8.167301395564204,-44.38931297709924,4.640631240103601,1.0,4970.0,1.0,1.0,0.9820137900379085,1.0,0.7606595627405592,0.6808794169874123,1.1033872637375213,0.0,0.9643852114677429,-4.0,4.0,5342.55078125
251,native_wait_aware_replan,supported_native_episode_loop,-2551.573,3.779,0.3801,-4.5392,66.0,0.7480916030534351,343.2584656543935,6.796729871493199,-44.19847328244275,4.718681157654837,1.0,4970.0,0.0,0.0,0.0,0.0,0.0,0.0,0.0,0.0,0.0,0.0,0.0,37.687100076675414
261,native_wait_aware_replan,supported_native_episode_loop,-2722.077,7.324,0.4328,-8.1896,66.0,0.7480916030534351,340.98051314994353,7.358130382871196,-44.52671755725191,4.198015242190195,1.0,4971.0,0.0,0.0,0.0,0.0,0.0,0.0,0.0,0.0,0.0,0.0,0.0,1494.5564239501953
271,native_wait_aware_replan,supported_native_episode_loop,-19903.574,19.487,0.4719,-20.430799999999998,66.0,0.7480916030534351,335.1147675982034,5.326673128251105,-44.530534351145036,4.1724540736731415,0.0,4970.0,1.0,1.0,0.9820137900379085,1.0,0.25779454514190936,0.010392726855879145,1.2311929392282397,0.75,1.0272296667099,-0.08314181484703316,0.08314181484703316,35418.326171875
281,native_wait_aware_replan,supported_native_episode_loop,-15383.061,4.472,0.6889,-5.8498,66.0,0.7480916030534351,335.30071079627857,5.529421193829805,-44.538167938931295,4.134715401658565,0.0,4972.0,0.0,0.0,0.0,0.0,0.0,0.0,0.0,0.0,0.0,0.0,0.0,20945.905322265626
291,native_wait_aware_replan,supported_native_episode_loop,-11427.343,5.477,0.4933,-6.4636000000000005,66.0,0.7480916030534351,347.3817832619634,5.24438095379212,-44.42748091603053,4.483269210578515,0.0,4971.0,1.0,1.0,0.9820137900379085,1.0,0.42241181028593733,0.2298824137145831,1.0412329631178123,0.3632259666919708,0.854769229888916,-1.8390593097166648,1.8390593097166648,31252.813818359376
301,native_wait_aware_replan,supported_native_episode_loop,-3001.435,6.134,0.5404,-7.2148,66.0,0.7480916030534351,348.5094420735552,12.484442742722209,-24.4618320610687,24.965710707836237,0.5384615384615384,4971.0,1.0,1.0,0.9820137900379085,1.0,0.6136526081688469,0.48487014422512925,0.9997599787586181,0.0,0.7383989691734314,-3.878961153801034,3.878961153801034,1459.900609588623
311,native_wait_aware_replan,supported_native_episode_loop,-13102.942,5.543,0.5485,-6.640000000000001,66.0,0.7480916030534351,346.57637223299525,10.808482379968723,-39.603053435114504,15.582177815879726,0.0,4971.0,0.0,0.0,0.0,0.0,0.0,0.0,0.0,0.0,0.0,0.0,0.0,48025.32602539063
321,native_wait_aware_replan,supported_native_episode_loop,-2831.394,4.792,0.5859,-5.9638,66.0,0.7480916030534351,331.6482130164105,5.635244488914843,-44.50381679389313,4.277357473815105,0.0,4970.0,1.0,1.0,0.9820137900379085,1.0,0.4997423389834828,0.3329897853113104,1.1199008965811101,0.0,0.6081306338310242,-2.6639182824904832,2.6639182824904832,28995.08869628906
331,native_wait_aware_replan,supported_native_episode_loop,-3803.773,5.667,0.4203,-6.5076,66.0,0.7480916030534351,343.7327628747425,6.5617235279022434,-44.19083969465649,5.139451516488187,0.0,4971.0,1.0,1.0,0.9820137900379085,1.0,0.3895032904308437,0.18600438724112492,1.020460546543833,0.027318982407450676,0.5555357336997986,-1.4880350979289994,1.4880350979289994,208.78373260498046
341,native_wait_aware_replan,supported_native_episode_loop,-17455.41,14.918,0.5155,-15.949,66.0,0.7480916030534351,329.24539121986953,4.910453725115944,-44.538167938931295,4.160482172865041,0.0,4971.0,0.0,0.0,0.0,0.0,0.0,0.0,0.0,0.0,0.0,0.0,0.0,8859.62108154297
351,native_wait_aware_replan,supported_native_episode_loop,-16912.506,5.247,0.4707,-6.1884,66.0,0.7480916030534351,340.43839673641077,6.003167162696262,-44.30534351145038,4.750079356140639,0.0,4970.0,0.0,0.0,0.0,0.0,0.0,0.0,0.0,0.0,0.0,0.0,0.0,1611.1167999267577
361,native_wait_aware_replan,supported_native_episode_loop,-3026.646,5.679,0.3388,-6.3566,66.0,0.7480916030534351,334.8434649816906,5.315139834979742,-44.469465648854964,4.372561796136647,0.0,4970.0,1.0,1.0,0.9820137900379085,1.0,0.5172001654053014,0.3562668872070686,1.0672028444804809,0.0,0.6950117945671082,-2.850135097656549,2.850135097656549,343.84707565307616
371,native_wait_aware_replan,supported_native_episode_loop,-2622.41,8.455,0.3905,-9.236,66.0,0.7480916030534351,345.2744135977582,6.659907981708835,-44.25190839694657,4.982172050697761,0.0,4970.0,1.0,1.0,0.9820137900379085,1.0,0.6579383101805115,0.5439177469073487,1.0632073249689213,0.0,0.7957915663719177,-4.0,4.0,2554.5059730529783
381,native_wait_aware_replan,supported_native_episode_loop,-19745.804,30.258,0.605,-31.468,66.0,0.7480916030534351,343.4254576376073,8.471993995773094,-44.26335877862596,4.6744507144652765,0.0,4971.0,0.0,0.0,0.0,0.0,0.0,0.0,0.0,0.0,0.0,0.0,0.0,71138.178515625
391,native_wait_aware_replan,supported_native_episode_loop,-14571.879,5.777,0.6313,-7.0396,66.0,0.7480916030534351,337.73402791670105,11.96173359431998,-43.8587786259542,5.376573020014062,0.8461538461538461,4971.0,1.0,1.0,0.9820137900379085,1.0,0.4386353887490388,0.25151385166538504,1.0983127932879642,0.4591391682624817,0.9830338954925537,-2.0121108133230803,2.0121108133230803,412.64603424072266
401,native_wait_aware_replan,supported_native_episode_loop,-2754.651,5.077,0.3706,-5.8182,66.0,0.7480916030534351,345.7204791991045,5.423668020185193,-44.23664122137404,4.64352468961172,0.0,4970.0,1.0,1.0,0.9820137900379085,1.0,0.4214322624560837,0.2285763499414449,1.0091334308148732,0.0,0.5748152136802673,-1.8286107995315593,1.8286107995315593,29228.092529296875
411,native_wait_aware_replan,supported_native_episode_loop,-20608.819,16.503,0.412,-17.327,66.0,0.7480916030534351,337.52807249616427,9.87130434022657,-44.47709923664122,4.3682418229466045,0.23076923076923078,4970.0,1.0,1.0,0.9820137900379085,1.0,0.30911625761900785,0.0788216768253438,1.0641078035044427,0.75,1.0484541654586792,-0.6305734146027504,0.6305734146027504,36540.391845703125
421,native_wait_aware_replan,supported_native_episode_loop,-2844.59,4.172,0.5253,-5.2226,66.0,0.7480916030534351,342.3742865893677,7.903812660658103,-44.274809160305345,4.851305695203409,0.0,4970.0,0.0,0.0,0.0,0.0,0.0,0.0,0.0,0.0,0.0,0.0,0.0,1437.8558784484862
431,native_wait_aware_replan,supported_native_episode_loop,-9127.451,5.05,0.4311,-5.9121999999999995,66.0,0.7480916030534351,339.1912073438971,9.28430303509026,-44.51145038167939,4.239700429093315,1.0,4972.0,1.0,1.0,0.9820137900379085,1.0,0.25943339191907994,0.012577855892106582,1.0374044920429788,0.28615304827690125,0.5580675601959229,-0.10062284713685266,0.10062284713685266,7661.673425292969
441,native_wait_aware_replan,supported_native_episode_loop,-19724.943,40.103,0.2776,-40.6582,66.0,0.7480916030534351,343.4237148128393,9.03064989669402,-44.36259541984733,4.662892917817485,0.0,4971.0,0.0,0.0,0.0,0.0,0.0,0.0,0.0,0.0,0.0,0.0,0.0,24344.1744140625
451,native_wait_aware_replan,supported_native_episode_loop,-2704.577,4.44,0.4856,-5.4112,66.0,0.7480916030534351,346.8749451432709,4.364217517095395,-44.19465648854962,5.25570301624597,1.0,4970.0,0.0,0.0,0.0,0.0,0.0,0.0,0.0,0.0,0.0,0.0,0.0,18555.53836669922
461,native_wait_aware_replan,supported_native_episode_loop,-19093.921,6.143,0.3428,-6.8286,66.0,0.7480916030534351,350.0373791874972,6.445714676179932,-44.416030534351144,4.493274308823671,0.5384615384615384,4970.0,0.0,0.0,0.0,0.0,0.0,0.0,0.0,0.0,0.0,0.0,0.0,7394.434313964844
471,native_wait_aware_replan,supported_native_episode_loop,-19841.365,9.301,0.4813,-10.2636,66.0,0.7480916030534351,337.764455010175,6.946568033790847,-44.270992366412216,4.901222601012377,0.0,4971.0,0.0,0.0,0.0,0.0,0.0,0.0,0.0,0.0,0.0,0.0,0.0,1214.5008453369142
481,native_wait_aware_replan,supported_native_episode_loop,-3103.089,5.214,0.4169,-6.0478000000000005,66.0,0.7480916030534351,341.70225192572326,6.90136610282239,-44.20992366412214,4.915877919493491,0.0,4970.0,1.0,1.0,0.9820137900379085,1.0,0.4925103176861125,0.32334709024814995,1.086105395380222,0.0,0.6242578029632568,-2.5867767219851996,2.5867767219851996,6775.35230102539
491,native_wait_aware_replan,supported_native_episode_loop,-14474.477,5.186,0.57,-6.326,66.0,0.7480916030534351,338.0536445509538,5.363466777280714,-44.267175572519086,4.979843995657164,0.6923076923076924,4970.0,0.0,0.0,0.0,0.0,0.0,0.0,0.0,0.0,0.0,0.0,0.0,2974.451150512695
501,native_wait_aware_replan,supported_native_episode_loop,-3117.327,4.7,0.4577,-5.6154,66.0,0.7480916030534351,333.15880494051004,10.440021293904762,-44.35496183206107,4.7566701057279985,0.3846153846153846,4972.0,1.0,1.0,0.9820137900379085,1.0,0.4658849320335917,0.28784657604478897,1.1116198230234693,0.0,0.5686785578727722,-2.3027726083583118,2.3027726083583118,13302.743835449219
511,native_wait_aware_replan,supported_native_episode_loop,-2709.404,5.706,0.4824,-6.670800000000001,66.0,0.7480916030534351,339.70220589935406,5.413347004373555,-44.1412213740458,5.308704794942783,0.0,4970.0,0.0,0.0,0.0,0.0,0.0,0.0,0.0,0.0,0.0,0.0,0.0,306.94935035705566
521,native_wait_aware_replan,supported_native_episode_loop,-18714.49,5.816,0.6446,-7.1052,66.0,0.7480916030534351,331.7239937807787,13.678025107903055,-44.461832061068705,4.34447895689587,0.0,4972.0,0.0,0.0,0.0,0.0,0.0,0.0,0.0,0.0,0.0,0.0,0.0,18645.60935058594
531,native_wait_aware_replan,supported_native_episode_loop,-2821.874,7.353,0.5181,-8.389199999999999,66.0,0.7480916030534351,341.03382158958874,6.50246884430409,-44.41984732824427,4.481436176684767,0.0,4971.0,1.0,1.0,0.9820137900379085,1.0,0.5188152850002552,0.35842038000034027,1.05566815227215,0.0,0.6513885855674744,-2.867363040002722,2.867363040002722,8144.900720214844
541,native_wait_aware_replan,supported_native_episode_loop,-15310.671,6.123,0.6089,-7.3408,66.0,0.7480916030534351,337.1873188003025,6.772198203509418,-44.396946564885496,4.5920265933230295,1.0,4972.0,0.0,0.0,0.0,0.0,0.0,0.0,0.0,0.0,0.0,0.0,0.0,22105.941296386718
551,native_wait_aware_replan,supported_native_episode_loop,-2706.416,6.569,0.4923,-7.5536,66.0,0.7480916030534351,343.4963725659835,6.678347247788853,-44.034351145038165,4.784154363723417,0.9732971731083753,4970.0,1.0,1.0,0.9820137900379085,1.0,0.6883562149184039,0.5844749532245386,1.0574335900741902,0.0,0.8291186690330505,-4.0,4.0,6072.172033691406
561,native_wait_aware_replan,supported_native_episode_loop,-9324.765,4.894,0.3888,-5.6716,66.0,0.7480916030534351,335.75641435886763,6.931703912577101,-44.465648854961835,4.372533476883643,1.0,4970.0,1.0,1.0,0.9820137900379085,1.0,0.271893803266249,0.029191737688332015,1.0721695800121593,0.1969628781080246,0.5695111751556396,-0.23353390150665612,0.23353390150665612,32006.68264160156
571,native_wait_aware_replan,supported_native_episode_loop,-8763.262,3.613,0.4997,-4.6124,66.0,0.7480916030534351,329.8693081921293,4.272634349656671,-44.54961832061068,4.126277253949163,0.0,4970.0,0.0,0.0,0.0,0.0,0.0,0.0,0.0,0.0,0.0,0.0,0.0,3547.4963439941407
581,native_wait_aware_replan,supported_native_episode_loop,-18916.262,6.076,0.3642,-6.804399999999999,66.0,0.7480916030534351,340.493177865184,5.959697331126055,-44.5,4.281818476494403,0.0,4971.0,1.0,1.0,0.9820137900379085,1.0,0.2659642817285577,0.021285708971410244,1.0755751055585836,0.75,0.9751162528991699,-0.17028567177128195,0.17028567177128195,38496.78061523438
591,native_wait_aware_replan,supported_native_episode_loop,-18440.731,4.487,0.5168,-5.5206,66.0,0.7480916030534351,340.6066428488751,4.586588636742459,-44.534351145038165,4.1614327206997945,0.3846153846153846,4970.0,0.0,0.0,0.0,0.0,0.0,0.0,0.0,0.0,0.0,0.0,0.0,3251.6411682128905
601,native_wait_aware_replan,supported_native_episode_loop,-13169.16,5.922,0.5112,-6.9444,66.0,0.7480916030534351,345.0388983543289,4.997172804065277,-44.33206106870229,4.796671351816728,1.0,4971.0,0.0,0.0,0.0,0.0,0.0,0.0,0.0,0.0,0.0,0.0,0.0,4708.553271484375
611,native_wait_aware_replan,supported_native_episode_loop,-9286.583,5.525,0.5976,-6.7202,66.0,0.7480916030534351,348.3116418481707,6.830011619643055,-44.36641221374046,4.498016707768245,0.23076923076923078,4972.0,0.0,0.0,0.0,0.0,0.0,0.0,0.0,0.0,0.0,0.0,0.0,2467.8175201416016
621,native_wait_aware_replan,supported_native_episode_loop,-3025.812,5.312,0.4356,-6.1832,66.0,0.7480916030534351,333.4725587502691,5.724692615023479,-44.14885496183206,5.3756571252808,0.0,4971.0,0.0,0.0,0.0,0.0,0.0,0.0,0.0,0.0,0.0,0.0,0.0,2741.0395385742186
631,native_wait_aware_replan,supported_native_episode_loop,-3825.939,6.027,0.4097,-6.8464,66.0,0.7480916030534351,350.25928282684265,13.48953121575323,-9.641221374045802,38.92115119985515,1.0,4970.0,0.0,0.0,0.0,0.0,0.0,0.0,0.0,0.0,0.0,0.0,0.0,8100.3099914550785
641,native_wait_aware_replan,supported_native_episode_loop,-17614.726,6.913,0.4372,-7.7874,66.0,0.7480916030534351,339.68209668603413,15.902224749492543,-38.916030534351144,13.677327407308097,1.0,4970.0,0.0,0.0,0.0,0.0,0.0,0.0,0.0,0.0,0.0,0.0,0.0,4243.476751708984
651,native_wait_aware_replan,supported_native_episode_loop,-18256.062,4.818,0.7198,-6.2576,66.0,0.7480916030534351,334.1772224022308,6.325217849365166,-44.30916030534351,4.957051425686204,0.8461538461538461,4971.0,0.0,0.0,0.0,0.0,0.0,0.0,0.0,0.0,0.0,0.0,0.0,17288.851135253906
661,native_wait_aware_replan,supported_native_episode_loop,-18975.947,7.267,0.4217,-8.1104,66.0,0.7480916030534351,339.70614435208284,4.932110443969375,-44.39312977099237,4.535907474447344,0.0,4970.0,0.0,0.0,0.0,0.0,0.0,0.0,0.0,0.0,0.0,0.0,0.0,9300.730078125
671,native_wait_aware_replan,supported_native_episode_loop,-14958.885,28.323,0.4986,-29.3202,66.0,0.7480916030534351,341.5089482992205,5.522473685474318,-44.47328244274809,4.35246397580544,0.5384615384615384,4971.0,0.0,0.0,0.0,0.0,0.0,0.0,0.0,0.0,0.0,0.0,0.0,44772.92265625
681,native_wait_aware_replan,supported_native_episode_loop,-18409.773,17.33,0.5711,-18.472199999999997,66.0,0.7480916030534351,338.59159250611265,4.886159782476476,-44.461832061068705,4.383834948682797,0.0,4971.0,0.0,0.0,0.0,0.0,0.0,0.0,0.0,0.0,0.0,0.0,0.0,6167.515368652344
691,native_wait_aware_replan,supported_native_episode_loop,-11018.262,4.069,0.6297,-5.3284,66.0,0.7480916030534351,337.2545020176254,4.910111686501213,-44.43129770992366,4.493533674162735,0.0,4970.0,0.0,0.0,0.0,0.0,0.0,0.0,0.0,0.0,0.0,0.0,0.0,8304.851959228516
701,native_wait_aware_replan,supported_native_episode_loop,-2839.444,4.635,0.4631,-5.5611999999999995,66.0,0.7480916030534351,346.690642600372,8.185890559162383,-43.343511450381676,6.246551405664517,0.0,4971.0,1.0,1.0,0.9820137900379085,1.0,0.44945646310429005,0.2659419508057201,1.0788691130091745,0.003073499072343111,0.5653828978538513,-2.1275356064457607,2.1275356064457607,240.33622970581055
711,native_wait_aware_replan,supported_native_episode_loop,-5632.91,7.603,0.4253,-8.4536,66.0,0.7480916030534351,346.7567979277071,4.616042367446713,-44.343511450381676,4.678635855807003,1.0,4970.0,0.0,0.0,0.0,0.0,0.0,0.0,0.0,0.0,0.0,0.0,0.0,1737.97133102417
721,native_wait_aware_replan,supported_native_episode_loop,-7854.993,5.301,0.6006,-6.5022,66.0,0.7480916030534351,341.72661081003474,6.706043760588888,-44.31679389312977,4.88130336542467,0.8461538461538461,4970.0,0.0,0.0,0.0,0.0,0.0,0.0,0.0,0.0,0.0,0.0,0.0,2141.86399230957
731,native_wait_aware_replan,supported_native_episode_loop,-15801.68,4.31,0.6711,-5.6522,66.0,0.7480916030534351,346.8998312273098,5.027738474928736,-44.091603053435115,5.359518010799318,0.0,4971.0,0.0,0.0,0.0,0.0,0.0,0.0,0.0,0.0,0.0,0.0,0.0,43488.32440185547
741,native_wait_aware_replan,supported_native_episode_loop,-18201.119,5.629,0.5186,-6.6662,66.0,0.7480916030534351,336.81764576768757,5.44208858468173,-44.270992366412216,5.009822238616569,0.0,4970.0,0.0,0.0,0.0,0.0,0.0,0.0,0.0,0.0,0.0,0.0,0.0,54283.06220703125
751,native_wait_aware_replan,supported_native_episode_loop,-17203.965,4.775,0.4829,-5.7408,66.0,0.7480916030534351,336.04816377272135,7.6742513323778265,-44.545801526717554,4.1447798409655,0.0,4971.0,0.0,0.0,0.0,0.0,0.0,0.0,0.0,0.0,0.0,0.0,0.0,1533.352749633789
761,native_wait_aware_replan,supported_native_episode_loop,-19436.661,26.361,0.4319,-27.224800000000002,66.0,0.7480916030534351,349.5940999709922,5.2999299406089015,-44.33587786259542,4.668573980133893,1.0,4971.0,0.0,0.0,0.0,0.0,0.0,0.0,0.0,0.0,0.0,0.0,0.0,31070.251831054688
771,native_wait_aware_replan,supported_native_episode_loop,-5719.848,4.133,0.4006,-4.9342,66.0,0.7480916030534351,344.47406896638273,7.358554056902102,-44.33206106870229,4.804621934679346,0.0,4971.0,0.0,0.0,0.0,0.0,0.0,0.0,0.0,0.0,0.0,0.0,0.0,463.1248207092285
781,native_wait_aware_replan,supported_native_episode_loop,-3224.907,11.102,0.4217,-11.945400000000001,66.0,0.7480916030534351,347.7720481941187,5.325237714396081,-44.24045801526717,4.798159294422132,0.0,4971.0,1.0,1.0,0.9820137900379085,1.0,0.6700825137759193,0.5601100183678924,1.0525628427173843,0.0,0.9148431420326233,-4.0,4.0,726.9763252258301
791,native_wait_aware_replan,supported_native_episode_loop,-9332.058,13.522,0.4875,-14.497,66.0,0.7480916030534351,336.9834898769476,5.77669443409575,-44.530534351145036,4.1724540736731415,0.0,4971.0,0.0,0.0,0.0,0.0,0.0,0.0,0.0,0.0,0.0,0.0,0.0,2204.432437133789
801,native_wait_aware_replan,supported_native_episode_loop,-20498.446,20.955,0.6869,-22.328799999999998,66.0,0.7480916030534351,333.1309061341613,4.665664711742581,-44.5,4.256786229966639,1.0,4971.0,0.0,0.0,0.0,0.0,0.0,0.0,0.0,0.0,0.0,0.0,0.0,8616.119348144532
811,native_wait_aware_replan,supported_native_episode_loop,-2678.923,7.686,0.2857,-8.2574,66.0,0.7480916030534351,351.9976217044295,4.184548778720296,-43.9236641221374,5.899434984733239,0.0,4971.0,0.0,0.0,0.0,0.0,0.0,0.0,0.0,0.0,0.0,0.0,0.0,535.4322654724122
821,native_wait_aware_replan,supported_native_episode_loop,-11050.38,5.864,0.5635,-6.991,66.0,0.7480916030534351,333.2661911437833,4.279024199750071,-44.52290076335878,4.193489408312964,1.0,4971.0,0.0,0.0,0.0,0.0,0.0,0.0,0.0,0.0,0.0,0.0,0.0,4215.8439270019535
831,native_wait_aware_replan,supported_native_episode_loop,-17933.715,4.229,0.5204,-5.2698,66.0,0.7480916030534351,336.5850292096611,9.33409880249232,-44.48854961832061,4.347266250253307,0.0,4970.0,0.0,0.0,0.0,0.0,0.0,0.0,0.0,0.0,0.0,0.0,0.0,116786.12041015625
