environment,optimizer_seed,arm,normalized_episode_return,LowerLFDriftAbs,RawLowerLFDriftAbs,LatentLowerLFDriftAbs,UpperHFPowerAbs,LatentUpperHFPowerAbs,endpoint_pass_count,complete_effect_gate,engineering_pass,engineering_checks,selected_checkpoint_iteration,selected_reward_violation_count,selected_frequency_violation_count,closed_loop_effective_update_count,restoration_reward_actor_frozen,pathwise_robust,anchor_replay_path_count
HalfCheetah-v5,3493980176,worst_mode_trainreplay,0.5723094175308031,0.09651339011620391,0.09651339011620391,0.11747435922170872,0.1308686746960988,0.1347312872262877,6,True,False,"{""effective_restoration_update"": true, ""protocol_identity"": true, ""selected_frequency_feasible"": false, ""selected_reward_feasible"": true, ""trained_checkpoint_selected"": true}",27,0,2,11,False,False,4
HalfCheetah-v5,3493980176,l2_mode_trainreplay,0.4997839746756562,0.030723140292730433,0.030723140292730433,0.04723502570399703,0.1419661674535136,0.15008845707539334,3,False,False,"{""effective_restoration_update"": true, ""protocol_identity"": true, ""selected_frequency_feasible"": false, ""selected_reward_feasible"": true, ""trained_checkpoint_selected"": true}",31,0,3,3,False,False,4
HalfCheetah-v5,3493980176,l2_path_trainreplay,0.0,0.0,0.0,0.0,0.0,0.0,1,False,False,"{""effective_restoration_update"": false, ""protocol_identity"": true, ""selected_frequency_feasible"": false, ""selected_reward_feasible"": true, ""trained_checkpoint_selected"": false}",-1,0,80,0,False,True,4
HalfCheetah-v5,3493980176,l2_path_freeze_trainreplay,0.0,0.0,0.0,0.0,0.0,0.0,1,False,False,"{""effective_restoration_update"": false, ""protocol_identity"": true, ""selected_frequency_feasible"": false, ""selected_reward_feasible"": true, ""trained_checkpoint_selected"": false}",-1,0,80,0,True,True,4
HalfCheetah-v5,3493980176,l2_path_freeze_crossreplay,0.0,0.0,0.0,0.0,0.0,0.0,1,False,False,"{""effective_restoration_update"": false, ""protocol_identity"": true, ""selected_frequency_feasible"": false, ""selected_reward_feasible"": true, ""trained_checkpoint_selected"": false}",-1,0,80,0,True,True,16
HalfCheetah-v5,4020259488,worst_mode_trainreplay,0.0,0.0,0.0,0.0,0.0,0.0,1,False,False,"{""effective_restoration_update"": false, ""protocol_identity"": true, ""selected_frequency_feasible"": false, ""selected_reward_feasible"": true, ""trained_checkpoint_selected"": false}",-1,0,20,0,False,False,4
HalfCheetah-v5,4020259488,l2_mode_trainreplay,0.0,0.0,0.0,0.0,0.0,0.0,1,False,False,"{""effective_restoration_update"": false, ""protocol_identity"": true, ""selected_frequency_feasible"": false, ""selected_reward_feasible"": true, ""trained_checkpoint_selected"": false}",-1,0,20,0,False,False,4
HalfCheetah-v5,4020259488,l2_path_trainreplay,0.0,0.0,0.0,0.0,0.0,0.0,1,False,False,"{""effective_restoration_update"": false, ""protocol_identity"": true, ""selected_frequency_feasible"": false, ""selected_reward_feasible"": true, ""trained_checkpoint_selected"": false}",-1,0,80,0,False,True,4
HalfCheetah-v5,4020259488,l2_path_freeze_trainreplay,0.0,0.0,0.0,0.0,0.0,0.0,1,False,False,"{""effective_restoration_update"": false, ""protocol_identity"": true, ""selected_frequency_feasible"": false, ""selected_reward_feasible"": true, ""trained_checkpoint_selected"": false}",-1,0,80,0,True,True,4
HalfCheetah-v5,4020259488,l2_path_freeze_crossreplay,0.0,0.0,0.0,0.0,0.0,0.0,1,False,False,"{""effective_restoration_update"": false, ""protocol_identity"": true, ""selected_frequency_feasible"": false, ""selected_reward_feasible"": true, ""trained_checkpoint_selected"": false}",-1,0,80,0,True,True,16
HalfCheetah-v5,583213049,worst_mode_trainreplay,0.0,0.0,0.0,0.0,0.0,0.0,1,False,False,"{""effective_restoration_update"": true, ""protocol_identity"": true, ""selected_frequency_feasible"": false, ""selected_reward_feasible"": true, ""trained_checkpoint_selected"": false}",-1,0,20,23,False,False,4
HalfCheetah-v5,583213049,l2_mode_trainreplay,0.0,0.0,0.0,0.0,0.0,0.0,1,False,False,"{""effective_restoration_update"": true, ""protocol_identity"": true, ""selected_frequency_feasible"": false, ""selected_reward_feasible"": true, ""trained_checkpoint_selected"": false}",-1,0,20,2,False,False,4
HalfCheetah-v5,583213049,l2_path_trainreplay,0.0,0.0,0.0,0.0,0.0,0.0,1,False,False,"{""effective_restoration_update"": false, ""protocol_identity"": true, ""selected_frequency_feasible"": false, ""selected_reward_feasible"": true, ""trained_checkpoint_selected"": false}",-1,0,80,0,False,True,4
HalfCheetah-v5,583213049,l2_path_freeze_trainreplay,0.0,0.0,0.0,0.0,0.0,0.0,1,False,False,"{""effective_restoration_update"": false, ""protocol_identity"": true, ""selected_frequency_feasible"": false, ""selected_reward_feasible"": true, ""trained_checkpoint_selected"": false}",-1,0,80,0,True,True,4
HalfCheetah-v5,583213049,l2_path_freeze_crossreplay,0.0,0.0,0.0,0.0,0.0,0.0,1,False,False,"{""effective_restoration_update"": false, ""protocol_identity"": true, ""selected_frequency_feasible"": false, ""selected_reward_feasible"": true, ""trained_checkpoint_selected"": false}",-1,0,80,0,True,True,16
Hopper-v5,3493980176,worst_mode_trainreplay,0.02488751419185546,0.55658464032107,0.55658464032107,0.4316168734331283,0.1747626905290442,0.15174525602445976,6,True,True,"{""effective_restoration_update"": true, ""protocol_identity"": true, ""selected_frequency_feasible"": true, ""selected_reward_feasible"": true, ""trained_checkpoint_selected"": true}",31,0,0,21,False,False,4
Hopper-v5,3493980176,l2_mode_trainreplay,0.03410812660005417,0.5602712469153872,0.5602712469153872,0.47155892615542105,0.1315096555773657,0.14424314988484238,6,True,True,"{""effective_restoration_update"": true, ""protocol_identity"": true, ""selected_frequency_feasible"": true, ""selected_reward_feasible"": true, ""trained_checkpoint_selected"": true}",31,0,0,27,False,False,4
Hopper-v5,3493980176,l2_path_trainreplay,0.03108602752875027,0.3491667719768398,0.3491667719768398,0.2891758871632733,0.15899096948787506,0.16766785234952455,6,True,True,"{""effective_restoration_update"": true, ""protocol_identity"": true, ""selected_frequency_feasible"": true, ""selected_reward_feasible"": true, ""trained_checkpoint_selected"": true}",27,0,0,23,False,True,4
Hopper-v5,3493980176,l2_path_freeze_trainreplay,0.0,0.0,0.0,0.0,0.0,0.0,1,False,False,"{""effective_restoration_update"": true, ""protocol_identity"": true, ""selected_frequency_feasible"": false, ""selected_reward_feasible"": true, ""trained_checkpoint_selected"": false}",-1,0,80,3,True,True,4
Hopper-v5,3493980176,l2_path_freeze_crossreplay,0.0,0.0,0.0,0.0,0.0,0.0,1,False,False,"{""effective_restoration_update"": true, ""protocol_identity"": true, ""selected_frequency_feasible"": false, ""selected_reward_feasible"": true, ""trained_checkpoint_selected"": false}",-1,0,80,1,True,True,16
Hopper-v5,4020259488,worst_mode_trainreplay,-0.00045118630058010054,0.06511990317305913,0.06511990317305913,0.07936280146282707,0.05129402839762851,0.0535674568097609,6,True,True,"{""effective_restoration_update"": true, ""protocol_identity"": true, ""selected_frequency_feasible"": true, ""selected_reward_feasible"": true, ""trained_checkpoint_selected"": true}",23,0,0,17,False,False,4
Hopper-v5,4020259488,l2_mode_trainreplay,0.0054381376225354355,0.09590178226291504,0.09590178226291504,0.12478952495697337,0.04099373480725767,0.04082996047148789,4,False,False,"{""effective_restoration_update"": true, ""protocol_identity"": true, ""selected_frequency_feasible"": false, ""selected_reward_feasible"": true, ""trained_checkpoint_selected"": true}",15,0,5,20,False,False,4
Hopper-v5,4020259488,l2_path_trainreplay,0.0,0.0,0.0,0.0,0.0,0.0,1,False,False,"{""effective_restoration_update"": true, ""protocol_identity"": true, ""selected_frequency_feasible"": false, ""selected_reward_feasible"": true, ""trained_checkpoint_selected"": false}",-1,0,80,4,False,True,4
Hopper-v5,4020259488,l2_path_freeze_trainreplay,0.0,0.0,0.0,0.0,0.0,0.0,1,False,False,"{""effective_restoration_update"": true, ""protocol_identity"": true, ""selected_frequency_feasible"": false, ""selected_reward_feasible"": true, ""trained_checkpoint_selected"": false}",-1,0,80,2,True,True,4
Hopper-v5,4020259488,l2_path_freeze_crossreplay,0.0,0.0,0.0,0.0,0.0,0.0,1,False,False,"{""effective_restoration_update"": true, ""protocol_identity"": true, ""selected_frequency_feasible"": false, ""selected_reward_feasible"": true, ""trained_checkpoint_selected"": false}",-1,0,80,3,True,True,16
Hopper-v5,583213049,worst_mode_trainreplay,0.01150769553137357,0.07343594470815659,0.07343594470815659,0.07259484210000522,-0.05423642080387252,-0.08095315700015553,4,False,True,"{""effective_restoration_update"": true, ""protocol_identity"": true, ""selected_frequency_feasible"": true, ""selected_reward_feasible"": true, ""trained_checkpoint_selected"": true}",11,0,0,24,False,False,4
Hopper-v5,583213049,l2_mode_trainreplay,0.0037651074146496967,0.16490820151744603,0.16490820151744603,0.2112025357504062,-0.16036874582878594,-0.17014706082591907,4,False,True,"{""effective_restoration_update"": true, ""protocol_identity"": true, ""selected_frequency_feasible"": true, ""selected_reward_feasible"": true, ""trained_checkpoint_selected"": true}",7,0,0,32,False,False,4
Hopper-v5,583213049,l2_path_trainreplay,0.01350729033055086,0.42947941778168097,0.42947941778168097,0.3999673825376947,0.09227797106492233,0.10383003282086252,6,True,True,"{""effective_restoration_update"": true, ""protocol_identity"": true, ""selected_frequency_feasible"": true, ""selected_reward_feasible"": true, ""trained_checkpoint_selected"": true}",23,0,0,29,False,True,4
Hopper-v5,583213049,l2_path_freeze_trainreplay,0.01742139302287655,-0.0904524348009708,-0.0904524348009708,-0.08375922778681388,-0.26590307375287653,-0.2845468783940073,1,False,False,"{""effective_restoration_update"": true, ""protocol_identity"": true, ""selected_frequency_feasible"": false, ""selected_reward_feasible"": true, ""trained_checkpoint_selected"": false}",-1,0,80,5,True,True,4
Hopper-v5,583213049,l2_path_freeze_crossreplay,0.015281659726328885,-0.00884055796639429,-0.00884055796639429,0.01851471635271455,-0.2406428712197362,-0.2573473530442466,1,False,False,"{""effective_restoration_update"": true, ""protocol_identity"": true, ""selected_frequency_feasible"": false, ""selected_reward_feasible"": true, ""trained_checkpoint_selected"": true}",31,0,24,10,True,True,16
Walker2d-v5,3493980176,worst_mode_trainreplay,0.05169986654524307,0.12968663129579366,0.12968663129579366,0.12886563109557495,0.03625287965830787,0.03227548856047872,4,False,True,"{""effective_restoration_update"": true, ""protocol_identity"": true, ""selected_frequency_feasible"": true, ""selected_reward_feasible"": true, ""trained_checkpoint_selected"": true}",11,0,0,30,False,False,4
Walker2d-v5,3493980176,l2_mode_trainreplay,0.0,0.0,0.0,0.0,0.0,0.0,1,False,False,"{""effective_restoration_update"": true, ""protocol_identity"": true, ""selected_frequency_feasible"": false, ""selected_reward_feasible"": true, ""trained_checkpoint_selected"": false}",-1,0,20,22,False,False,4
Walker2d-v5,3493980176,l2_path_trainreplay,0.0,0.0,0.0,0.0,0.0,0.0,1,False,False,"{""effective_restoration_update"": true, ""protocol_identity"": true, ""selected_frequency_feasible"": false, ""selected_reward_feasible"": true, ""trained_checkpoint_selected"": false}",-1,0,80,11,False,True,4
Walker2d-v5,3493980176,l2_path_freeze_trainreplay,0.0,0.0,0.0,0.0,0.0,0.0,1,False,False,"{""effective_restoration_update"": true, ""protocol_identity"": true, ""selected_frequency_feasible"": false, ""selected_reward_feasible"": true, ""trained_checkpoint_selected"": false}",-1,0,80,6,True,True,4
Walker2d-v5,3493980176,l2_path_freeze_crossreplay,0.0,0.0,0.0,0.0,0.0,0.0,1,False,False,"{""effective_restoration_update"": true, ""protocol_identity"": true, ""selected_frequency_feasible"": false, ""selected_reward_feasible"": true, ""trained_checkpoint_selected"": false}",-1,0,80,7,True,True,16
Walker2d-v5,4020259488,worst_mode_trainreplay,0.002780949226019214,0.09583939225360041,0.09583939225360041,0.10185205987150532,0.05550458300473109,0.06974976476672143,6,True,False,"{""effective_restoration_update"": true, ""protocol_identity"": true, ""selected_frequency_feasible"": false, ""selected_reward_feasible"": true, ""trained_checkpoint_selected"": true}",23,0,4,18,False,False,4
Walker2d-v5,4020259488,l2_mode_trainreplay,0.0,0.0,0.0,0.0,0.0,0.0,1,False,False,"{""effective_restoration_update"": true, ""protocol_identity"": true, ""selected_frequency_feasible"": false, ""selected_reward_feasible"": true, ""trained_checkpoint_selected"": false}",-1,0,20,11,False,False,4
Walker2d-v5,4020259488,l2_path_trainreplay,0.0,0.0,0.0,0.0,0.0,0.0,1,False,False,"{""effective_restoration_update"": true, ""protocol_identity"": true, ""selected_frequency_feasible"": false, ""selected_reward_feasible"": true, ""trained_checkpoint_selected"": false}",-1,0,80,6,False,True,4
Walker2d-v5,4020259488,l2_path_freeze_trainreplay,0.0,0.0,0.0,0.0,0.0,0.0,1,False,False,"{""effective_restoration_update"": true, ""protocol_identity"": true, ""selected_frequency_feasible"": false, ""selected_reward_feasible"": true, ""trained_checkpoint_selected"": false}",-1,0,80,5,True,True,4
Walker2d-v5,4020259488,l2_path_freeze_crossreplay,0.0,0.0,0.0,0.0,0.0,0.0,1,False,False,"{""effective_restoration_update"": true, ""protocol_identity"": true, ""selected_frequency_feasible"": false, ""selected_reward_feasible"": true, ""trained_checkpoint_selected"": false}",-1,0,80,5,True,True,16
Walker2d-v5,583213049,worst_mode_trainreplay,0.0,0.0,0.0,0.0,0.0,0.0,1,False,False,"{""effective_restoration_update"": true, ""protocol_identity"": true, ""selected_frequency_feasible"": false, ""selected_reward_feasible"": true, ""trained_checkpoint_selected"": false}",-1,0,20,3,False,False,4
Walker2d-v5,583213049,l2_mode_trainreplay,0.0,0.0,0.0,0.0,0.0,0.0,1,False,False,"{""effective_restoration_update"": true, ""protocol_identity"": true, ""selected_frequency_feasible"": false, ""selected_reward_feasible"": true, ""trained_checkpoint_selected"": false}",-1,0,20,7,False,False,4
Walker2d-v5,583213049,l2_path_trainreplay,0.0,0.0,0.0,0.0,0.0,0.0,1,False,False,"{""effective_restoration_update"": true, ""protocol_identity"": true, ""selected_frequency_feasible"": false, ""selected_reward_feasible"": true, ""trained_checkpoint_selected"": false}",-1,0,80,3,False,True,4
Walker2d-v5,583213049,l2_path_freeze_trainreplay,0.0,0.0,0.0,0.0,0.0,0.0,1,False,False,"{""effective_restoration_update"": true, ""protocol_identity"": true, ""selected_frequency_feasible"": false, ""selected_reward_feasible"": true, ""trained_checkpoint_selected"": false}",-1,0,80,5,True,True,4
Walker2d-v5,583213049,l2_path_freeze_crossreplay,0.0,0.0,0.0,0.0,0.0,0.0,1,False,False,"{""effective_restoration_update"": true, ""protocol_identity"": true, ""selected_frequency_feasible"": false, ""selected_reward_feasible"": true, ""trained_checkpoint_selected"": false}",-1,0,80,4,True,True,16
