environment,disturbance_mode,arm,upper_constraint_mode,upper_dual_lr,lower_dual_lr,lower_action_router_mode,lower_action_router_alpha,lower_action_router_strength,lower_action_router_training_schedule,lower_action_router_warmup_fraction,lower_action_router_ramp_fraction,upper_hf_penalty_coef,replicate_count,baseline_return_mean,candidate_return_mean,return_difference_mean,return_difference_one_sided_lower,return_difference_one_sided_upper,reward_noninferiority_margin,reward_noninferiority_pass,drift_materiality_floor,responsibility_drift_baseline_mean,responsibility_drift_candidate_mean,responsibility_drift_difference_mean,responsibility_drift_difference_one_sided_upper,responsibility_drift_candidate_one_sided_upper,responsibility_drift_required_reduction,responsibility_drift_baseline_material,responsibility_drift_gate_type,responsibility_drift_pass,responsibility_drift_normalized_slack,raw_lower_drift_baseline_mean,raw_lower_drift_candidate_mean,raw_lower_drift_difference_mean,raw_lower_drift_difference_one_sided_upper,raw_lower_drift_candidate_one_sided_upper,raw_lower_drift_required_reduction,raw_lower_drift_baseline_material,raw_lower_drift_gate_type,raw_lower_drift_pass,raw_lower_drift_normalized_slack,latent_lower_drift_mean,upper_hf_rms,upper_hf_rms_one_sided_upper,upper_hf_budget_pass,effective_lower_action_rms_mean,effective_lower_activity_margin_one_sided_lower,effective_lower_activity_pass,router_clip_rate_mean,router_clip_rate_one_sided_upper,router_clip_pass,reconstruction_rms_max,reconstruction_integrity_pass,minimum_normalized_safety_slack,condition_gate_pass
HalfCheetah-v5,standard,router_a004_s010_constant,disabled,0.0,0.0,causal_ema_high_pass,0.04,0.1,constant,0.0,0.0,0.0,16,509.7367386705555,432.80998634525474,-76.92675232530078,-222.5227927071343,65.16937243980014,10.19473477341111,False,2.5e-05,0.0006138516323872195,0.0008053507686949751,0.0001914991363077555,0.00033956699298533656,nan,0.0,True,relative_noninferiority,False,-13.582679719413461,0.0030927172256426418,0.0028710305535927746,-0.0002216866720498669,0.0009933512279890868,nan,0.0003092717225642642,True,strict_relative_improvement,False,-4.211904469483712,0.003389224300737609,0.07054808137661785,0.07579597088718594,True,0.36959751760167675,0.26687740979229413,True,0.0,0.0,True,6.8846480409213375e-09,True,-20.827227255337338,False
HalfCheetah-v5,low_frequency,router_a004_s010_constant,disabled,0.0,0.0,causal_ema_high_pass,0.04,0.1,constant,0.0,0.0,0.0,16,352.9624512751068,324.17304751000324,-28.789403765103593,-151.2489814410874,89.59011557357732,7.059249025502136,False,2.5e-05,0.0006341680147088006,0.0008536236344082512,0.00021945561969945068,0.00036048762255843085,nan,0.0,True,relative_noninferiority,False,-14.419504902337234,0.0037530803756759394,0.003177226701671078,-0.0005758536740048609,0.0007879955068568585,nan,0.000375308037567594,True,strict_relative_improvement,False,-3.09959667254645,0.0037557868707523362,0.0656557062210383,0.07094999444946244,True,0.36717988666167783,0.26363993919358125,True,0.0,0.0,True,7.541479770516317e-09,True,-20.425647529175926,False
HalfCheetah-v5,high_frequency,router_a004_s010_constant,disabled,0.0,0.0,causal_ema_high_pass,0.04,0.1,constant,0.0,0.0,0.0,16,379.21670318507483,314.06078716383,-65.15591602124482,-143.6184110519847,13.6150738460436,7.584334063701497,False,2.5e-05,0.000674382255616358,0.0008463847364155049,0.00017200248079914684,0.00030674306977780696,nan,0.0,True,relative_noninferiority,False,-12.269722791112278,0.0032742092663834736,0.0027154169567817185,-0.0005587923096017556,0.0005133250684453,nan,0.00032742092663834736,True,strict_relative_improvement,False,-2.567783323184755,0.003191052786579773,0.06592853782556053,0.07120806557403953,True,0.369335404698894,0.2657648538237018,True,0.0,0.0,True,7.417722221549704e-09,True,-17.93619266315551,False
HalfCheetah-v5,mixed,router_a004_s010_constant,disabled,0.0,0.0,causal_ema_high_pass,0.04,0.1,constant,0.0,0.0,0.0,16,292.0489489141506,272.5278440117235,-19.521104902427076,-91.0262529388724,48.14554715376751,5.840978978283013,False,2.5e-05,0.0007180838157744653,0.0008793672142536295,0.00016128339847916418,0.00030139020581951124,nan,0.0,True,relative_noninferiority,False,-12.055608232780449,0.003556775363032783,0.003052336507845539,-0.0005044388551872438,0.0006642810398322537,nan,0.0003556775363032783,True,strict_relative_improvement,False,-2.8676496883565794,0.0035985231081507993,0.06385005135401836,0.06898911300826845,True,0.36761645982439445,0.2632738888754601,True,0.0,0.0,True,7.253718880145842e-09,True,-14.58407473769578,False
HalfCheetah-v5,ood_chirp,router_a004_s010_constant,disabled,0.0,0.0,causal_ema_high_pass,0.04,0.1,constant,0.0,0.0,0.0,16,360.9898096602302,315.3842411368804,-45.60556852334974,-154.50017553741898,56.266313999747695,7.219796193204604,False,2.5e-05,0.0006805179729159551,0.0008880428659918562,0.00020752489307590105,0.00035330239964849783,nan,0.0,True,relative_noninferiority,False,-14.132095985939912,0.0037586443650328926,0.0031098296541990193,-0.0006488147108338733,0.000704876291689064,nan,0.0003758644365032893,True,strict_relative_improvement,False,-2.875347128466344,0.003668435475997948,0.06601999516484132,0.0712930265277742,True,0.36799848679537195,0.2647836551726124,True,0.0,0.0,True,7.1904231221065485e-09,True,-20.39952034696453,False
Hopper-v5,standard,router_a004_s010_constant,disabled,0.0,0.0,causal_ema_high_pass,0.04,0.1,constant,0.0,0.0,0.0,16,194.86911089068286,182.80293835379467,-12.066172536888164,-29.94567518639698,5.0173743523460725,3.8973822178136572,False,2.5e-05,0.03998106919289868,0.02760987026927486,-0.012371198923623815,-0.007257240145386433,nan,0.0,True,relative_noninferiority,True,290.2896058154573,0.08334280965944099,0.051572490034403284,-0.03177031962503772,-0.018207497777489916,nan,0.0083342809659441,True,strict_relative_improvement,True,1.1846513036805673,0.05727307304503243,0.1033320321051942,0.11219000450753207,False,0.2628111233582898,0.17110485784981058,True,0.0,0.0,True,1.85512161780221e-08,True,-6.683535643367261,False
Hopper-v5,low_frequency,router_a004_s010_constant,disabled,0.0,0.0,causal_ema_high_pass,0.04,0.1,constant,0.0,0.0,0.0,16,193.4918246592992,184.74886513766006,-8.742959521639134,-24.66492560478991,6.162591272330589,3.869836493185984,False,2.5e-05,0.04199970991125456,0.028377759189366025,-0.013621950721888538,-0.008146667072799565,nan,0.0,True,relative_noninferiority,True,325.8666829119826,0.08637472550070993,0.05279802541896417,-0.03357670008174576,-0.01998060113130881,nan,0.008637472550070994,True,strict_relative_improvement,True,1.3132462668312137,0.058586499404146335,0.10794766958365688,0.11541275191631255,False,0.26461531641980923,0.17048457688422514,True,0.0,0.0,True,1.878461022938754e-08,True,-5.373635074303517,False
Hopper-v5,high_frequency,router_a004_s010_constant,disabled,0.0,0.0,causal_ema_high_pass,0.04,0.1,constant,0.0,0.0,0.0,16,196.98015089934,182.96620177636683,-14.013949122973164,-33.38990295024153,4.149199035339191,3.9396030179868,False,2.5e-05,0.0405744352693298,0.027822412647948457,-0.012752022621381344,-0.0074286932317810354,nan,0.0,True,relative_noninferiority,True,297.1477292712414,0.08388153597168166,0.05180775033029282,-0.03207378564138884,-0.01844392238317731,nan,0.008388153597168166,True,strict_relative_improvement,True,1.1988059910352575,0.05752769303024943,0.10509249441299842,0.11365819465863938,False,0.2667100764038458,0.17413003068111216,True,0.0,0.0,True,1.6933825412293464e-08,True,-7.475448616978748,False
Hopper-v5,mixed,router_a004_s010_constant,disabled,0.0,0.0,causal_ema_high_pass,0.04,0.1,constant,0.0,0.0,0.0,16,194.28366377533285,184.47510635117095,-9.808557424161913,-26.003928321629164,5.575322268181412,3.885673275506657,False,2.5e-05,0.04233195615723566,0.02849903584133752,-0.013832920315898146,-0.00832493488593379,nan,0.0,True,relative_noninferiority,True,332.9973954373516,0.08647481085109888,0.052934696155603964,-0.033540114695494914,-0.020084740603057035,nan,0.008647481085109888,True,strict_relative_improvement,True,1.3226116837238282,0.05873105422314434,0.10735531448109387,0.11464060581170801,False,0.2675520039725872,0.17260850978141326,True,0.0,0.0,True,1.5796457421024263e-08,True,-5.69225806645786,False
Hopper-v5,ood_chirp,router_a004_s010_constant,disabled,0.0,0.0,causal_ema_high_pass,0.04,0.1,constant,0.0,0.0,0.0,16,196.61844031657103,184.62669659808938,-11.991743718481619,-29.3953961806105,4.499243250667054,3.9323688063314206,False,2.5e-05,0.04135646659525822,0.028006474963377874,-0.013349991631880345,-0.007769384758059995,nan,0.0,True,relative_noninferiority,True,310.7753903223998,0.08392427003793948,0.05244495219565397,-0.03147931784228551,-0.017648423159525792,nan,0.008392427003793949,True,strict_relative_improvement,True,1.1028986193800079,0.05822114224879944,0.1079979925667761,0.11542597823783891,False,0.2628637949040922,0.16983846558620552,True,0.0,0.0,True,1.7184481807149085e-08,True,-6.47523887720847,False
Walker2d-v5,standard,router_a004_s010_constant,disabled,0.0,0.0,causal_ema_high_pass,0.04,0.1,constant,0.0,0.0,0.0,16,295.88261565165226,284.06688400111034,-11.815731650541913,-34.50441791241679,10.469727761094976,5.917652313033045,False,2.5e-05,0.007975208770285912,0.006246925244644661,-0.0017282835256412516,-0.00015011301626705552,nan,0.0,True,relative_noninferiority,True,6.00452065068222,0.05171189237224968,0.040398877153709496,-0.011313015218540189,-0.0027836958686874554,nan,0.0051711892372249685,True,strict_relative_improvement,False,-0.4616913555108498,0.04835698607734094,0.025082919026463146,0.026598202583008927,True,0.2024373199527601,0.1308485287450224,True,0.0,0.0,True,1.9876072633535148e-08,True,-4.83076126936762,False
Walker2d-v5,low_frequency,router_a004_s010_constant,disabled,0.0,0.0,causal_ema_high_pass,0.04,0.1,constant,0.0,0.0,0.0,16,286.5172055227674,287.1163693426093,0.5991638198418592,-12.134687666929619,13.105602564712822,5.7303441104553485,False,2.5e-05,0.008265283739666472,0.00638709725611627,-0.001878186483550202,-0.000364093820002378,nan,0.0,True,relative_noninferiority,True,14.56375280009512,0.049871237108476504,0.03895154733566923,-0.010919689772807283,-0.0027635464773959626,nan,0.004987123710847651,True,strict_relative_improvement,False,-0.44586366057355165,0.04655225709327297,0.026312756931819524,0.027579851902547532,True,0.19922134072122683,0.12910639902539603,True,0.0,0.0,True,2.025463454128144e-08,True,-1.1176193668350858,False
Walker2d-v5,high_frequency,router_a004_s010_constant,disabled,0.0,0.0,causal_ema_high_pass,0.04,0.1,constant,0.0,0.0,0.0,16,301.70626048955194,291.6549108986409,-10.051349590911052,-24.79781536120186,4.564330214422677,6.034125209791039,False,2.5e-05,0.007854143073557255,0.0062401788211616065,-0.001613964252395649,4.525850080039715e-05,nan,0.0,True,relative_noninferiority,False,-1.810340032015886,0.05126997872259657,0.03975673410873472,-0.011513244613861844,-0.003339429212204072,nan,0.005126997872259657,True,strict_relative_improvement,False,-0.3486579679947746,0.047590785063281404,0.025445956629874564,0.026745821947029326,True,0.20077415673439056,0.12942233454549162,True,0.0,0.0,True,1.9653054854344087e-08,True,-3.109595757304579,False
Walker2d-v5,mixed,router_a004_s010_constant,disabled,0.0,0.0,causal_ema_high_pass,0.04,0.1,constant,0.0,0.0,0.0,16,283.26239443755736,293.3594926926427,10.097098255085312,-0.11474375224138728,20.419084752099288,5.665247888751147,True,2.5e-05,0.008327109692170457,0.0064078850703175655,-0.0019192246218528916,-0.0003991204812132466,nan,0.0,True,relative_noninferiority,True,15.964819248529864,0.04949563275667681,0.03836384508613459,-0.011131787670542216,-0.003199807505914592,nan,0.004949563275667681,True,strict_relative_improvement,False,-0.35351720390261143,0.045849500388593534,0.026764802655382766,0.02801899693806446,True,0.19753305831366474,0.12771983962725944,True,0.0,0.0,True,1.956072539075757e-08,True,-0.35351720390261143,False
Walker2d-v5,ood_chirp,router_a004_s010_constant,disabled,0.0,0.0,causal_ema_high_pass,0.04,0.1,constant,0.0,0.0,0.0,16,286.49265478016815,287.5774888852586,1.0848341050904757,-12.593620456394223,14.553292069605396,5.729853095603363,False,2.5e-05,0.008183013700488427,0.006329652213612237,-0.0018533614868761902,-0.0003234211241358369,nan,0.0,True,relative_noninferiority,True,12.936844965433476,0.050482457361860425,0.03890311269185737,-0.011579344670003058,-0.0033716110394948714,nan,0.0050482457361860425,True,strict_relative_improvement,False,-0.3321222429155898,0.046518897632421036,0.026462064252151828,0.027909664146285266,True,0.1988613287304063,0.12827841171592494,True,0.0,0.0,True,2.0567528772954858e-08,True,-1.1978958703247686,False
HalfCheetah-v5,standard,router_a004_s010_linear_w000_r025,disabled,0.0,0.0,causal_ema_high_pass,0.04,0.1,delayed_linear,0.0,0.25,0.0,16,509.7367386705555,620.3629933959301,110.62625472537465,-8.771376616764174,235.91131826356255,10.19473477341111,True,2.5e-05,0.0006138516323872195,0.0008061599918725343,0.0001923083594853147,0.0003538514002818252,nan,0.0,True,relative_noninferiority,False,-14.154056011273006,0.0030927172256426418,0.002877259595851337,-0.00021545762979130456,0.0007225813278226654,nan,0.0003092717225642642,True,strict_relative_improvement,False,-3.336396363144771,0.003400519676339503,0.07683543722983521,0.08455605208890835,True,0.391738287803396,0.2905284327100673,True,0.0,0.0,True,7.1330816689157334e-09,True,-14.154056011273006,False
HalfCheetah-v5,low_frequency,router_a004_s010_linear_w000_r025,disabled,0.0,0.0,causal_ema_high_pass,0.04,0.1,delayed_linear,0.0,0.25,0.0,16,352.9624512751068,515.2122008004164,162.24974952530954,47.732871164033476,274.32590584535114,7.059249025502136,True,2.5e-05,0.0006341680147088006,0.0008332114366595342,0.00019904342195073372,0.00035288803630577185,nan,0.0,True,relative_noninferiority,False,-14.115521452230873,0.0037530803756759394,0.0033165484451856135,-0.0004365319304903257,0.0006327809516869773,nan,0.000375308037567594,True,strict_relative_improvement,False,-2.6860309088717873,0.003935331361212725,0.07607091806501588,0.08440542855832475,True,0.3908568678322666,0.2895413373933396,True,0.0,0.0,True,6.956774672434398e-09,True,-14.115521452230873,False
HalfCheetah-v5,high_frequency,router_a004_s010_linear_w000_r025,disabled,0.0,0.0,causal_ema_high_pass,0.04,0.1,delayed_linear,0.0,0.25,0.0,16,379.21670318507483,545.2746723267004,166.0579691416255,57.58043798537523,282.3481246749892,7.584334063701497,True,2.5e-05,0.000674382255616358,0.000889171763261746,0.000214789507645388,0.00035890568081135604,nan,0.0,True,relative_noninferiority,False,-14.356227232454241,0.0032742092663834736,0.0029531581066911013,-0.00032105115969237276,0.000553091755088697,nan,0.00032742092663834736,True,strict_relative_improvement,False,-2.6892376451539834,0.003477195568247501,0.07434167207930403,0.08127040189685326,True,0.3902609132639827,0.28841769921337823,True,0.0,0.0,True,7.181591797129578e-09,True,-14.356227232454241,False
HalfCheetah-v5,mixed,router_a004_s010_linear_w000_r025,disabled,0.0,0.0,causal_ema_high_pass,0.04,0.1,delayed_linear,0.0,0.25,0.0,16,292.0489489141506,422.99757583757537,130.94862692342474,44.105764243689514,218.35577127569795,5.840978978283013,True,2.5e-05,0.0007180838157744653,0.0008892185733725947,0.0001711347575981294,0.0003202667043932545,nan,0.0,True,relative_noninferiority,False,-12.810668175730179,0.003556775363032783,0.003288182269206094,-0.0002685930938266893,0.0006201956480295276,nan,0.0003556775363032783,True,strict_relative_improvement,False,-2.743702046734547,0.0038924613564574194,0.07356081875498306,0.08115549154103391,True,0.38894934981794776,0.28730428094385174,True,0.0,0.0,True,7.344951323166981e-09,True,-12.810668175730179,False
HalfCheetah-v5,ood_chirp,router_a004_s010_linear_w000_r025,disabled,0.0,0.0,causal_ema_high_pass,0.04,0.1,delayed_linear,0.0,0.25,0.0,16,360.9898096602302,497.65837677380836,136.66856711357815,31.67532475474121,242.60861473709036,7.219796193204604,True,2.5e-05,0.0006805179729159551,0.0008737933305857522,0.0001932753576697971,0.0003583401408260403,nan,0.0,True,relative_noninferiority,False,-14.33360563304161,0.0037586443650328926,0.0031317418062383113,-0.0006269025587945813,0.00043992354422141104,nan,0.0003758644365032893,True,strict_relative_improvement,False,-2.170431414884768,0.0037021085903495184,0.07637281353206266,0.08444244255980242,True,0.3900730847375738,0.2894061869995038,True,0.0,0.0,True,7.2985093993827906e-09,True,-14.33360563304161,False
Hopper-v5,standard,router_a004_s010_linear_w000_r025,disabled,0.0,0.0,causal_ema_high_pass,0.04,0.1,delayed_linear,0.0,0.25,0.0,16,194.86911089068286,240.31815570428196,45.449044813599116,24.5336710013885,67.07985374412762,3.8973822178136572,True,2.5e-05,0.03998106919289868,0.029999388376332314,-0.009981680816566366,-0.00412847928212503,nan,0.0,True,relative_noninferiority,True,165.1391712850012,0.08334280965944099,0.05088145548334875,-0.03246135417609225,-0.015421441776506404,nan,0.0083342809659441,True,strict_relative_improvement,True,0.8503625975080714,0.056373605749387934,0.10137043806978788,0.1093127163877815,False,0.2537837077484012,0.15140203093349697,True,0.0,0.0,True,1.6544398582740212e-08,True,-0.093127163877815,False
Hopper-v5,low_frequency,router_a004_s010_linear_w000_r025,disabled,0.0,0.0,causal_ema_high_pass,0.04,0.1,delayed_linear,0.0,0.25,0.0,16,193.4918246592992,237.52768422096807,44.03585956166888,20.102204662130195,68.08640046160184,3.869836493185984,True,2.5e-05,0.04199970991125456,0.03249220591833373,-0.009507503992920826,-0.003488256228424772,nan,0.0,True,relative_noninferiority,True,139.53024913699088,0.08637472550070993,0.053709619706805024,-0.0326651057939049,-0.01601514387096248,nan,0.008637472550070994,True,strict_relative_improvement,True,0.8541470063289341,0.059346726934211586,0.11212443310633356,0.11958062413431254,False,0.263995155132413,0.16190377244522106,True,0.0,0.0,True,1.793125626547563e-08,True,-0.19580624134312538,False
Hopper-v5,high_frequency,router_a004_s010_linear_w000_r025,disabled,0.0,0.0,causal_ema_high_pass,0.04,0.1,delayed_linear,0.0,0.25,0.0,16,196.98015089934,239.5139821103097,42.53383121096971,19.860723775552746,65.4290053719055,3.9396030179868,True,2.5e-05,0.0405744352693298,0.030280042532947894,-0.010294392736381905,-0.0042166550101846445,nan,0.0,True,relative_noninferiority,True,168.66620040738576,0.08388153597168166,0.05134566006583413,-0.032535875905847535,-0.015385252159595924,nan,0.008388153597168166,True,strict_relative_improvement,True,0.8341643344239633,0.05688792181015884,0.10206951544544471,0.10962039613410003,False,0.2579577044049333,0.15519630708013699,True,0.0,0.0,True,1.6291491393498984e-08,True,-0.09620396134100026,False
Hopper-v5,mixed,router_a004_s010_linear_w000_r025,disabled,0.0,0.0,causal_ema_high_pass,0.04,0.1,delayed_linear,0.0,0.25,0.0,16,194.28366377533285,236.67607420951285,42.39241043417998,18.76588181013926,66.17851556042392,3.885673275506657,True,2.5e-05,0.04233195615723566,0.03266879066361633,-0.00966316549361933,-0.003651646624911978,nan,0.0,True,relative_noninferiority,True,146.06586499647912,0.08647481085109888,0.053846111753797526,-0.03262869909730135,-0.016249875789006267,nan,0.008647481085109888,True,strict_relative_improvement,True,0.8791455718806896,0.05948770608973547,0.11183014971545133,0.11918853713842936,False,0.2669615666023739,0.164228866918608,True,0.0,0.0,True,1.8352430554893685e-08,True,-0.19188537138429357,False
Hopper-v5,ood_chirp,router_a004_s010_linear_w000_r025,disabled,0.0,0.0,causal_ema_high_pass,0.04,0.1,delayed_linear,0.0,0.25,0.0,16,196.61844031657103,239.34550365022116,42.72706333365015,21.626487960898345,64.16983950061879,3.9323688063314206,True,2.5e-05,0.04135646659525822,0.030978002591467897,-0.01037846400379032,-0.004314929024905016,nan,0.0,True,relative_noninferiority,True,172.5971609962006,0.08392427003793948,0.051970550792137166,-0.031953719245802314,-0.015241176865017468,nan,0.008392427003793949,True,strict_relative_improvement,True,0.816063083792974,0.057515592794192126,0.10936253044339084,0.11721739192960329,False,0.25770108134385994,0.1566465727335146,True,0.0,0.0,True,1.9558904491162853e-08,True,-0.17217391929603282,False
Walker2d-v5,standard,router_a004_s010_linear_w000_r025,disabled,0.0,0.0,causal_ema_high_pass,0.04,0.1,delayed_linear,0.0,0.25,0.0,16,295.88261565165226,287.8682417908075,-8.014373860844843,-25.705034969536012,9.997773358855218,5.917652313033045,False,2.5e-05,0.007975208770285912,0.00664309253196629,-0.0013321162383196218,8.946026869502977e-05,nan,0.0,True,relative_noninferiority,False,-3.5784107478011906,0.05171189237224968,0.043324674913219285,-0.008387217459030389,0.001062892644861271,nan,0.0051711892372249685,True,strict_relative_improvement,False,-1.2055412393748821,0.051889803117351724,0.025657989431862507,0.027081116182226746,True,0.21093294351241376,0.14053857656841703,True,0.0,0.0,True,1.946796942037276e-08,True,-3.5784107478011906,False
Walker2d-v5,low_frequency,router_a004_s010_linear_w000_r025,disabled,0.0,0.0,causal_ema_high_pass,0.04,0.1,delayed_linear,0.0,0.25,0.0,16,286.5172055227674,287.0211728259409,0.5039673031734004,-10.505335499952137,11.512536479837745,5.7303441104553485,False,2.5e-05,0.008265283739666472,0.006964986639659464,-0.001300297100007009,0.00013940426981318512,nan,0.0,True,relative_noninferiority,False,-5.576170792527405,0.049871237108476504,0.04155115844788861,-0.0083200786605879,0.0004556934914625035,nan,0.004987123710847651,True,strict_relative_improvement,False,-1.0913740099270668,0.04963465180046368,0.028312539166739686,0.030282011693896643,True,0.206689399261484,0.13841248391663435,True,0.0,0.0,True,1.92854684510752e-08,True,-5.576170792527405,False
Walker2d-v5,high_frequency,router_a004_s010_linear_w000_r025,disabled,0.0,0.0,causal_ema_high_pass,0.04,0.1,delayed_linear,0.0,0.25,0.0,16,301.70626048955194,292.7326033390999,-8.973657150451999,-22.33328308949614,4.298472772015409,6.034125209791039,False,2.5e-05,0.007854143073557255,0.006663422064802081,-0.001190721008755174,0.00020156143863795246,nan,0.0,True,relative_noninferiority,False,-8.062457545518098,0.05126997872259657,0.042942354768925176,-0.008327623953671391,0.0008978707562759806,nan,0.005126997872259657,True,strict_relative_improvement,False,-1.1751260247510606,0.05141431452779323,0.02651110097420947,0.027989377941291093,True,0.2099598696202883,0.14018145046408612,True,0.0,0.0,True,1.953612044992886e-08,True,-8.062457545518098,False
Walker2d-v5,mixed,router_a004_s010_linear_w000_r025,disabled,0.0,0.0,causal_ema_high_pass,0.04,0.1,delayed_linear,0.0,0.25,0.0,16,283.26239443755736,285.3197449446109,2.0573505070534868,-7.537022171130629,12.047358190393092,5.665247888751147,False,2.5e-05,0.008327109692170457,0.007046071330270217,-0.0012810383619002402,0.00015051763532002854,nan,0.0,True,relative_noninferiority,False,-6.020705412801141,0.04949563275667681,0.0411936757589281,-0.008301956997748714,0.0003673504065560277,nan,0.004949563275667681,True,strict_relative_improvement,False,-1.0742187514526669,0.04917645972948052,0.028475160993029658,0.030066471699843618,True,0.20583826724270193,0.13774809712300623,True,0.0,0.0,True,1.9184854760185686e-08,True,-6.020705412801141,False
Walker2d-v5,ood_chirp,router_a004_s010_linear_w000_r025,disabled,0.0,0.0,causal_ema_high_pass,0.04,0.1,delayed_linear,0.0,0.25,0.0,16,286.49265478016815,288.6599706202273,2.167315840059148,-7.311485064500779,11.904714767670677,5.729853095603363,False,2.5e-05,0.008183013700488427,0.006919566247846591,-0.0012634474526418376,0.00010879069172820025,nan,0.0,True,relative_noninferiority,False,-4.35162766912801,0.050482457361860425,0.04160568085733021,-0.008876776504530212,0.00023901940190533856,nan,0.0050482457361860425,True,strict_relative_improvement,False,-1.0473470219945986,0.04971453805660293,0.027571873916164127,0.02911050391775241,True,0.20666676662002395,0.13761620353578188,True,0.0,0.0,True,1.994407033531004e-08,True,-4.35162766912801,False
HalfCheetah-v5,standard,router_a004_s010_linear_w0125_r0375,disabled,0.0,0.0,causal_ema_high_pass,0.04,0.1,delayed_linear,0.125,0.375,0.0,16,509.7367386705555,505.8501888848998,-3.886549785655667,-130.7583480114522,124.12585089234466,10.19473477341111,False,2.5e-05,0.0006138516323872195,0.0005220763967105945,-9.177523567662511e-05,-4.275293801336913e-06,nan,0.0,True,relative_noninferiority,True,0.1710117520534765,0.0030927172256426418,0.003015731298126973,-7.698592751566839e-05,0.0012250053502239457,nan,0.0003092717225642642,True,strict_relative_improvement,False,-4.960935516726393,0.0036206370348188656,0.07006999997360082,0.07744501994644708,True,0.34128700216166735,0.24074162140174507,True,0.0,0.0,True,7.984284010071493e-09,True,-11.826066682233174,False
HalfCheetah-v5,low_frequency,router_a004_s010_linear_w0125_r0375,disabled,0.0,0.0,causal_ema_high_pass,0.04,0.1,delayed_linear,0.125,0.375,0.0,16,352.9624512751068,316.91683570319094,-36.04561557191589,-149.87061542504617,81.00619460363637,7.059249025502136,False,2.5e-05,0.0006341680147088006,0.0006111450843465683,-2.3022930362232293e-05,7.483318637023795e-05,nan,0.0,True,relative_noninferiority,False,-2.993327454809518,0.0037530803756759394,0.003649567512755715,-0.00010351286292022404,0.0014023098768873965,nan,0.000375308037567594,True,strict_relative_improvement,False,-4.7364237813181305,0.00438205956919281,0.06307973500471073,0.06789517406950515,True,0.33945010248243557,0.2392638896968239,True,0.0,0.0,True,8.674233054179047e-09,True,-20.23039078004273,False
HalfCheetah-v5,high_frequency,router_a004_s010_linear_w0125_r0375,disabled,0.0,0.0,causal_ema_high_pass,0.04,0.1,delayed_linear,0.125,0.375,0.0,16,379.21670318507483,402.1529339375294,22.936230752454478,-64.90827517919824,106.43476406460564,7.584334063701497,False,2.5e-05,0.000674382255616358,0.000611984389950447,-6.239786566591099e-05,2.2197574862837272e-05,nan,0.0,True,relative_noninferiority,False,-0.8879029945134909,0.0032742092663834736,0.00351673826628468,0.00024252899990120585,0.0014183006739246797,nan,0.00032742092663834736,True,strict_relative_improvement,False,-5.331734958075123,0.004214120593285985,0.06992063260953123,0.07516784398669113,True,0.34211477730009454,0.24287619933324783,True,0.0,0.0,True,8.08416765581271e-09,True,-7.558203612080884,False
HalfCheetah-v5,mixed,router_a004_s010_linear_w0125_r0375,disabled,0.0,0.0,causal_ema_high_pass,0.04,0.1,delayed_linear,0.125,0.375,0.0,16,292.0489489141506,302.33146788730977,10.28251897315917,-63.59837284951331,82.82525630096906,5.840978978283013,False,2.5e-05,0.0007180838157744653,0.0006661329574017422,-5.195085837272315e-05,3.9912914852403435e-05,nan,0.0,True,relative_noninferiority,False,-1.5965165940961372,0.003556775363032783,0.004234549618437457,0.0006777742554046741,0.00210101787747965,nan,0.0003556775363032783,True,strict_relative_improvement,False,-6.907086231299575,0.005089607191894906,0.06494547304547824,0.06969514889077862,True,0.3442436832225804,0.24511107279811334,True,0.0,0.0,True,8.79735918989994e-09,True,-9.888307094748079,False
HalfCheetah-v5,ood_chirp,router_a004_s010_linear_w0125_r0375,disabled,0.0,0.0,causal_ema_high_pass,0.04,0.1,delayed_linear,0.125,0.375,0.0,16,360.9898096602302,343.9055455807319,-17.084264079498325,-108.72210657468136,75.0387990640072,7.219796193204604,False,2.5e-05,0.0006805179729159551,0.0006294153482261477,-5.110262468980734e-05,4.165689970228575e-05,nan,0.0,True,relative_noninferiority,False,-1.66627598809143,0.0037586443650328926,0.004091739785448963,0.0003330954204160701,0.0018009686851280517,nan,0.0003758644365032893,True,strict_relative_improvement,False,-5.791537879674579,0.004923104600122278,0.06514614763364782,0.07110651861707346,True,0.34046075274166887,0.2407145153279506,True,0.0,0.0,True,8.435660452868926e-09,True,-14.058888598131409,False
Hopper-v5,standard,router_a004_s010_linear_w0125_r0375,disabled,0.0,0.0,causal_ema_high_pass,0.04,0.1,delayed_linear,0.125,0.375,0.0,16,194.86911089068286,197.63952486123065,2.7704139705478052,-21.13676203734306,26.32565854668527,3.8973822178136572,False,2.5e-05,0.03998106919289868,0.04126864631893598,0.0012875771260372954,0.00788525323687187,nan,0.0,True,relative_noninferiority,False,-315.41012947487474,0.08334280965944099,0.08549344368279899,0.002150634023357986,0.019795966181226792,nan,0.0083342809659441,True,strict_relative_improvement,False,-3.375245838497397,0.09595411455300958,0.08934863427094704,0.0991354383975419,True,0.31848187838734004,0.2131780634658659,True,0.0,0.0,True,1.6739150047423512e-08,True,-315.41012947487474,False
Hopper-v5,low_frequency,router_a004_s010_linear_w0125_r0375,disabled,0.0,0.0,causal_ema_high_pass,0.04,0.1,delayed_linear,0.125,0.375,0.0,16,193.4918246592992,196.96518542830222,3.4733607690030155,-18.41770198382074,25.234399728870837,3.869836493185984,False,2.5e-05,0.04199970991125456,0.04299886810634314,0.0009991581950885772,0.007506016260836925,nan,0.0,True,relative_noninferiority,False,-300.24065043347696,0.08637472550070993,0.08712009716506805,0.0007453716643581378,0.018262161835720405,nan,0.008637472550070994,True,strict_relative_improvement,False,-3.1142946307331885,0.09756830218493262,0.10785963932847925,0.11778098241512834,False,0.32667429178941254,0.22105667605628554,True,0.0,0.0,True,1.8256154845248842e-08,True,-300.24065043347696,False
Hopper-v5,high_frequency,router_a004_s010_linear_w0125_r0375,disabled,0.0,0.0,causal_ema_high_pass,0.04,0.1,delayed_linear,0.125,0.375,0.0,16,196.98015089934,198.8690523842784,1.8889014849383923,-22.77236402141166,26.464031724440737,3.9396030179868,False,2.5e-05,0.0405744352693298,0.041499722609890474,0.000925287340560672,0.007556027984837724,nan,0.0,True,relative_noninferiority,False,-302.24111939350894,0.08388153597168166,0.0859401012215441,0.002058565249862426,0.01991853424240371,nan,0.008388153597168166,True,strict_relative_improvement,False,-3.3746029458888533,0.09648122582181393,0.09145847443016458,0.10094607800684767,False,0.32197210636851803,0.21611783186728664,True,0.0,0.0,True,1.7231663773122543e-08,True,-302.24111939350894,False
Hopper-v5,mixed,router_a004_s010_linear_w0125_r0375,disabled,0.0,0.0,causal_ema_high_pass,0.04,0.1,delayed_linear,0.125,0.375,0.0,16,194.28366377533285,196.92590514111714,2.6422413657842565,-19.178012725238485,24.193482443978095,3.885673275506657,False,2.5e-05,0.04233195615723566,0.04319098050633615,0.0008590243491004893,0.007191163208143936,nan,0.0,True,relative_noninferiority,False,-287.6465283257574,0.08647481085109888,0.08733217989636381,0.0008573690452649257,0.018119787985620143,nan,0.008647481085109888,True,strict_relative_improvement,False,-3.0953833616150526,0.09780263537829562,0.10759881202481697,0.11777788561387052,False,0.32926767313288485,0.22214598967158994,True,0.0,0.0,True,1.7371993286102285e-08,True,-287.6465283257574,False
Hopper-v5,ood_chirp,router_a004_s010_linear_w0125_r0375,disabled,0.0,0.0,causal_ema_high_pass,0.04,0.1,delayed_linear,0.125,0.375,0.0,16,196.61844031657103,198.1955104733691,1.5770701567981025,-22.14000843996806,25.193052810949425,3.9323688063314206,False,2.5e-05,0.04135646659525822,0.04168449635883151,0.00032802976357329105,0.006372852642630852,nan,0.0,True,relative_noninferiority,False,-254.91410570523408,0.08392427003793948,0.08532642018774687,0.0014021501498073952,0.019022640511337764,nan,0.008392427003793949,True,strict_relative_improvement,False,-3.266643546942766,0.0956815706609968,0.10493639131678383,0.1145823829144052,False,0.32137912576783434,0.2174186991139774,True,0.0,0.0,True,1.7310011552156076e-08,True,-254.91410570523408,False
Walker2d-v5,standard,router_a004_s010_linear_w0125_r0375,disabled,0.0,0.0,causal_ema_high_pass,0.04,0.1,delayed_linear,0.125,0.375,0.0,16,295.88261565165226,307.6462761041259,11.763660452473559,-3.022145241066289,26.80469626425819,5.917652313033045,True,2.5e-05,0.007975208770285912,0.005501791896094555,-0.0024734168741913573,-0.0010060837678017062,nan,0.0,True,relative_noninferiority,True,40.24335071206824,0.05171189237224968,0.03258767253271734,-0.01912421983953234,-0.011904228701217948,nan,0.0051711892372249685,True,strict_relative_improvement,True,1.302029215160989,0.03893635442300508,0.026643343382221813,0.028189360511576136,True,0.1852398586227614,0.11996460880675762,True,0.0,0.0,True,2.0070745961242237e-08,True,0.489299965391628,True
Walker2d-v5,low_frequency,router_a004_s010_linear_w0125_r0375,disabled,0.0,0.0,causal_ema_high_pass,0.04,0.1,delayed_linear,0.125,0.375,0.0,16,286.5172055227674,288.0869654687847,1.569759946017241,-6.619948004468071,9.988944062650654,5.7303441104553485,False,2.5e-05,0.008265283739666472,0.005840579869517085,-0.0024247038701493877,-0.0010277747781586677,nan,0.0,True,relative_noninferiority,True,41.110991126346704,0.049871237108476504,0.03243055875670904,-0.017440678351767477,-0.010198046147673516,nan,0.004987123710847651,True,strict_relative_improvement,True,1.0448753106908943,0.03864532337634627,0.027873307046648737,0.029444606394651705,True,0.18482909357343957,0.12046807508527756,True,0.0,0.0,True,2.000592333507718e-08,True,-0.15524441060870817,False
Walker2d-v5,high_frequency,router_a004_s010_linear_w0125_r0375,disabled,0.0,0.0,causal_ema_high_pass,0.04,0.1,delayed_linear,0.125,0.375,0.0,16,301.70626048955194,297.63459890603076,-4.071661583521177,-16.587201727956906,8.910424287176056,6.034125209791039,False,2.5e-05,0.007854143073557255,0.0055940516452623185,-0.0022600914282949365,-0.0008092733202675491,nan,0.0,True,relative_noninferiority,True,32.370932810701966,0.05126997872259657,0.03276192311502481,-0.018508055607571766,-0.011329668293605303,nan,0.005126997872259657,True,strict_relative_improvement,True,1.2098055384235804,0.03911421270386037,0.026807285262978212,0.028299286761899686,True,0.18594520050873262,0.12099857173444446,True,0.0,0.0,True,1.9310679397351762e-08,True,-1.7488991612309148,False
Walker2d-v5,mixed,router_a004_s010_linear_w0125_r0375,disabled,0.0,0.0,causal_ema_high_pass,0.04,0.1,delayed_linear,0.125,0.375,0.0,16,283.26239443755736,289.2922704349756,6.029875997418213,-1.7519503169629418,13.927980319495727,5.665247888751147,True,2.5e-05,0.008327109692170457,0.005908227316575292,-0.002418882375595165,-0.0010394822260584617,nan,0.0,True,relative_noninferiority,True,41.579289042338466,0.04949563275667681,0.03210936065239196,-0.017386272104284846,-0.010365585891742113,nan,0.004949563275667681,True,strict_relative_improvement,True,1.0942425249314196,0.03824190382350243,0.028344936099962886,0.030023381388446218,True,0.1840558941248663,0.1203184726504872,True,0.0,0.0,True,1.9281275794959397e-08,True,0.5372800815185477,True
Walker2d-v5,ood_chirp,router_a004_s010_linear_w0125_r0375,disabled,0.0,0.0,causal_ema_high_pass,0.04,0.1,delayed_linear,0.125,0.375,0.0,16,286.49265478016815,297.56351364147315,11.07085886130499,2.491415162470894,19.697750730769606,5.729853095603363,True,2.5e-05,0.008183013700488427,0.005738044916838239,-0.002444968783650188,-0.001075622962445491,nan,0.0,True,relative_noninferiority,True,43.024918497819634,0.050482457361860425,0.03231959496438207,-0.01816286239747835,-0.011043273294640537,nan,0.0050482457361860425,True,strict_relative_improvement,True,1.1875466987436605,0.03854157263077087,0.028227724923590873,0.03011913607804141,True,0.18451549762776806,0.1201626542194568,True,0.0,0.0,True,1.8781030503727712e-08,True,0.5318298102473126,True
HalfCheetah-v5,standard,router_a004_s010_linear_w025_r050,disabled,0.0,0.0,causal_ema_high_pass,0.04,0.1,delayed_linear,0.25,0.5,0.0,16,509.7367386705555,523.7489635400965,14.012224869540972,-139.65051051869,179.11303259865284,10.19473477341111,False,2.5e-05,0.0006138516323872195,0.0007886368308907091,0.00017478519850348953,0.0002965971624603132,nan,0.0,True,relative_noninferiority,False,-11.863886498412528,0.0030927172256426418,0.0027468549873832524,-0.0003458622382593894,0.0009938112181810486,nan,0.0003092717225642642,True,strict_relative_improvement,False,-4.213391802978504,0.003235505635737072,0.07028450360993854,0.07828082004333721,True,0.3813642596636319,0.27744877052104777,True,0.0,0.0,True,6.61198860610112e-09,True,-12.698297564632336,False
HalfCheetah-v5,low_frequency,router_a004_s010_linear_w025_r050,disabled,0.0,0.0,causal_ema_high_pass,0.04,0.1,delayed_linear,0.25,0.5,0.0,16,352.9624512751068,408.3113749159105,55.348923640803726,-38.626439879583536,148.04896809923432,7.059249025502136,False,2.5e-05,0.0006341680147088006,0.0008136642134386646,0.00017949619872986402,0.00030897144339997007,nan,0.0,True,relative_noninferiority,False,-12.358857735998802,0.0037530803756759394,0.0030342507890743567,-0.0007188295866015827,0.0007255675519047121,nan,0.000375308037567594,True,strict_relative_improvement,False,-2.933258761542072,0.0035861943553208105,0.06947780395798052,0.07708941233693661,True,0.3766594626436608,0.27314569244930464,True,0.0,0.0,True,6.686022407067757e-09,True,-12.358857735998802,False
HalfCheetah-v5,high_frequency,router_a004_s010_linear_w025_r050,disabled,0.0,0.0,causal_ema_high_pass,0.04,0.1,delayed_linear,0.25,0.5,0.0,16,379.21670318507483,407.758303398599,28.54160021352417,-47.16369995403029,105.30530476722957,7.584334063701497,False,2.5e-05,0.000674382255616358,0.0007968053203375352,0.00012242306472117715,0.0002473252276373046,nan,0.0,True,relative_noninferiority,False,-9.893009105492183,0.0032742092663834736,0.003351009146803195,7.679988041972108e-05,0.001640522640399727,nan,0.00032742092663834736,True,strict_relative_improvement,False,-6.010439183723175,0.0039758737432771165,0.07076271376157835,0.07798592865762013,True,0.3740142709185257,0.26887212657550386,True,0.0,0.0,True,8.616462566582751e-09,True,-9.893009105492183,False
HalfCheetah-v5,mixed,router_a004_s010_linear_w025_r050,disabled,0.0,0.0,causal_ema_high_pass,0.04,0.1,delayed_linear,0.25,0.5,0.0,16,292.0489489141506,319.34478933516675,27.295840421016152,-37.07994288730597,90.02945046502873,5.840978978283013,False,2.5e-05,0.0007180838157744653,0.0008366885905090835,0.00011860477473461807,0.0002567279258465649,nan,0.0,True,relative_noninferiority,False,-10.269117033862594,0.003556775363032783,0.0036597732209375615,0.00010299785790477876,0.0018312344678798843,nan,0.0003556775363032783,True,strict_relative_improvement,False,-6.148580612969697,0.004351373397525073,0.07082332120461288,0.07757174148118279,True,0.37202697898381787,0.2667603607867082,True,0.0,0.0,True,8.931856225620868e-09,True,-10.269117033862594,False
HalfCheetah-v5,ood_chirp,router_a004_s010_linear_w025_r050,disabled,0.0,0.0,causal_ema_high_pass,0.04,0.1,delayed_linear,0.25,0.5,0.0,16,360.9898096602302,441.3519008687236,80.36209120849338,-9.051305049745665,173.18151516567167,7.219796193204604,False,2.5e-05,0.0006805179729159551,0.0008319955965153888,0.0001514776235994338,0.0002826185867777749,nan,0.0,True,relative_noninferiority,False,-11.304743471110996,0.0037586443650328926,0.0030290391830691136,-0.0007296051819637795,0.0007322968790972876,nan,0.0003758644365032893,True,strict_relative_improvement,False,-2.948300525343474,0.003577376555945564,0.06989544521145474,0.07732292283619752,True,0.3774660887595862,0.27445700907112147,True,0.0,0.0,True,6.9306201198006754e-09,True,-11.304743471110996,False
Hopper-v5,standard,router_a004_s010_linear_w025_r050,disabled,0.0,0.0,causal_ema_high_pass,0.04,0.1,delayed_linear,0.25,0.5,0.0,16,194.86911089068286,186.06852923354933,-8.800581657133511,-28.06617762416377,9.559293729969545,3.8973822178136572,False,2.5e-05,0.03998106919289868,0.030784713081804894,-0.009196356111093786,-0.0046480725682548915,nan,0.0,True,relative_noninferiority,True,185.92290273019566,0.08334280965944099,0.056703922829259464,-0.026638886830181535,-0.013308916554340277,nan,0.0083342809659441,True,strict_relative_improvement,True,0.5968883948985819,0.06275004559818187,0.09159507733235182,0.10080059581962891,False,0.26737982056050824,0.16932122777084993,True,0.0,0.0,True,1.823428039172202e-08,True,-6.20128949526235,False
Hopper-v5,low_frequency,router_a004_s010_linear_w025_r050,disabled,0.0,0.0,causal_ema_high_pass,0.04,0.1,delayed_linear,0.25,0.5,0.0,16,193.4918246592992,189.61193803301256,-3.8798866262866127,-23.51282313114732,14.772752712072649,3.869836493185984,False,2.5e-05,0.04199970991125456,0.03256351037965725,-0.009436199531597314,-0.004392627956455646,nan,0.0,True,relative_noninferiority,True,175.70511825822584,0.08637472550070993,0.059043102978247636,-0.02733162252246229,-0.013775351658939141,nan,0.008637472550070994,True,strict_relative_improvement,True,0.5948359406162069,0.06530006814839971,0.10637123542761458,0.11426721878027199,False,0.2744685253103018,0.17565598454721093,True,0.0,0.0,True,1.6840828978276967e-08,True,-5.075921598379867,False
Hopper-v5,high_frequency,router_a004_s010_linear_w025_r050,disabled,0.0,0.0,causal_ema_high_pass,0.04,0.1,delayed_linear,0.25,0.5,0.0,16,196.98015089934,186.22241924064758,-10.757731658692428,-31.238587194267996,8.609471477147686,3.9396030179868,False,2.5e-05,0.0405744352693298,0.03111074105574937,-0.009463694213580426,-0.0049952743618386095,nan,0.0,True,relative_noninferiority,True,199.81097447354438,0.08388153597168166,0.05700817152532958,-0.026873364446352084,-0.013276663903148028,nan,0.008388153597168166,True,strict_relative_improvement,True,0.5827874095713053,0.0630779634337215,0.09348395471421758,0.10264026720494705,False,0.27096443567363987,0.17202411125283876,True,0.0,0.0,True,1.7743930172661526e-08,True,-6.929374368849837,False
Hopper-v5,mixed,router_a004_s010_linear_w025_r050,disabled,0.0,0.0,causal_ema_high_pass,0.04,0.1,delayed_linear,0.25,0.5,0.0,16,194.28366377533285,189.78676215076922,-4.496901624563677,-24.763283322152837,14.645790734521833,3.885673275506657,False,2.5e-05,0.04233195615723566,0.03268918530184918,-0.00964277085538648,-0.004597688231540563,nan,0.0,True,relative_noninferiority,True,183.9075292616225,0.08647481085109888,0.05910323066689106,-0.02737158018420783,-0.013879223153380258,nan,0.008647481085109888,True,strict_relative_improvement,True,0.6050018516119006,0.06535896553902065,0.10626561930321506,0.11435091291020014,False,0.2772333715010039,0.1773370444445299,True,0.0,0.0,True,1.7545038658303794e-08,True,-5.372971057100504,False
Hopper-v5,ood_chirp,router_a004_s010_linear_w025_r050,disabled,0.0,0.0,causal_ema_high_pass,0.04,0.1,delayed_linear,0.25,0.5,0.0,16,196.61844031657103,191.1702748151107,-5.448165501460322,-26.535547876246884,15.100712009906522,3.9323688063314206,False,2.5e-05,0.04135646659525822,0.03186239715219099,-0.00949406944306723,-0.004867712301203833,nan,0.0,True,relative_noninferiority,True,194.70849204815332,0.08392427003793948,0.0582852706344327,-0.025638999403506772,-0.012515976141821995,nan,0.008392427003793949,True,strict_relative_improvement,True,0.49134167460305833,0.06452241422812469,0.10452122179164047,0.11258454887090714,False,0.2701944101465322,0.17242205451466378,True,0.0,0.0,True,1.8616341371730182e-08,True,-5.747980462443548,False
Walker2d-v5,standard,router_a004_s010_linear_w025_r050,disabled,0.0,0.0,causal_ema_high_pass,0.04,0.1,delayed_linear,0.25,0.5,0.0,16,295.88261565165226,299.3057754556112,3.4231598039588746,-14.50606196996148,21.32035672956563,5.917652313033045,False,2.5e-05,0.007975208770285912,0.007123848201096154,-0.0008513605691897579,0.0006456562832782954,nan,0.0,True,relative_noninferiority,False,-25.826251331131818,0.05171189237224968,0.0522054557171671,0.0004935633449174156,0.008499340533961362,nan,0.0051711892372249685,True,strict_relative_improvement,False,-2.6435949535125483,0.06272305283716305,0.02615087841366376,0.027360809902477426,True,0.2306851731820993,0.16219579052450261,True,0.0,0.0,True,2.086011229612897e-08,True,-25.826251331131818,False
Walker2d-v5,low_frequency,router_a004_s010_linear_w025_r050,disabled,0.0,0.0,causal_ema_high_pass,0.04,0.1,delayed_linear,0.25,0.5,0.0,16,286.5172055227674,285.8950300912152,-0.6221754315522201,-9.831369880106696,8.521362448811479,5.7303441104553485,False,2.5e-05,0.008265283739666472,0.00748317558881031,-0.0007821081508561627,0.0006287544384611029,nan,0.0,True,relative_noninferiority,False,-25.15017753844411,0.049871237108476504,0.051221800228047856,0.001350563119571344,0.009306531141239801,nan,0.004987123710847651,True,strict_relative_improvement,False,-2.8661119476536885,0.061409103458862274,0.02698379672682478,0.02805156560029954,True,0.22864709671741945,0.16133989636573015,True,0.0,0.0,True,2.062785881762662e-08,True,-25.15017753844411,False
Walker2d-v5,high_frequency,router_a004_s010_linear_w025_r050,disabled,0.0,0.0,causal_ema_high_pass,0.04,0.1,delayed_linear,0.25,0.5,0.0,16,301.70626048955194,289.3996098801424,-12.306650609409475,-28.231811355727537,3.807348433035927,6.034125209791039,False,2.5e-05,0.007854143073557255,0.007205664738233555,-0.0006484783353237003,0.0008218283184056778,nan,0.0,True,relative_noninferiority,False,-32.87313273622711,0.05126997872259657,0.05236125362201306,0.0010912748994165002,0.009032491811313392,nan,0.005126997872259657,True,strict_relative_improvement,False,-2.7617506455746663,0.06287873758103903,0.02626148186123842,0.027569606581451595,True,0.23120684785279733,0.16309485191101009,True,0.0,0.0,True,1.9636891684363854e-08,True,-32.87313273622711,False
Walker2d-v5,mixed,router_a004_s010_linear_w025_r050,disabled,0.0,0.0,causal_ema_high_pass,0.04,0.1,delayed_linear,0.25,0.5,0.0,16,283.26239443755736,285.0501883874326,1.7877939498752902,-8.520121716537727,11.630881750806513,5.665247888751147,False,2.5e-05,0.008327109692170457,0.007540999376464497,-0.00078611031570596,0.0006343927800578564,nan,0.0,True,relative_noninferiority,False,-25.375711202314257,0.04949563275667681,0.05096431892218766,0.0014686861655108505,0.009185118185870915,nan,0.004949563275667681,True,strict_relative_improvement,False,-2.855743158396509,0.06108477945883506,0.027803176222854355,0.029115211183526658,True,0.22810745523590725,0.16072199400337375,True,0.0,0.0,True,1.9504112444629398e-08,True,-25.375711202314257,False
Walker2d-v5,ood_chirp,router_a004_s010_linear_w025_r050,disabled,0.0,0.0,causal_ema_high_pass,0.04,0.1,delayed_linear,0.25,0.5,0.0,16,286.49265478016815,287.25172482646815,0.7590700463000228,-9.20304938426238,10.850834980636886,5.729853095603363,False,2.5e-05,0.008183013700488427,0.007446137923896909,-0.0007368757765915187,0.0006752495883039004,nan,0.0,True,relative_noninferiority,False,-27.009983532156017,0.050482457361860425,0.05117662284315368,0.0006941654812932536,0.008595024241093315,nan,0.0050482457361860425,True,strict_relative_improvement,False,-2.702576437490713,0.061372004502001025,0.027443866205677386,0.0285829733056613,True,0.22857672681544372,0.16087328063433706,True,0.0,0.0,True,1.9992728701280105e-08,True,-27.009983532156017,False
HalfCheetah-v5,standard,router_a004_s010_cosine_w025_r050,disabled,0.0,0.0,causal_ema_high_pass,0.04,0.1,delayed_cosine,0.25,0.5,0.0,16,509.7367386705555,598.4433646488737,88.70662597831836,-33.66344681160695,212.0934364936528,10.19473477341111,False,2.5e-05,0.0006138516323872195,0.0006962255774652535,8.237394507803398e-05,0.00023754632360759942,nan,0.0,True,relative_noninferiority,False,-9.501852944303977,0.0030927172256426418,0.0035346485708707184,0.0004419313452280769,0.0015697563462748686,nan,0.0003092717225642642,True,strict_relative_improvement,False,-6.075654292799711,0.004228846091240839,0.060726434214633904,0.06718973863283402,True,0.37254499731063073,0.268935975074695,True,0.0,0.0,True,8.430790989152587e-09,True,-9.501852944303977,False
HalfCheetah-v5,low_frequency,router_a004_s010_cosine_w025_r050,disabled,0.0,0.0,causal_ema_high_pass,0.04,0.1,delayed_cosine,0.25,0.5,0.0,16,352.9624512751068,452.4398244498517,99.47737317474488,-25.586584268923474,225.05095156992178,7.059249025502136,False,2.5e-05,0.0006341680147088006,0.0007258430006461017,9.167498593730107e-05,0.0002450994472077306,nan,0.0,True,relative_noninferiority,False,-9.803977888309225,0.0037530803756759394,0.0037663236979974123,1.3243322321472865e-05,0.001136650105130589,nan,0.000375308037567594,True,strict_relative_improvement,False,-4.028579170585643,0.004510372008963333,0.05977419913880637,0.0661509728315124,True,0.3671399129214121,0.26313235642951194,True,0.0,0.0,True,8.053331552169227e-09,True,-9.803977888309225,False
HalfCheetah-v5,high_frequency,router_a004_s010_cosine_w025_r050,disabled,0.0,0.0,causal_ema_high_pass,0.04,0.1,delayed_cosine,0.25,0.5,0.0,16,379.21670318507483,449.2949403671999,70.07823718212506,-26.51923427411122,170.24417826267728,7.584334063701497,False,2.5e-05,0.000674382255616358,0.0007328209735891352,5.843871797277724e-05,0.00020747730897355618,nan,0.0,True,relative_noninferiority,False,-8.299092358942247,0.0032742092663834736,0.0035641830506046826,0.00028997378422120854,0.0014054657231382403,nan,0.00032742092663834736,True,strict_relative_improvement,False,-5.292534803954809,0.00425787450703599,0.06117256911726368,0.06623941823282586,True,0.3665751734402589,0.26148717194920634,True,0.0,0.0,True,8.488762587549796e-09,True,-8.299092358942247,False
HalfCheetah-v5,mixed,router_a004_s010_cosine_w025_r050,disabled,0.0,0.0,causal_ema_high_pass,0.04,0.1,delayed_cosine,0.25,0.5,0.0,16,292.0489489141506,392.38817811251835,100.33922919836775,-12.644363105506796,211.33563193965927,5.840978978283013,False,2.5e-05,0.0007180838157744653,0.0007571596019795603,3.907578620509495e-05,0.00018607803315506713,nan,0.0,True,relative_noninferiority,False,-7.443121326202685,0.003556775363032783,0.00407348197004801,0.0005167066070152267,0.0016319361898119535,nan,0.0003556775363032783,True,strict_relative_improvement,False,-5.588246440226233,0.00487868127400173,0.06009613815828322,0.06528851834309715,True,0.3647309296646456,0.26005116071939965,True,0.0,0.0,True,8.376008920818925e-09,True,-7.443121326202685,False
HalfCheetah-v5,ood_chirp,router_a004_s010_cosine_w025_r050,disabled,0.0,0.0,causal_ema_high_pass,0.04,0.1,delayed_cosine,0.25,0.5,0.0,16,360.9898096602302,437.260974020238,76.27116436000784,-33.47916909820089,187.0148369939487,7.219796193204604,False,2.5e-05,0.0006805179729159551,0.0007534857454169941,7.296777250103891e-05,0.0002267001374345964,nan,0.0,True,relative_noninferiority,False,-9.068005497383856,0.0037586443650328926,0.0034695753292329785,-0.0002890690357999143,0.0006106063952187121,nan,0.0003758644365032893,True,strict_relative_improvement,False,-2.6245388919985473,0.004140191399719003,0.06055692039684722,0.06647973407082296,True,0.3651873738034576,0.26132224286046823,True,0.0,0.0,True,8.85612054969456e-09,True,-9.068005497383856,False
Hopper-v5,standard,router_a004_s010_cosine_w025_r050,disabled,0.0,0.0,causal_ema_high_pass,0.04,0.1,delayed_cosine,0.25,0.5,0.0,16,194.86911089068286,208.52989217116092,13.660781280478087,-12.4298440911428,40.97937592970894,3.8973822178136572,False,2.5e-05,0.03998106919289868,0.027724016699063776,-0.012257052493834903,-0.007471006187422626,nan,0.0,True,relative_noninferiority,True,298.840247496905,0.08334280965944099,0.04861498917149453,-0.03472782048794647,-0.021258476027558863,nan,0.0083342809659441,True,strict_relative_improvement,True,1.5507270650493028,0.0538360320945773,0.0855345357471075,0.09325045724658114,True,0.24484600061370232,0.14911143639120572,True,0.0,0.0,True,1.6822545166675694e-08,True,-2.1892802390101886,False
Hopper-v5,low_frequency,router_a004_s010_cosine_w025_r050,disabled,0.0,0.0,causal_ema_high_pass,0.04,0.1,delayed_cosine,0.25,0.5,0.0,16,193.4918246592992,203.6326036055454,10.140778946246224,-13.46650683225759,33.90457779697161,3.869836493185984,False,2.5e-05,0.04199970991125456,0.030302984797396924,-0.011696725113857637,-0.006416091333380596,nan,0.0,True,relative_noninferiority,True,256.64365333522386,0.08637472550070993,0.051705883227745025,-0.03466884227296489,-0.021439406149461146,nan,0.008637472550070994,True,strict_relative_improvement,True,1.4821388461934886,0.0571549943125552,0.10538018112016885,0.11474625406319684,False,0.2559139712030397,0.15902842712363333,True,0.0,0.0,True,2.048278724622899e-08,True,-2.4798645513756052,False
Hopper-v5,high_frequency,router_a004_s010_cosine_w025_r050,disabled,0.0,0.0,causal_ema_high_pass,0.04,0.1,delayed_cosine,0.25,0.5,0.0,16,196.98015089934,208.52904660887222,11.548895709532214,-15.175208999204028,39.28269313428024,3.9396030179868,False,2.5e-05,0.0405744352693298,0.02797496438045895,-0.012599470888870848,-0.007709739250105362,nan,0.0,True,relative_noninferiority,True,308.3895700042145,0.08388153597168166,0.0488955480633866,-0.03498598790829507,-0.02156725665953987,nan,0.008388153597168166,True,strict_relative_improvement,True,1.5711566210257475,0.05414335857678805,0.08752888543931724,0.09508969796023192,True,0.24873302699003869,0.15223762686699702,True,0.0,0.0,True,1.7729791299429297e-08,True,-2.8519639999054527,False
Hopper-v5,mixed,router_a004_s010_cosine_w025_r050,disabled,0.0,0.0,causal_ema_high_pass,0.04,0.1,delayed_cosine,0.25,0.5,0.0,16,194.28366377533285,203.83542927555163,9.55176550021877,-14.31484298869638,33.96885002210307,3.885673275506657,False,2.5e-05,0.04233195615723566,0.030381944503212823,-0.011950011654022841,-0.006670346754426117,nan,0.0,True,relative_noninferiority,True,266.81387017704463,0.08647481085109888,0.05173705909951792,-0.03473775175158097,-0.021312922571966472,nan,0.008647481085109888,True,strict_relative_improvement,True,1.4646393975541883,0.05718472186596201,0.1044267239040492,0.11339493330787973,False,0.25873139354815144,0.1609595328961854,True,0.0,0.0,True,1.8199729156066026e-08,True,-2.6840058269772697,False
Hopper-v5,ood_chirp,router_a004_s010_cosine_w025_r050,disabled,0.0,0.0,causal_ema_high_pass,0.04,0.1,delayed_cosine,0.25,0.5,0.0,16,196.61844031657103,209.1555116920885,12.537071375517504,-13.256814477665932,38.69171754497525,3.9323688063314206,False,2.5e-05,0.04135646659525822,0.029032283917503534,-0.012324182677754685,-0.007047031848887468,nan,0.0,True,relative_noninferiority,True,281.88127395549867,0.08392427003793948,0.05012688399300597,-0.03379738604493351,-0.020265177148285452,nan,0.008392427003793949,True,strict_relative_improvement,True,1.4146980532716236,0.0554801381675691,0.10353940740148408,0.11260854132277263,False,0.25173475627277675,0.15629930486216187,True,0.0,0.0,True,1.8932329074691143e-08,True,-2.371203244294235,False
Walker2d-v5,standard,router_a004_s010_cosine_w025_r050,disabled,0.0,0.0,causal_ema_high_pass,0.04,0.1,delayed_cosine,0.25,0.5,0.0,16,295.88261565165226,288.77088444950186,-7.111731202150404,-23.45124143494378,9.847162676121448,5.917652313033045,False,2.5e-05,0.007975208770285912,0.008105263054126035,0.00013005428384012192,0.0014631213594931635,nan,0.0,True,relative_noninferiority,False,-58.524854379726534,0.05171189237224968,0.051387308309922525,-0.00032458406232715683,0.008342007132034868,nan,0.0051711892372249685,True,strict_relative_improvement,False,-2.613169959433058,0.0616776411935307,0.027291231242425287,0.02879252831762415,True,0.229513901581114,0.15851912903991003,True,0.0,0.0,True,1.9697641406542076e-08,True,-58.524854379726534,False
Walker2d-v5,low_frequency,router_a004_s010_cosine_w025_r050,disabled,0.0,0.0,causal_ema_high_pass,0.04,0.1,delayed_cosine,0.25,0.5,0.0,16,286.5172055227674,293.22096686359,6.703761340822535,-1.6773571897694952,15.098532340949065,5.7303441104553485,True,2.5e-05,0.008265283739666472,0.008433060650308721,0.0001677769106422476,0.00154180129461136,nan,0.0,True,relative_noninferiority,False,-61.672051784454396,0.049871237108476504,0.049270101601071814,-0.0006011355074046984,0.007998271631715436,nan,0.004987123710847651,True,strict_relative_improvement,False,-2.603784484896202,0.059010146744435596,0.02881040461572032,0.030244297780760484,True,0.22434405554744724,0.15430652556161198,True,0.0,0.0,True,1.9200494666801818e-08,True,-61.672051784454396,False
Walker2d-v5,high_frequency,router_a004_s010_cosine_w025_r050,disabled,0.0,0.0,causal_ema_high_pass,0.04,0.1,delayed_cosine,0.25,0.5,0.0,16,301.70626048955194,298.8382723831843,-2.8679881063676316,-19.859894167167937,14.020838810611679,6.034125209791039,False,2.5e-05,0.007854143073557255,0.008089245551090689,0.00023510247753343462,0.0015346055014103257,nan,0.0,True,relative_noninferiority,False,-61.38422005641302,0.05126997872259657,0.05082481011174661,-0.00044516861084995625,0.008283817185412594,nan,0.005126997872259657,True,strict_relative_improvement,False,-2.6157247168432334,0.060998053046588965,0.02740767581764249,0.028767271490528008,True,0.227988214836252,0.1568452510454012,True,0.0,0.0,True,2.1233034431118766e-08,True,-61.38422005641302,False
Walker2d-v5,mixed,router_a004_s010_cosine_w025_r050,disabled,0.0,0.0,causal_ema_high_pass,0.04,0.1,delayed_cosine,0.25,0.5,0.0,16,283.26239443755736,293.1762624966086,9.913868059051229,1.0105553423605886,18.81163062729822,5.665247888751147,True,2.5e-05,0.008327109692170457,0.008438716559352074,0.00011160686718161714,0.0014537342088569714,nan,0.0,True,relative_noninferiority,False,-58.14936835427885,0.04949563275667681,0.04895413282100344,-0.0005414999356733675,0.008041477178992583,nan,0.004949563275667681,True,strict_relative_improvement,False,-2.6246841854765077,0.058615083533042234,0.02917093124236755,0.030660950854878587,True,0.2236869780740287,0.15431808275530537,True,0.0,0.0,True,1.958003066460801e-08,True,-58.14936835427885,False
Walker2d-v5,ood_chirp,router_a004_s010_cosine_w025_r050,disabled,0.0,0.0,causal_ema_high_pass,0.04,0.1,delayed_cosine,0.25,0.5,0.0,16,286.49265478016815,294.8566142890388,8.363959508870673,-0.623629572087265,17.44299899054156,5.729853095603363,True,2.5e-05,0.008183013700488427,0.008358083778881779,0.0001750700783933505,0.0015188009450785266,nan,0.0,True,relative_noninferiority,False,-60.75203780314106,0.050482457361860425,0.04946767630627447,-0.0010147810555859514,0.0075588399389093265,nan,0.0050482457361860425,True,strict_relative_improvement,False,-2.4973201254303525,0.05926496634517886,0.02851492948753286,0.02990520698764335,True,0.2248259096186085,0.15447984932585498,True,0.0,0.0,True,1.916035478847673e-08,True,-60.75203780314106,False
HalfCheetah-v5,standard,router_a004_s015_linear_w0125_r0375,disabled,0.0,0.0,causal_ema_high_pass,0.04,0.15,delayed_linear,0.125,0.375,0.0,16,509.7367386705555,532.8887534305809,23.15201476002536,-106.50826308277712,154.96131637001315,10.19473477341111,False,2.5e-05,0.0006138516323872195,0.0006472560444377834,3.3404412050563816e-05,0.000167263931124908,nan,0.0,True,relative_noninferiority,False,-6.69055724499632,0.0030927172256426418,0.0019778043094851364,-0.0011149129161575051,-0.00027428974395147084,nan,0.0003092717225642642,True,strict_relative_improvement,False,-0.113110821522082,0.0025390479906114097,0.06172036942071934,0.06837217757938041,True,0.35414753936245097,0.24823775234576578,True,0.0,0.0,True,6.03655035177772e-09,True,-9.447379500304544,False
HalfCheetah-v5,low_frequency,router_a004_s015_linear_w0125_r0375,disabled,0.0,0.0,causal_ema_high_pass,0.04,0.15,delayed_linear,0.125,0.375,0.0,16,352.9624512751068,367.8680226148481,14.905571339741272,-122.20833014087623,151.83215773432238,7.059249025502136,False,2.5e-05,0.0006341680147088006,0.0007168211580002138,8.265314329141329e-05,0.0002200881192610135,nan,0.0,True,relative_noninferiority,False,-8.80352477044054,0.0037530803756759394,0.002328261917027339,-0.0014248184586486002,-0.0003535713516371615,nan,0.000375308037567594,True,strict_relative_improvement,False,-0.05791692091464371,0.003000987500633565,0.05994458838985379,0.0654829350293324,True,0.349261385788148,0.24373605041218932,True,0.0,0.0,True,6.578141647192583e-09,True,-16.31180323847314,False
HalfCheetah-v5,high_frequency,router_a004_s015_linear_w0125_r0375,disabled,0.0,0.0,causal_ema_high_pass,0.04,0.15,delayed_linear,0.125,0.375,0.0,16,379.21670318507483,422.9346557380527,43.71795255297783,-63.78311395752103,154.85300980980324,7.584334063701497,False,2.5e-05,0.000674382255616358,0.0007217254965590725,4.734324094271448e-05,0.0001861554371024713,nan,0.0,True,relative_noninferiority,False,-7.4462174840988515,0.0032742092663834736,0.0022819005787447994,-0.0009923086876386746,-3.260087387416921e-05,nan,0.00032742092663834736,True,strict_relative_improvement,False,-0.9004313065481655,0.002929886220586077,0.063784668873759,0.06927057191062277,True,0.3500849675491427,0.24354607460994995,True,0.0,0.0,True,5.980409862541378e-09,True,-7.4462174840988515,False
HalfCheetah-v5,mixed,router_a004_s015_linear_w0125_r0375,disabled,0.0,0.0,causal_ema_high_pass,0.04,0.15,delayed_linear,0.125,0.375,0.0,16,292.0489489141506,323.5798699354634,31.5309210213128,-60.24072213381944,124.16741447753957,5.840978978283013,False,2.5e-05,0.0007180838157744653,0.0007556850301008754,3.760121432641012e-05,0.00016735778298247652,nan,0.0,True,relative_noninferiority,False,-6.694311319299061,0.003556775363032783,0.0024462805262209387,-0.0011104948368118445,-9.752468585403877e-05,nan,0.0003556775363032783,True,strict_relative_improvement,False,-0.7258058890430414,0.0031464470487046828,0.06334544316598227,0.06818788699565219,True,0.3484015827038711,0.2408416133338544,True,0.0,0.0,True,6.246576856272809e-09,True,-9.313463266653894,False
HalfCheetah-v5,ood_chirp,router_a004_s015_linear_w0125_r0375,disabled,0.0,0.0,causal_ema_high_pass,0.04,0.15,delayed_linear,0.125,0.375,0.0,16,360.9898096602302,387.47667595532675,26.486866295096565,-98.85944259628596,150.20298163880244,7.219796193204604,False,2.5e-05,0.0006805179729159551,0.0007451782851166523,6.466031220069704e-05,0.00019667031947564925,nan,0.0,True,relative_noninferiority,False,-7.866812779025969,0.0037586443650328926,0.0021976753781202353,-0.0015609689869126569,-0.0005526362528910524,nan,0.0003758644365032893,True,strict_relative_improvement,True,0.47030737473407147,0.002813821898225542,0.059763864257174906,0.06523156813635987,True,0.3496683203904054,0.2441581650710554,True,0.0,0.0,True,6.04802283755607e-09,True,-12.69283009530576,False
Hopper-v5,standard,router_a004_s015_linear_w0125_r0375,disabled,0.0,0.0,causal_ema_high_pass,0.04,0.15,delayed_linear,0.125,0.375,0.0,16,194.86911089068286,209.5060163485301,14.63690545784728,-12.38395541978683,41.79134132452236,3.8973822178136572,False,2.5e-05,0.03998106919289868,0.028314287140477352,-0.011666782052421325,-0.004381812713101976,nan,0.0,True,relative_noninferiority,True,175.27250852407903,0.08334280965944099,0.05044091356457838,-0.03290189609486262,-0.012781648356308932,nan,0.0083342809659441,True,strict_relative_improvement,True,0.533623405370884,0.05920874647182621,0.09117066151667812,0.09795849061953336,True,0.2532948791478228,0.15214847956418615,True,0.0,0.0,True,1.7858422706828043e-08,True,-2.1775060098503625,False
Hopper-v5,low_frequency,router_a004_s015_linear_w0125_r0375,disabled,0.0,0.0,causal_ema_high_pass,0.04,0.15,delayed_linear,0.125,0.375,0.0,16,193.4918246592992,204.27700446266724,10.78517980336806,-12.870184633613402,33.70395320854153,3.869836493185984,False,2.5e-05,0.04199970991125456,0.03069795780169732,-0.011301752109557237,-0.003992210162842985,nan,0.0,True,relative_noninferiority,True,159.6884065137194,0.08637472550070993,0.053624562917062774,-0.032750162583647144,-0.013081416651271636,nan,0.008637472550070994,True,strict_relative_improvement,True,0.5144958870131652,0.06284486554463425,0.11379558535663337,0.12296580426057221,False,0.2636999906965155,0.1617063023176115,True,0.0,0.0,True,1.5892631566302138e-08,True,-2.3257696174696916,False
Hopper-v5,high_frequency,router_a004_s015_linear_w0125_r0375,disabled,0.0,0.0,causal_ema_high_pass,0.04,0.15,delayed_linear,0.125,0.375,0.0,16,196.98015089934,210.26100107848336,13.280850179143341,-15.47521672162768,41.31744162793239,3.9396030179868,False,2.5e-05,0.0405744352693298,0.02888084810502481,-0.01169358716430499,-0.0045538843784454905,nan,0.0,True,relative_noninferiority,True,182.15537513781962,0.08388153597168166,0.05095529119500118,-0.032926244776680484,-0.012964946008647163,nan,0.008388153597168166,True,strict_relative_improvement,True,0.5456257278150125,0.05980477580006573,0.09434995184420884,0.10104698691643973,False,0.25795492119039837,0.15595510073242932,True,0.0,0.0,True,1.5887695927348127e-08,True,-2.9281157647035623,False
Hopper-v5,mixed,router_a004_s015_linear_w0125_r0375,disabled,0.0,0.0,causal_ema_high_pass,0.04,0.15,delayed_linear,0.125,0.375,0.0,16,194.28366377533285,205.05887430743516,10.775210532102303,-13.477483010084518,34.74218915457778,3.885673275506657,False,2.5e-05,0.04233195615723566,0.030916381385951278,-0.011415574771284387,-0.004077031492038452,nan,0.0,True,relative_noninferiority,True,163.08125968153806,0.08647481085109888,0.05372246094571684,-0.03275234990538204,-0.012942732190057435,nan,0.008647481085109888,True,strict_relative_improvement,True,0.49670546401582155,0.06293831106239471,0.11304057560368605,0.12233667480728355,False,0.2665294675475338,0.16396747474483786,True,0.0,0.0,True,1.523364072217531e-08,True,-2.468506499257114,False
Hopper-v5,ood_chirp,router_a004_s015_linear_w0125_r0375,disabled,0.0,0.0,causal_ema_high_pass,0.04,0.15,delayed_linear,0.125,0.375,0.0,16,196.61844031657103,209.8964663876709,13.278026071099863,-14.167181106397875,39.44461057557942,3.9323688063314206,False,2.5e-05,0.04135646659525822,0.02984699747885277,-0.011509469116405446,-0.004189639029384726,nan,0.0,True,relative_noninferiority,True,167.58556117538902,0.08392427003793948,0.05261303467099718,-0.0313112353669423,-0.011889897748384679,nan,0.008392427003793949,True,strict_relative_improvement,True,0.41674127674981687,0.0617345546558108,0.11317123494483716,0.12185063303487664,False,0.2607129489981657,0.15965619390776176,True,0.0,0.0,True,1.8633754551399166e-08,True,-2.602709156777871,False
Walker2d-v5,standard,router_a004_s015_linear_w0125_r0375,disabled,0.0,0.0,causal_ema_high_pass,0.04,0.15,delayed_linear,0.125,0.375,0.0,16,295.88261565165226,290.63709064804306,-5.245525003609208,-26.05068854718866,15.487018078237272,5.917652313033045,False,2.5e-05,0.007975208770285912,0.006022048887276366,-0.0019531598830095456,-0.0008264338127896322,nan,0.0,True,relative_noninferiority,True,33.057352511585286,0.05171189237224968,0.041966329208129365,-0.009745563164120317,-0.002157924752916957,nan,0.0051711892372249685,True,strict_relative_improvement,False,-0.5827024202898885,0.055508636260773306,0.02469632746047226,0.025543815527830305,True,0.2047788543424694,0.13257922899844557,True,0.0,0.0,True,1.940766329913535e-08,True,-3.40219992138007,False
Walker2d-v5,low_frequency,router_a004_s015_linear_w0125_r0375,disabled,0.0,0.0,causal_ema_high_pass,0.04,0.15,delayed_linear,0.125,0.375,0.0,16,286.5172055227674,281.5341625675221,-4.983042955245288,-15.302871702304573,5.3774340416606945,5.7303441104553485,False,2.5e-05,0.008265283739666472,0.006384953249808471,-0.0018803304898580015,-0.0007829809991378593,nan,0.0,True,relative_noninferiority,True,31.31923996551437,0.049871237108476504,0.04090505463320415,-0.00896618247527236,-0.0013124580330944892,nan,0.004987123710847651,True,strict_relative_improvement,False,-0.7368306644890882,0.053908011762667116,0.02649795318224535,0.027384278317625483,True,0.20213215511352842,0.1308660314026189,True,0.0,0.0,True,1.950674195375054e-08,True,-1.6704978631882834,False
Walker2d-v5,high_frequency,router_a004_s015_linear_w0125_r0375,disabled,0.0,0.0,causal_ema_high_pass,0.04,0.15,delayed_linear,0.125,0.375,0.0,16,301.70626048955194,288.8937301372166,-12.812530352335331,-27.871972621249835,2.2153012204051636,6.034125209791039,False,2.5e-05,0.007854143073557255,0.0061010435282143095,-0.001753099545342946,-0.000640409486222361,nan,0.0,True,relative_noninferiority,True,25.61637944889444,0.05126997872259657,0.04193342463382809,-0.009336554088768476,-0.0015156905479008233,nan,0.005126997872259657,True,strict_relative_improvement,False,-0.7043707476256855,0.05543155149388415,0.025029798021358372,0.025829612618444513,True,0.20459892181021855,0.13259661013260163,True,0.0,0.0,True,1.9647294089896475e-08,True,-3.6190577179314176,False
Walker2d-v5,mixed,router_a004_s015_linear_w0125_r0375,disabled,0.0,0.0,causal_ema_high_pass,0.04,0.15,delayed_linear,0.125,0.375,0.0,16,283.26239443755736,287.62091677612744,4.358522338570085,-3.8194513917713406,12.757254611792577,5.665247888751147,True,2.5e-05,0.008327109692170457,0.006470939824762433,-0.0018561698674080243,-0.0007811164056900436,nan,0.0,True,relative_noninferiority,True,31.244656227601745,0.04949563275667681,0.04018056141059176,-0.009315071346085054,-0.001884507271008524,nan,0.004949563275667681,True,strict_relative_improvement,False,-0.6192578686138102,0.05292167775604381,0.027070488006561363,0.027962625221892017,True,0.2003398687328285,0.1301745032557266,True,0.0,0.0,True,1.8385351778700495e-08,True,-0.6192578686138102,False
Walker2d-v5,ood_chirp,router_a004_s015_linear_w0125_r0375,disabled,0.0,0.0,causal_ema_high_pass,0.04,0.15,delayed_linear,0.125,0.375,0.0,16,286.49265478016815,292.43379649871787,5.941141718549721,-2.913158104167498,14.74868600946341,5.729853095603363,True,2.5e-05,0.008183013700488427,0.006279569395284846,-0.0019034443052035814,-0.0008436697405063301,nan,0.0,True,relative_noninferiority,True,33.7467896202532,0.050482457361860425,0.040436711707374076,-0.010045745654486347,-0.0024231117825990697,nan,0.0050482457361860425,True,strict_relative_improvement,False,-0.520009145903873,0.053359596894276384,0.026050253721935073,0.026932994228913,True,0.20103356826372018,0.13034185565867237,True,0.0,0.0,True,1.971976979662935e-08,True,-0.520009145903873,False
HalfCheetah-v5,standard,router_a004_s015_cosine_w025_r050,disabled,0.0,0.0,causal_ema_high_pass,0.04,0.15,delayed_cosine,0.25,0.5,0.0,16,509.7367386705555,440.02408339081927,-69.7126552797362,-197.81887283055391,61.69732262131788,10.19473477341111,False,2.5e-05,0.0006138516323872195,0.0006192358515545735,5.384219167353958e-06,0.00014318816883217715,nan,0.0,True,relative_noninferiority,False,-5.727526753287085,0.0030927172256426418,0.0020375240307414976,-0.0010551931949011441,-0.0003519039559603483,nan,0.0003092717225642642,True,strict_relative_improvement,True,0.1378471754307427,0.0026407659271306585,0.0534529938902822,0.0591679869619441,True,0.32676538468669347,0.21704705541227218,True,0.0,0.0,True,7.810410424772695e-09,True,-18.404023471653755,False
HalfCheetah-v5,low_frequency,router_a004_s015_cosine_w025_r050,disabled,0.0,0.0,causal_ema_high_pass,0.04,0.15,delayed_cosine,0.25,0.5,0.0,16,352.9624512751068,224.00156248456366,-128.96088879054312,-236.84522454212356,-16.941113230365723,7.059249025502136,False,2.5e-05,0.0006341680147088006,0.0006726225619658612,3.845454725706065e-05,0.00017614676417134785,nan,0.0,True,relative_noninferiority,False,-7.045870566853914,0.0037530803756759394,0.00254343446286301,-0.0012096459128129293,-0.00024255756751813182,nan,0.000375308037567594,True,strict_relative_improvement,False,-0.35371070363914986,0.0033243718052832077,0.05187695887330846,0.058340947156233815,True,0.3209999087253777,0.21230712688607226,True,0.0,0.0,True,7.876110983521872e-09,True,-32.55105106598451,False
HalfCheetah-v5,high_frequency,router_a004_s015_cosine_w025_r050,disabled,0.0,0.0,causal_ema_high_pass,0.04,0.15,delayed_cosine,0.25,0.5,0.0,16,379.21670318507483,351.718817459571,-27.497885725503796,-129.8015168888432,77.02642086311495,7.584334063701497,False,2.5e-05,0.000674382255616358,0.0006917889448820302,1.7406689265672115e-05,0.00014918150830960995,nan,0.0,True,relative_noninferiority,False,-5.967260332384398,0.0032742092663834736,0.00232584654454685,-0.0009483627218366241,-0.0001207573145353087,nan,0.00032742092663834736,True,strict_relative_improvement,False,-0.6311863271076404,0.00301330383496585,0.05730097911096487,0.06221809797340709,True,0.3256421952341141,0.21614183864434325,True,0.0,0.0,True,6.4477646669215605e-09,True,-16.114425050192768,False
HalfCheetah-v5,mixed,router_a004_s015_cosine_w025_r050,disabled,0.0,0.0,causal_ema_high_pass,0.04,0.15,delayed_cosine,0.25,0.5,0.0,16,292.0489489141506,199.22022529142927,-92.82872362272133,-166.82761211541313,-16.513585183170825,5.840978978283013,False,2.5e-05,0.0007180838157744653,0.0007228113522099993,4.727536435533876e-06,0.0001383357162497472,nan,0.0,True,relative_noninferiority,False,-5.533428649989888,0.003556775363032783,0.0024237940853278194,-0.0011329812777049635,-0.00022940327272017095,nan,0.0003556775363032783,True,strict_relative_improvement,False,-0.3550245677462074,0.0031367473594357265,0.05646817836510888,0.06124837186711219,True,0.3198382880246752,0.2102148859433641,True,0.0,0.0,True,6.982951633737664e-09,True,-27.561584065904825,False
HalfCheetah-v5,ood_chirp,router_a004_s015_cosine_w025_r050,disabled,0.0,0.0,causal_ema_high_pass,0.04,0.15,delayed_cosine,0.25,0.5,0.0,16,360.9898096602302,263.5701651414779,-97.41964451875234,-205.36997492041385,12.842194218031912,7.219796193204604,False,2.5e-05,0.0006805179729159551,0.0006943353389755127,1.3817366059557483e-05,0.00015568082966830758,nan,0.0,True,relative_noninferiority,False,-6.2272331867323025,0.0037586443650328926,0.0025616243805803175,-0.0011970199844525756,-0.00037783375344472707,nan,0.0003758644365032893,True,strict_relative_improvement,True,0.005239434088945885,0.0033421613445560145,0.05198076560590202,0.05806761604207802,True,0.32355886964285274,0.21509545715852954,True,0.0,0.0,True,8.193510851807965e-09,True,-27.445397823516345,False
Hopper-v5,standard,router_a004_s015_cosine_w025_r050,disabled,0.0,0.0,causal_ema_high_pass,0.04,0.15,delayed_cosine,0.25,0.5,0.0,16,194.86911089068286,220.46780595516725,25.598695064484417,4.7394032920062665,47.16692395276993,3.8973822178136572,True,2.5e-05,0.03998106919289868,0.027119654306064098,-0.01286141488683458,-0.007534865573104528,nan,0.0,True,relative_noninferiority,True,301.39462292418114,0.08334280965944099,0.051771740425296614,-0.031571069234144385,-0.01566447348376101,nan,0.0083342809659441,True,strict_relative_improvement,True,0.8795230863670014,0.06087669097490439,0.09986822870450823,0.11116941170161851,False,0.2569629432003256,0.15554565043172064,True,0.0,0.0,True,1.794793113371702e-08,True,-0.11169411701618503,False
Hopper-v5,low_frequency,router_a004_s015_cosine_w025_r050,disabled,0.0,0.0,causal_ema_high_pass,0.04,0.15,delayed_cosine,0.25,0.5,0.0,16,193.4918246592992,211.61279742252816,18.120972763228984,-0.5175044124811771,37.416347748023014,3.869836493185984,True,2.5e-05,0.04199970991125456,0.028501708393495293,-0.013498001517759269,-0.008010086514803505,nan,0.0,True,relative_noninferiority,True,320.40346059214016,0.08637472550070993,0.05268579789532295,-0.03368892760538697,-0.0187315577798021,nan,0.008637472550070994,True,strict_relative_improvement,True,1.1686387622323777,0.06173491351731045,0.11102218584031982,0.1196644238617648,False,0.2611280871442132,0.1592853900989479,True,0.0,0.0,True,1.6682721355962233e-08,True,-0.196644238617648,False
Hopper-v5,high_frequency,router_a004_s015_cosine_w025_r050,disabled,0.0,0.0,causal_ema_high_pass,0.04,0.15,delayed_cosine,0.25,0.5,0.0,16,196.98015089934,221.31123813084304,24.331087231503034,3.6831365316177305,45.824215110169305,3.9396030179868,True,2.5e-05,0.0405744352693298,0.027346855138971407,-0.013227580130358393,-0.007877260178314083,nan,0.0,True,relative_noninferiority,True,315.0904071325633,0.08388153597168166,0.051939529920759675,-0.03194200605092199,-0.01609205701049912,nan,0.008388153597168166,True,strict_relative_improvement,True,0.9184266029572687,0.06105872705274439,0.10124292808661248,0.1124539955752264,False,0.2604582933408731,0.15845335252522097,True,0.0,0.0,True,1.5686878863716787e-08,True,-0.1245399557522639,False
Hopper-v5,mixed,router_a004_s015_cosine_w025_r050,disabled,0.0,0.0,causal_ema_high_pass,0.04,0.15,delayed_cosine,0.25,0.5,0.0,16,194.28366377533285,212.1313805201881,17.847716744855216,-0.8831758674303206,37.146403500226334,3.885673275506657,True,2.5e-05,0.04233195615723566,0.02864345820604454,-0.013688497951191123,-0.00829116456563095,nan,0.0,True,relative_noninferiority,True,331.646582625238,0.08647481085109888,0.052804534552337884,-0.033670276298761,-0.018686216034986415,nan,0.008647481085109888,True,strict_relative_improvement,True,1.1608854475741197,0.06186696572631392,0.11016624067171223,0.1188082504753493,False,0.2638043350405986,0.16111423327357202,True,0.0,0.0,True,1.6715606685116762e-08,True,-0.188082504753493,False
Hopper-v5,ood_chirp,router_a004_s015_cosine_w025_r050,disabled,0.0,0.0,causal_ema_high_pass,0.04,0.15,delayed_cosine,0.25,0.5,0.0,16,196.61844031657103,218.58886997707944,21.970429660508415,2.293467930807458,42.37050852082853,3.9323688063314206,True,2.5e-05,0.04135646659525822,0.028056678388892035,-0.013299788206366183,-0.007652660942356826,nan,0.0,True,relative_noninferiority,True,306.10643769427304,0.08392427003793948,0.05282666558793815,-0.031097604450001325,-0.016072156189127194,nan,0.008392427003793949,True,strict_relative_improvement,True,0.91507846083874,0.062010532770380294,0.10992112207784019,0.11934987728474546,False,0.26108316024697353,0.16007391900254264,True,0.0,0.0,True,1.641856343684292e-08,True,-0.1934987728474545,False
Walker2d-v5,standard,router_a004_s015_cosine_w025_r050,disabled,0.0,0.0,causal_ema_high_pass,0.04,0.15,delayed_cosine,0.25,0.5,0.0,16,295.88261565165226,287.9301933606587,-7.9524222909935895,-27.26155054248153,11.915556940785297,5.917652313033045,False,2.5e-05,0.007975208770285912,0.006327786564672243,-0.0016474222056136688,-0.00031317581987470964,nan,0.0,True,relative_noninferiority,True,12.527032794988385,0.05171189237224968,0.044067561563274134,-0.007644330808975546,0.0008182336170126228,nan,0.0051711892372249685,True,strict_relative_improvement,False,-1.1582292930072144,0.058268302394544724,0.025190491673105796,0.026199243034301715,True,0.2108641591309393,0.14008479405993102,True,0.0,0.0,True,1.93686339836851e-08,True,-3.6068185659439056,False
Walker2d-v5,low_frequency,router_a004_s015_cosine_w025_r050,disabled,0.0,0.0,causal_ema_high_pass,0.04,0.15,delayed_cosine,0.25,0.5,0.0,16,286.5172055227674,280.2477801580949,-6.269425364672545,-19.825946540668635,7.088380660067431,5.7303441104553485,False,2.5e-05,0.008265283739666472,0.0066021768323128,-0.0016631069073536728,-0.0003419140202568218,nan,0.0,True,relative_noninferiority,True,13.676560810272871,0.049871237108476504,0.043381106655178775,-0.006490130453297739,0.001842966065388005,nan,0.004987123710847651,True,strict_relative_improvement,False,-1.369544886440116,0.05721321161094577,0.02638316563015382,0.027412864617074553,True,0.20953687360841455,0.1402730845613175,True,0.0,0.0,True,2.0089258686127113e-08,True,-2.4598177977645417,False
Walker2d-v5,high_frequency,router_a004_s015_cosine_w025_r050,disabled,0.0,0.0,causal_ema_high_pass,0.04,0.15,delayed_cosine,0.25,0.5,0.0,16,301.70626048955194,275.2635123462961,-26.442748143255784,-48.82109315564469,-4.447390216524788,6.034125209791039,False,2.5e-05,0.007854143073557255,0.006225793769536208,-0.001628349304021048,-0.0002958976985409687,nan,0.0,True,relative_noninferiority,True,11.835907941638748,0.05126997872259657,0.04478217643772777,-0.006487802284868796,0.0018423895516400098,nan,0.005126997872259657,True,strict_relative_improvement,False,-1.3593505590490913,0.059245618032423855,0.02479689978851826,0.025970868718137294,True,0.21294039515867696,0.14270551642752854,True,0.0,0.0,True,1.9957455547250634e-08,True,-7.090831969549958,False
Walker2d-v5,mixed,router_a004_s015_cosine_w025_r050,disabled,0.0,0.0,causal_ema_high_pass,0.04,0.15,delayed_cosine,0.25,0.5,0.0,16,283.26239443755736,273.5805349511843,-9.681859486373039,-25.439661132366815,5.30230955448495,5.665247888751147,False,2.5e-05,0.008327109692170457,0.006613260738929336,-0.0017138489532411213,-0.00039507142512871184,nan,0.0,True,relative_noninferiority,True,15.802857005148473,0.04949563275667681,0.04332990901424655,-0.006165723742430263,0.002071551447449794,nan,0.004949563275667681,True,strict_relative_improvement,False,-1.4185321678043095,0.05712846985345908,0.02617410934314061,0.027404729235745284,True,0.20961149788580935,0.14049554773329667,True,0.0,0.0,True,1.996263716086293e-08,True,-3.490476256631157,False
Walker2d-v5,ood_chirp,router_a004_s015_cosine_w025_r050,disabled,0.0,0.0,causal_ema_high_pass,0.04,0.15,delayed_cosine,0.25,0.5,0.0,16,286.49265478016815,284.81946849532426,-1.6731862848439167,-15.45568498626824,11.496750702270282,5.729853095603363,False,2.5e-05,0.008183013700488427,0.006507570170853728,-0.001675443529634701,-0.0003708545198047049,nan,0.0,True,relative_noninferiority,True,14.834180792188196,0.050482457361860425,0.04351792300379026,-0.0069645343580701635,0.001378280238507483,nan,0.0050482457361860425,True,strict_relative_improvement,False,-1.2730216218731016,0.05744724955853205,0.02585298336838478,0.02684128576969557,True,0.20976629733219287,0.14008649121537378,True,0.0,0.0,True,2.07886638811604e-08,True,-1.6973963779503727,False
