ep,tid,dir,hour,period,delta_t,base_hw,eff_hw,s_hold_mean,s_hold_std,hold_mean,hold_std,hold_max,hold_n,penalty,reward
30,0,1,6,trans,4.2,360.0,364.0,0.0,0.0,28.0,26.2,59.1,14,0.466,-1.863
30,1,0,6,trans,50.6,360.0,411.0,0.0,0.0,25.1,29.3,58.2,15,0.419,-1.84
30,2,1,6,trans,-55.0,360.0,305.0,0.0,0.0,11.1,44.4,59.7,19,0.184,-1.722
30,3,0,6,trans,-78.4,360.0,282.0,0.0,0.0,9.9,35.6,60.0,19,0.165,-1.713
30,4,1,6,trans,88.1,360.0,448.0,0.0,0.0,14.5,33.6,57.7,19,0.242,-1.751
30,5,0,6,trans,63.7,360.0,424.0,0.0,0.0,8.2,30.6,49.8,19,0.137,-1.699
30,6,1,6,trans,-46.0,360.0,314.0,0.0,0.0,31.1,32.3,59.4,19,0.518,-1.889
30,7,0,6,trans,-46.3,360.0,314.0,0.0,0.0,9.3,45.4,59.4,19,0.155,-1.708
30,8,1,6,trans,19.8,360.0,380.0,0.0,0.0,-4.0,41.3,59.1,19,0.066,-1.663
30,9,0,6,trans,49.7,360.0,410.0,0.0,0.0,-3.0,44.3,59.7,19,0.051,-1.656
30,10,1,6,trans,-67.2,360.0,293.0,0.0,0.0,19.7,33.5,59.7,19,0.328,-1.794
30,11,0,6,trans,35.3,360.0,395.0,0.0,0.0,16.3,42.3,60.0,19,0.272,-1.766
30,12,1,6,trans,-4.9,360.0,355.0,0.0,0.0,15.9,37.4,59.3,19,0.265,-1.763
30,13,0,6,trans,61.3,360.0,421.0,27.8,0.0,37.5,34.0,60.0,19,0.625,-1.943
30,14,1,6,trans,-65.4,360.0,295.0,23.3,0.0,23.1,27.7,59.6,19,0.385,-1.823
30,15,0,6,trans,25.5,360.0,385.0,13.4,0.0,23.9,29.3,58.4,19,0.399,-1.83
30,16,1,6,trans,-19.4,360.0,341.0,6.4,0.0,9.1,32.2,57.1,19,0.151,-1.706
30,17,0,6,trans,60.5,360.0,420.0,13.4,0.0,-55.9,11.3,-9.9,19,0.932,-2.096
30,18,1,6,trans,20.5,360.0,380.0,0.0,0.0,7.6,37.7,59.0,19,0.126,-1.693
30,19,0,6,trans,21.1,360.0,381.0,13.8,15.2,5.2,41.1,59.4,18,0.087,-1.674
30,20,1,7,peak,-40.1,360.0,320.0,8.2,0.0,19.6,41.9,59.7,19,0.327,-1.794
30,21,0,7,peak,-14.9,360.0,345.0,12.7,18.6,20.3,30.2,55.9,19,0.338,-1.799
30,22,1,7,peak,80.8,360.0,441.0,0.0,0.0,18.0,34.2,56.0,19,0.299,-1.78
30,23,0,7,peak,-25.4,360.0,335.0,23.5,7.8,15.2,38.5,57.0,19,0.253,-1.757
30,24,1,7,peak,-35.2,360.0,325.0,0.0,0.0,2.6,38.9,58.1,19,0.044,-1.652
30,25,0,7,peak,2.3,360.0,362.0,15.6,0.2,18.0,40.6,59.5,19,0.3,-1.78
30,26,1,7,peak,66.0,360.0,426.0,12.5,0.0,24.8,39.4,60.0,19,0.414,-1.837
30,27,0,7,peak,20.5,360.0,381.0,18.2,2.8,25.3,34.5,58.3,19,0.422,-1.841
30,28,1,7,peak,-30.1,360.0,330.0,0.0,0.0,20.6,33.5,59.5,19,0.343,-1.802
30,29,0,7,peak,83.6,360.0,444.0,16.1,4.9,-52.8,26.7,60.0,19,0.881,-2.071
30,30,1,7,peak,30.1,360.0,390.0,0.0,0.0,24.1,34.0,60.0,19,0.401,-1.831
30,31,0,7,peak,-23.6,360.0,336.0,10.7,0.5,-6.1,50.0,60.0,18,0.102,-1.681
30,32,1,7,peak,97.9,360.0,458.0,14.1,5.9,-20.7,48.4,60.0,19,0.346,-1.803
30,33,0,7,peak,-40.1,360.0,320.0,15.2,5.0,22.2,41.3,60.0,19,0.371,-1.816
30,34,1,7,peak,13.6,360.0,374.0,12.3,4.1,0.7,46.7,54.6,17,0.011,-1.636
30,35,0,7,peak,-1.9,360.0,358.0,20.2,0.0,23.4,34.9,60.0,19,0.39,-1.825
30,36,1,7,peak,-37.7,360.0,322.0,14.9,1.5,18.3,38.4,60.0,19,0.305,-1.783
30,37,0,7,peak,92.4,360.0,452.0,7.1,7.6,-49.2,24.7,22.9,19,0.819,-2.04
30,38,1,7,peak,-63.7,360.0,296.0,13.5,0.0,20.9,39.0,59.5,19,0.348,-1.804
30,39,0,7,peak,-101.5,360.0,259.0,-0.5,0.0,12.7,54.7,60.0,17,0.212,-1.736
30,40,1,8,peak,3.4,360.0,363.0,14.2,0.0,10.3,50.0,60.0,19,0.172,-1.716
30,41,0,8,peak,-22.9,360.0,337.0,26.6,0.0,33.1,36.1,60.0,19,0.551,-1.906
30,42,1,8,peak,74.8,360.0,435.0,-56.1,0.0,-8.1,47.4,56.5,19,0.135,-1.698
30,43,0,8,peak,54.5,360.0,414.0,0.0,0.0,-50.9,25.7,54.7,19,0.849,-2.055
30,44,1,8,peak,-36.9,360.0,323.0,-14.8,41.3,29.8,40.1,60.0,19,0.496,-1.878
30,45,0,8,peak,-20.0,360.0,340.0,16.5,0.0,-17.7,46.2,60.0,13,0.296,-1.778
30,46,1,8,peak,27.6,360.0,388.0,11.2,15.2,16.5,42.1,60.0,19,0.275,-1.768
30,47,0,8,peak,-21.7,360.0,338.0,0.0,0.0,-19.4,46.4,59.9,19,0.323,-1.792
30,48,1,8,peak,26.1,360.0,386.0,-4.0,0.0,-47.2,19.5,1.3,19,0.787,-2.024
30,49,0,8,peak,-18.7,360.0,341.0,25.8,0.0,-46.7,25.8,26.8,19,0.778,-2.019
30,50,1,8,peak,-14.8,360.0,345.0,24.1,0.0,-4.0,53.5,60.0,14,0.067,-1.664
30,51,0,8,peak,-48.2,360.0,312.0,14.6,0.0,-4.3,49.3,60.0,17,0.072,-1.666
30,52,1,8,peak,62.1,360.0,422.0,-17.0,36.2,-53.3,24.0,47.8,19,0.888,-2.074
30,53,0,8,peak,-29.9,360.0,330.0,0.0,0.0,32.8,30.5,60.0,19,0.547,-1.904
30,54,1,8,peak,-34.4,360.0,326.0,-17.0,36.2,21.4,48.1,60.0,16,0.357,-1.809
30,55,0,8,peak,-16.1,360.0,344.0,0.0,0.0,-40.2,30.9,43.3,19,0.67,-1.965
30,56,1,8,peak,-11.2,360.0,349.0,19.3,0.0,6.1,40.0,60.0,19,0.102,-1.681
30,57,0,8,peak,-63.5,360.0,296.0,-22.7,0.0,-14.7,52.5,60.0,15,0.246,-1.753
30,58,1,8,peak,-59.0,360.0,301.0,6.7,0.0,11.4,37.6,58.3,19,0.19,-1.725
30,59,0,8,peak,14.1,360.0,374.0,0.0,0.0,-13.0,41.0,55.5,19,0.216,-1.738
30,60,1,9,peak,78.3,360.0,438.0,-38.1,11.6,-30.7,47.2,60.0,19,0.512,-1.886
30,61,0,9,peak,40.5,360.0,400.0,0.0,0.0,-38.8,42.2,59.8,19,0.646,-1.953
30,62,1,9,peak,16.8,360.0,377.0,0.9,27.5,-51.9,23.5,40.1,19,0.865,-2.063
30,63,0,9,peak,60.4,360.0,420.0,-10.7,0.0,-47.1,26.4,33.9,19,0.785,-2.023
30,64,1,9,peak,2.3,360.0,362.0,-16.3,33.1,-29.7,48.0,59.9,19,0.495,-1.878
30,65,0,9,peak,12.3,360.0,372.0,0.0,0.0,0.0,0.0,0.0,0,0.0,-1.63
30,66,1,9,peak,-13.6,360.0,346.0,-11.5,32.3,-23.5,43.2,59.0,19,0.392,-1.826
30,67,0,9,peak,81.0,360.0,441.0,0.0,0.0,29.7,38.9,59.8,19,0.496,-1.878
30,68,1,9,peak,-83.6,360.0,276.0,-31.4,19.2,8.1,39.4,57.7,17,0.135,-1.698
30,69,0,9,peak,37.4,360.0,397.0,-6.4,28.6,-22.4,41.4,58.2,19,0.373,-1.817
30,70,1,9,peak,53.3,360.0,413.0,-12.2,0.0,-41.5,39.8,59.9,19,0.692,-1.976
30,71,0,9,peak,-40.6,360.0,319.0,-17.1,29.7,-7.3,47.3,60.0,17,0.121,-1.691
30,72,1,9,peak,-57.1,360.0,303.0,-12.8,30.6,-0.2,39.1,55.6,17,0.003,-1.632
30,73,0,9,peak,32.6,360.0,393.0,12.6,0.0,7.6,38.8,59.0,19,0.126,-1.693
30,74,1,9,peak,-76.7,360.0,283.0,-9.7,30.1,4.9,34.7,57.4,19,0.082,-1.671
30,75,0,9,peak,38.1,360.0,398.0,-16.8,36.8,-33.5,41.0,57.7,19,0.558,-1.909
30,76,1,9,peak,69.7,360.0,430.0,-32.8,15.0,-39.9,24.5,24.4,19,0.665,-1.963
30,77,0,9,peak,-48.5,360.0,312.0,20.1,0.0,-29.0,47.0,59.9,19,0.484,-1.872
30,78,1,9,peak,-6.8,360.0,353.0,-26.5,14.7,0.0,0.0,0.0,0,0.0,-1.63
30,79,0,9,peak,-53.8,360.0,306.0,20.1,0.0,-15.9,43.4,59.4,18,0.265,-1.763
30,80,1,10,off,77.4,360.0,437.0,-27.1,14.0,-45.0,27.5,35.6,19,0.751,-2.006
30,81,0,10,off,82.2,360.0,442.0,8.5,0.0,-46.6,25.6,46.2,19,0.777,-2.019
30,82,1,10,off,22.4,360.0,382.0,-13.1,0.0,-43.4,29.7,55.8,19,0.723,-1.992
30,83,0,10,off,30.1,360.0,390.0,-2.1,16.8,0.0,0.0,0.0,0,0.0,-1.63
30,84,1,10,off,-38.5,360.0,321.0,-11.7,0.0,-11.9,37.6,51.7,17,0.198,-1.729
30,85,0,10,off,47.6,360.0,408.0,-10.1,15.2,-52.0,16.5,-3.5,19,0.867,-2.064
30,86,1,10,off,-56.2,360.0,304.0,7.3,0.0,9.7,37.9,60.0,19,0.162,-1.711
30,87,0,10,off,73.2,360.0,433.0,-8.5,13.5,-54.9,19.0,25.6,19,0.914,-2.087
30,88,1,10,off,-55.2,360.0,305.0,19.6,39.4,19.5,41.3,60.0,20,0.325,-1.793
30,89,0,10,off,-19.6,360.0,340.0,-8.5,13.4,21.5,39.5,58.5,16,0.358,-1.809
30,90,1,10,off,23.9,360.0,384.0,-19.8,0.0,-33.9,34.2,59.6,19,0.566,-1.913
30,91,0,10,off,-18.8,360.0,341.0,-8.8,16.4,20.6,40.9,58.1,19,0.343,-1.802
30,92,1,10,off,-34.9,360.0,325.0,-39.8,0.0,11.6,50.1,59.9,16,0.193,-1.727
30,93,0,10,off,-45.1,360.0,315.0,-37.1,16.2,28.1,30.4,59.4,19,0.469,-1.865
30,94,1,10,off,70.4,360.0,430.0,-10.0,0.0,-24.1,47.8,59.8,19,0.402,-1.831
30,95,0,10,off,20.0,360.0,380.0,-46.1,14.5,-3.6,49.5,59.9,20,0.061,-1.661
30,96,1,10,off,-58.2,360.0,302.0,-30.6,0.0,-1.6,55.8,60.0,12,0.026,-1.643
30,97,0,10,off,-65.0,360.0,295.0,-29.6,17.2,-6.6,45.8,60.0,19,0.11,-1.685
30,98,1,10,off,20.8,360.0,381.0,0.0,0.0,5.3,41.4,59.3,19,0.089,-1.675
30,99,0,10,off,63.8,360.0,424.0,-17.8,25.7,-47.2,36.8,60.0,19,0.786,-2.023
30,100,1,11,off,-45.9,360.0,314.0,0.0,0.0,22.4,44.7,60.0,19,0.373,-1.817
30,101,0,11,off,41.6,360.0,402.0,-14.0,20.7,24.3,28.8,59.9,18,0.405,-1.833
30,102,1,11,off,-19.1,360.0,341.0,10.8,0.0,-56.3,5.8,-37.6,19,0.939,-2.1
30,103,0,11,off,23.1,360.0,383.0,-4.3,26.2,33.0,30.9,60.0,19,0.55,-1.905
30,104,1,11,off,-90.0,360.0,270.0,54.3,0.0,-0.9,44.1,58.4,18,0.015,-1.638
30,105,0,11,off,1.1,360.0,361.0,-18.3,26.4,17.6,46.4,60.0,19,0.293,-1.777
30,106,1,11,off,-25.9,360.0,334.0,16.6,0.0,21.1,40.8,59.9,19,0.352,-1.806
30,107,0,11,off,-87.8,360.0,272.0,-3.6,21.5,15.5,36.7,59.8,19,0.258,-1.759
30,108,1,11,off,-25.2,360.0,335.0,11.6,14.8,36.5,35.6,60.0,19,0.608,-1.934
30,109,0,11,off,68.1,360.0,428.0,-3.6,21.5,-3.6,56.7,60.0,19,0.06,-1.66
30,110,1,11,off,47.8,360.0,408.0,-22.7,19.5,-47.1,27.0,37.4,19,0.785,-2.023
30,111,0,11,off,-29.2,360.0,331.0,-16.1,14.7,4.2,56.8,60.0,13,0.071,-1.666
30,112,1,11,off,-7.5,360.0,353.0,-42.2,0.0,-14.3,51.9,60.0,16,0.238,-1.749
30,113,0,11,off,-10.2,360.0,350.0,-19.4,18.6,-1.0,42.0,60.0,19,0.016,-1.638
30,114,1,11,off,-26.1,360.0,334.0,-5.7,0.0,-7.1,39.8,58.6,19,0.118,-1.689
30,115,0,11,off,-39.0,360.0,321.0,-19.4,18.6,-18.6,47.5,60.0,19,0.311,-1.786
30,116,1,11,off,81.5,360.0,442.0,24.8,0.0,-53.6,26.8,60.0,19,0.894,-2.077
30,117,0,11,off,-42.8,360.0,317.0,-8.5,24.8,3.1,52.2,60.0,17,0.052,-1.656
30,118,1,11,off,-35.8,360.0,324.0,0.0,0.0,41.7,1.5,43.2,2,0.695,-1.978
30,119,0,11,off,-81.4,360.0,279.0,9.3,10.7,19.5,38.2,59.7,19,0.326,-1.793
30,120,1,12,off,39.2,360.0,399.0,28.3,0.0,13.6,53.8,60.0,19,0.227,-1.744
30,121,0,12,off,55.3,360.0,415.0,-1.6,31.8,-35.1,48.2,60.0,19,0.585,-1.923
30,122,1,12,off,53.1,360.0,413.0,0.0,0.0,-18.6,37.8,56.9,19,0.31,-1.785
30,123,0,12,off,-6.5,360.0,353.0,0.2,33.5,21.4,51.7,60.0,11,0.357,-1.809
30,124,1,12,off,30.8,360.0,391.0,30.8,0.0,15.2,31.5,57.4,17,0.253,-1.757
30,125,0,12,off,5.8,360.0,366.0,-10.0,37.8,-42.2,35.6,59.6,19,0.703,-1.982
30,126,1,12,off,-7.6,360.0,352.0,-14.8,26.5,17.2,41.3,60.0,19,0.287,-1.774
30,127,0,12,off,-12.3,360.0,348.0,-25.8,33.7,-4.4,53.4,60.0,16,0.073,-1.667
30,128,1,12,off,-33.7,360.0,326.0,-41.3,0.0,3.6,44.2,60.0,19,0.06,-1.66
30,129,0,12,off,44.7,360.0,405.0,-25.8,33.7,-56.6,8.3,-24.6,19,0.943,-2.102
30,130,1,12,off,-12.0,360.0,348.0,-41.3,0.0,-3.4,50.1,60.0,19,0.057,-1.659
30,131,0,12,off,-5.4,360.0,355.0,-21.2,28.4,-14.4,43.7,59.8,17,0.24,-1.75
30,132,1,12,off,24.7,360.0,385.0,5.6,0.0,-48.3,19.8,3.0,19,0.805,-2.033
30,133,0,12,off,52.4,360.0,412.0,-34.4,11.6,-60.0,0.0,-59.8,19,1.0,-2.13
30,134,1,12,off,-23.2,360.0,337.0,-15.0,0.0,-5.2,53.4,60.0,11,0.087,-1.674
30,135,0,12,off,84.0,360.0,444.0,-32.4,12.8,0.4,46.2,60.0,19,0.007,-1.634
30,136,1,12,off,40.7,360.0,401.0,8.1,12.0,-16.8,49.3,59.9,19,0.28,-1.77
30,137,0,12,off,89.6,360.0,450.0,-7.1,28.9,60.0,0.0,60.0,19,1.0,-2.13
30,138,1,12,off,-46.0,360.0,314.0,-9.4,5.5,0.0,0.0,0.0,0,0.0,-1.63
30,139,0,12,off,-15.2,360.0,345.0,-4.7,33.0,5.6,46.7,60.0,18,0.094,-1.677
30,140,1,13,off,76.4,360.0,436.0,-14.9,0.0,-28.8,45.1,59.7,19,0.48,-1.87
30,141,0,13,off,-32.6,360.0,327.0,8.6,22.9,23.4,34.5,59.5,19,0.389,-1.825
30,142,1,13,off,6.2,360.0,366.0,-52.4,0.0,-14.2,44.4,60.0,19,0.237,-1.749
30,143,0,13,off,-22.3,360.0,338.0,13.0,23.6,24.3,36.5,59.8,19,0.405,-1.833
30,144,1,13,off,-60.8,360.0,299.0,38.4,0.0,15.7,38.5,59.3,17,0.261,-1.761
30,145,0,13,off,-24.8,360.0,335.0,-6.7,29.0,12.4,41.3,60.0,19,0.206,-1.733
30,146,1,13,off,0.3,360.0,360.0,-29.3,13.8,19.6,33.1,59.3,19,0.327,-1.794
30,147,0,13,off,-89.8,360.0,270.0,-13.6,28.5,2.3,32.9,54.6,19,0.038,-1.649
30,148,1,13,off,46.1,360.0,406.0,-43.1,0.0,-38.4,39.2,60.0,19,0.64,-1.95
30,149,0,13,off,54.3,360.0,414.0,-16.6,25.3,1.5,40.6,56.5,19,0.026,-1.643
30,150,1,13,off,16.5,360.0,377.0,-27.6,23.1,-1.1,55.7,60.0,11,0.019,-1.64
30,151,0,13,off,3.9,360.0,364.0,-13.5,28.6,0.0,0.0,0.0,0,0.0,-1.63
30,152,1,13,off,-22.7,360.0,337.0,-27.6,23.1,-38.9,43.2,60.0,19,0.649,-1.955
30,153,0,13,off,69.6,360.0,430.0,-23.3,26.7,-21.0,55.1,60.0,19,0.35,-1.805
30,154,1,13,off,-47.5,360.0,313.0,-4.5,0.0,0.0,0.0,0.0,0,0.0,-1.63
30,155,0,13,off,7.1,360.0,367.0,-23.3,26.7,-28.2,48.8,60.0,19,0.47,-1.865
30,156,1,13,off,-14.9,360.0,345.0,9.4,0.0,-28.7,47.1,60.0,20,0.478,-1.869
30,157,0,13,off,-44.8,360.0,315.0,-23.3,26.7,0.0,0.0,0.0,0,0.0,-1.63
30,158,1,13,off,10.9,360.0,371.0,22.8,0.0,-16.0,39.4,58.0,19,0.266,-1.763
30,159,0,13,off,21.2,360.0,381.0,7.2,36.5,-3.8,44.3,58.2,19,0.064,-1.662
30,160,1,14,off,31.6,360.0,392.0,25.5,0.0,-17.6,54.3,60.0,20,0.293,-1.777
30,161,0,14,off,0.2,360.0,360.0,12.3,36.4,18.7,38.0,58.8,17,0.312,-1.786
30,162,1,14,off,-27.7,360.0,332.0,-18.6,33.3,18.1,49.6,60.0,7,0.302,-1.781
30,163,0,14,off,-12.9,360.0,347.0,31.4,17.2,19.9,35.3,59.9,20,0.331,-1.796
30,164,1,14,off,1.6,360.0,362.0,8.4,6.2,-16.7,53.2,60.0,19,0.279,-1.77
30,165,0,14,off,-19.8,360.0,340.0,7.0,16.4,0.1,38.0,58.0,19,0.002,-1.631
30,166,1,14,off,7.2,360.0,367.0,-22.8,25.0,-2.9,48.6,60.0,20,0.049,-1.655
30,167,0,14,off,11.3,360.0,371.0,2.9,17.1,-21.4,53.1,60.0,19,0.357,-1.809
30,168,1,14,off,18.2,360.0,378.0,-22.8,25.0,-12.7,53.6,60.0,19,0.211,-1.736
30,169,0,14,off,8.4,360.0,368.0,2.9,17.1,-26.6,50.3,60.0,19,0.444,-1.852
30,170,1,14,off,39.8,360.0,400.0,-49.1,1.3,-50.8,19.3,11.4,19,0.846,-2.053
30,171,0,14,off,-29.5,360.0,330.0,-10.1,11.9,0.0,0.0,0.0,0,0.0,-1.63
30,172,1,14,off,22.5,360.0,383.0,-25.7,24.7,-27.0,50.7,60.0,19,0.451,-1.856
30,173,0,14,off,72.3,360.0,432.0,-0.1,28.9,15.8,49.1,60.0,19,0.263,-1.762
30,174,1,14,off,3.3,360.0,363.0,-1.0,0.0,-14.8,45.2,30.4,2,0.246,-1.753
30,175,0,14,off,39.3,360.0,399.0,-0.1,28.9,-12.7,56.2,60.0,19,0.211,-1.736
30,176,1,14,off,29.2,360.0,389.0,0.0,0.0,3.6,42.3,58.5,19,0.06,-1.66
30,177,0,14,off,24.3,360.0,384.0,2.4,29.2,-59.7,0.8,-57.3,19,0.995,-2.128
30,178,1,14,off,8.1,360.0,368.0,34.6,16.0,-45.0,26.3,23.6,19,0.751,-2.006
30,179,0,14,off,-26.0,360.0,334.0,6.2,31.5,29.0,31.8,56.2,17,0.483,-1.872
30,180,1,15,off,7.8,360.0,368.0,24.7,25.8,-53.7,26.8,60.0,19,0.895,-2.078
30,181,0,15,off,-30.9,360.0,329.0,0.5,36.7,21.1,30.7,56.0,20,0.352,-1.806
30,182,1,15,off,-52.2,360.0,308.0,24.7,25.8,5.7,37.0,58.9,18,0.095,-1.678
30,183,0,15,off,-23.1,360.0,337.0,-7.5,33.8,21.6,30.9,59.0,19,0.359,-1.81
30,184,1,15,off,-100.9,360.0,259.0,-45.2,14.8,12.9,39.3,56.1,19,0.215,-1.738
30,185,0,15,off,-19.9,360.0,340.0,-7.1,33.5,20.2,38.1,59.6,19,0.337,-1.799
30,186,1,15,off,-22.4,360.0,338.0,-60.0,0.0,-23.6,43.8,60.0,19,0.394,-1.827
30,187,0,15,off,-73.9,360.0,286.0,-14.3,33.9,26.3,26.4,56.3,19,0.438,-1.849
30,188,1,15,off,19.8,360.0,380.0,-44.9,15.1,-15.3,57.4,60.0,19,0.254,-1.757
30,189,0,15,off,2.0,360.0,362.0,-6.0,35.4,8.3,40.8,59.7,19,0.138,-1.699
30,190,1,15,off,-48.7,360.0,311.0,-44.9,15.1,26.9,47.1,60.0,10,0.449,-1.855
30,191,0,15,off,24.2,360.0,384.0,-3.5,28.0,-32.5,42.2,59.9,19,0.542,-1.901
30,192,1,15,off,-2.1,360.0,358.0,-6.1,23.7,-22.6,36.0,48.3,19,0.377,-1.819
30,193,0,15,off,-2.5,360.0,357.0,-19.4,6.5,4.9,49.7,58.8,19,0.082,-1.671
30,194,1,15,off,41.1,360.0,401.0,19.6,1.9,-42.8,33.1,43.0,19,0.714,-1.987
30,195,0,15,off,-28.7,360.0,331.0,-2.9,17.4,0.0,0.0,0.0,0,0.0,-1.63
30,196,1,15,off,-21.2,360.0,339.0,22.3,0.8,-30.1,42.0,58.5,19,0.502,-1.881
30,197,0,15,off,43.8,360.0,404.0,0.3,16.2,-57.7,4.8,-42.9,19,0.961,-2.111
30,198,1,15,off,-71.1,360.0,289.0,21.7,1.4,-0.9,49.3,59.7,11,0.016,-1.638
30,199,0,15,off,81.6,360.0,442.0,8.5,8.7,-60.0,0.0,-60.0,19,1.0,-2.13
30,200,1,16,off,42.1,360.0,402.0,20.3,0.0,11.5,36.6,60.0,19,0.191,-1.726
30,201,0,16,off,-67.5,360.0,292.0,4.1,5.1,32.0,28.8,60.0,14,0.534,-1.897
30,202,1,16,off,-0.0,360.0,360.0,17.7,7.4,0.0,0.0,0.0,0,0.0,-1.63
30,203,0,16,off,-29.5,360.0,330.0,0.8,9.6,-29.9,31.7,33.2,19,0.498,-1.879
30,204,1,16,off,82.4,360.0,442.0,6.1,4.2,-59.2,1.5,-54.5,19,0.987,-2.124
30,205,0,16,off,-47.4,360.0,313.0,-10.0,12.1,-10.6,45.3,57.8,17,0.177,-1.719
30,206,1,16,off,-62.6,360.0,297.0,1.9,0.0,0.0,0.0,0.0,0,0.0,-1.63
30,207,0,16,off,52.8,360.0,413.0,-25.3,15.4,-59.3,1.7,-54.2,19,0.989,-2.125
30,208,1,16,off,19.7,360.0,380.0,-3.5,0.0,14.0,51.2,60.0,19,0.234,-1.747
30,209,0,16,off,75.6,360.0,436.0,-28.6,13.6,-48.9,32.8,60.0,19,0.814,-2.037
30,210,1,16,off,-20.8,360.0,339.0,-30.5,10.7,0.7,37.1,60.0,17,0.012,-1.636
30,211,0,16,off,78.4,360.0,438.0,-33.1,12.8,-51.5,17.1,12.3,19,0.858,-2.059
30,212,1,16,off,-17.7,360.0,342.0,-30.5,10.7,-25.8,41.3,57.4,19,0.43,-1.845
30,213,0,16,off,9.0,360.0,369.0,-38.3,12.8,-37.1,25.8,31.8,19,0.618,-1.939
30,214,1,16,off,-83.9,360.0,276.0,-31.9,9.3,11.0,41.3,59.9,11,0.183,-1.722
30,215,0,16,off,-3.0,360.0,357.0,-13.1,27.1,-24.8,38.3,57.7,16,0.413,-1.837
30,216,1,16,off,35.6,360.0,396.0,-22.6,0.0,-36.6,33.3,59.8,19,0.611,-1.936
30,217,0,16,off,53.9,360.0,414.0,-3.0,21.4,-2.9,59.6,60.0,19,0.048,-1.654
30,218,1,16,off,2.4,360.0,362.0,20.7,17.0,-29.6,41.8,57.2,19,0.493,-1.877
30,219,0,16,off,21.0,360.0,381.0,2.7,20.3,0.0,0.0,0.0,0,0.0,-1.63
30,220,1,17,peak,-86.5,360.0,274.0,-1.3,28.5,-17.4,49.0,60.0,14,0.291,-1.776
30,221,0,17,peak,58.8,360.0,419.0,-0.1,23.4,-56.4,15.3,8.4,19,0.94,-2.1
30,222,1,17,peak,61.8,360.0,422.0,-20.8,8.6,-53.2,21.5,36.2,19,0.887,-2.074
30,223,0,17,peak,24.0,360.0,384.0,-1.7,25.9,7.8,43.8,60.0,19,0.13,-1.695
30,224,1,17,peak,8.0,360.0,368.0,-29.4,0.0,26.7,31.7,58.8,20,0.445,-1.853
30,225,0,17,peak,1.7,360.0,362.0,-5.3,30.4,-39.9,41.2,58.1,19,0.665,-1.963
30,226,1,17,peak,-79.9,360.0,280.0,3.0,0.0,15.9,43.2,59.9,16,0.266,-1.763
30,227,0,17,peak,-87.4,360.0,273.0,-6.7,27.3,1.0,51.5,60.0,18,0.017,-1.639
30,228,1,17,peak,-12.7,360.0,347.0,0.0,0.0,31.7,28.0,58.0,19,0.528,-1.894
30,229,0,17,peak,-64.3,360.0,296.0,-4.7,21.0,17.3,34.4,58.2,20,0.289,-1.775
30,230,1,17,peak,60.9,360.0,421.0,0.0,0.0,17.7,50.7,60.0,19,0.294,-1.777
30,231,0,17,peak,9.6,360.0,370.0,-9.4,26.3,-34.4,42.2,57.9,19,0.573,-1.917
30,232,1,17,peak,27.7,360.0,388.0,15.5,44.5,8.6,47.8,60.0,19,0.143,-1.702
30,233,0,17,peak,-74.8,360.0,285.0,-19.1,19.8,0.0,0.0,0.0,0,0.0,-1.63
30,234,1,17,peak,6.4,360.0,366.0,13.5,46.5,-1.4,53.2,60.0,15,0.024,-1.642
30,235,0,17,peak,79.5,360.0,440.0,-11.1,12.6,1.5,52.7,60.0,19,0.025,-1.643
30,236,1,17,peak,9.8,360.0,370.0,13.5,46.5,-19.8,38.4,59.4,19,0.331,-1.796
30,237,0,17,peak,97.6,360.0,458.0,-15.8,15.4,-46.7,30.2,59.1,19,0.778,-2.019
30,238,1,17,peak,39.6,360.0,400.0,-33.0,0.0,-60.0,0.0,-60.0,19,1.0,-2.13
30,239,0,17,peak,-57.9,360.0,302.0,-19.2,27.6,19.4,36.2,57.8,17,0.324,-1.792
30,240,1,18,peak,21.4,360.0,381.0,-33.0,0.0,-31.4,47.5,60.0,20,0.523,-1.892
30,241,0,18,peak,-42.3,360.0,318.0,-19.2,27.6,21.6,38.4,58.5,20,0.36,-1.81
30,242,1,18,peak,-21.3,360.0,339.0,32.7,20.7,-13.8,52.6,60.0,3,0.23,-1.745
30,243,0,18,peak,12.5,360.0,372.0,-11.4,29.8,34.8,31.8,60.0,19,0.579,-1.92
30,244,1,18,peak,4.9,360.0,365.0,53.4,0.0,-50.5,18.8,7.5,20,0.841,-2.051
30,245,0,18,peak,44.3,360.0,404.0,-10.9,33.2,-46.8,27.3,48.2,19,0.78,-2.02
30,246,1,18,peak,-30.4,360.0,330.0,-9.2,5.9,-1.8,48.8,60.0,16,0.03,-1.645
30,247,0,18,peak,-19.0,360.0,341.0,4.2,34.3,-35.2,35.2,41.0,19,0.587,-1.924
30,248,1,18,peak,-26.2,360.0,334.0,-15.6,32.4,26.3,29.2,59.8,19,0.439,-1.85
30,249,0,18,peak,-26.1,360.0,334.0,-14.8,31.7,-12.4,41.6,55.1,16,0.206,-1.733
30,250,1,18,peak,96.5,360.0,456.0,-21.8,38.2,-53.9,20.2,31.1,19,0.898,-2.079
30,251,0,18,peak,75.0,360.0,435.0,-4.9,27.9,-59.0,3.4,-44.7,19,0.984,-2.122
30,252,1,18,peak,-37.5,360.0,323.0,-26.2,31.8,0.0,0.0,0.0,0,0.0,-1.63
30,253,0,18,peak,-69.6,360.0,290.0,-21.0,31.6,0.0,0.0,0.0,0,0.0,-1.63
30,254,1,18,peak,58.8,360.0,419.0,-42.7,12.0,-9.8,50.3,59.9,19,0.164,-1.712
30,255,0,18,peak,40.6,360.0,401.0,-25.0,25.5,2.8,52.2,60.0,20,0.046,-1.653
30,256,1,18,peak,-9.4,360.0,351.0,-34.2,1.1,21.2,48.8,60.0,16,0.354,-1.807
30,257,0,18,peak,-49.6,360.0,310.0,-27.5,29.0,6.3,51.5,60.0,11,0.105,-1.683
30,258,1,18,peak,2.9,360.0,363.0,-42.1,11.1,-2.2,36.7,58.4,19,0.036,-1.648
30,259,0,18,peak,-30.7,360.0,329.0,-5.1,29.6,-28.5,31.6,34.8,19,0.475,-1.868
30,260,1,19,peak,27.4,360.0,387.0,-45.5,12.3,-34.4,48.4,60.0,19,0.574,-1.917
30,261,0,19,peak,-38.6,360.0,321.0,-4.5,28.6,-8.1,48.2,58.3,18,0.135,-1.698
