timestamp,bid_price_1,ask_price_1,bid_size_1,ask_size_1
0.0,100.00545664048134,100.01545664048133,1250.1845230036224,1249.8154769963776
1.0,99.97408132455134,99.98463801695517,1280.3915975368352,1218.9231698404515
2.0,99.93964667676062,99.95074922618389,1323.287258253031,1173.9736894311054
3.0,99.98744292925842,99.99906987583073,1467.847474746714,1025.9966955508548
4.0,99.96859609875138,99.98071577580832,1449.437917732215,1039.6358826346882
5.0,99.98384022502574,99.9964113754645,1655.8644357641522,827.0984773803818
6.0,99.95683568964738,99.96980826894928,1653.5682116935461,821.9600464540307
7.0,99.9868517479186,100.00016789820883,1682.981948628537,783.8082646200639
8.0,99.97708023302503,99.99067540921023,1532.3185196426784,924.454209178622
9.0,99.93643346430302,99.95023769036821,1487.859613497286,957.6436485968975
10.0,99.93229320656343,99.94623243757547,1527.087438599517,905.9252632927023
11.0,99.9465847217362,99.96058228504427,1633.4824711767565,785.8528127959556
12.0,99.9464711099638,99.96044919754527,1853.7452633303499,550.7632338571241
13.0,99.93721707715979,99.95109826006488,1476.1022915353478,912.4706891931378
14.0,99.94597910804765,99.95968784346593,1827.4944861260524,544.0779266126447
15.0,99.939042311664,99.95250641327914,1607.928504571392,745.6248860218818
16.0,99.9178248985421,99.93097694155652,1668.706135601134,665.8591675782951
17.0,99.89775669033105,99.9105353238129,1927.2890987756496,387.37109674926927
18.0,99.94071241678154,99.9530635577907,1742.416155812154,551.4764703340825
19.0,99.9465748234025,99.95845270965364,1627.455632250045,644.8638852574686
20.0,99.95726193917221,99.96863001974552,1675.7658779303015,574.2341220696986
21.0,99.96936275449853,99.98019440126181,1445.2671905320926,781.7280593376809
22.0,99.92166917708322,99.9319482029782,1731.6144555529106,471.75386598498955
23.0,99.93670317168073,99.94642414578576,1602.9508072643089,576.2331675083415
24.0,100.0160037533238,100.02517210656053,1342.5878318668892,811.9206653205847
25.0,99.97976898216116,99.98840090158787,1454.8883560006507,674.52116655061
26.0,100.00764699934261,100.01576911309148,1296.717536889394,807.2383085194855
27.0,100.03713357384169,100.0447824328325,1192.1750220785023,886.0422104416132
28.0,100.06473090445026,100.07195227096842,1135.281123562351,916.9831080714755
29.0,100.04465564856872,100.0515036055543,1246.2081556174867,779.959822503985
30.0,100.03400516750182,100.04054106588669,1024.3766332467535,975.6233667532467
31.0,99.99472467522403,100.00101593980577,945.2499511675851,1028.582070710943
32.0,99.98906642023556,99.99518523733045,794.805112633803,1152.9306557323703
33.0,100.02808737630545,100.03410928872398,901.2126469978502,1020.5701204820344
34.0,100.00114052739104,100.00714296408296,585.3766247283219,1310.6675298627986
35.0,99.92715989078455,99.93322065977252,750.6945310008587,1119.8959464478808
36.0,99.92243487580171,99.92863064973653,573.152199037882,1272.3393037746441
37.0,99.942307325132,99.9487121489468,712.6855674565697,1108.1304577707801
38.0,99.92774227327958,99.93442612298936,495.8745972847865,1300.7570811773135
39.0,99.97566079872368,99.98268821942176,465.4289992105858,1307.575750919641
40.0,99.95920586890233,99.96663471846358,413.2826554585879,1336.717344541412
41.0,99.9482954059437,99.95617572888676,466.3533855539157,1261.327096938571
42.0,99.90371453175823,99.91208758518593,386.6421551264606,1319.465218727303
43.0,99.88119703263858,99.89009448321532,388.16429821972696,1297.1755062553545
44.0,99.89713392209467,99.90657722969084,493.75832836801806,1171.6763684525529
45.0,99.91571933492263,99.92571933492262,368.0654169297715,1278.3811924769548
46.0,99.9453985612816,99.95595525368545,335.64222148376075,1292.7853657775422
47.0,99.95812923033769,99.96923177976096,371.73274477728353,1239.6942744942312
48.0,99.96336996337435,99.97499690994665,256.8834867972254,1338.6080160153008
49.0,99.88307655869333,99.89519623575028,233.12078247701518,1347.5439335502729
50.0,99.84209597724153,99.85466712768029,381.6779929759688,1185.309305131812
51.0,99.91412889013286,99.92710146943476,446.70561446643524,1107.791123439381
52.0,99.88728006134488,99.9005962116351,379.21998754593807,1164.0072836327615
53.0,99.89817085223473,99.91176602841992,503.37319536814243,1029.8365913832567
54.0,99.88727775043085,99.90108197649604,499.6832551380255,1024.7884867143978
55.0,99.90176083760305,99.9157000686151,613.8656852887036,903.1714015667621
56.0,99.89776712235196,99.91176468566003,492.75363716722626,1018.172562465871
57.0,99.85718000668113,99.87115809426261,628.2741338430026,877.8816958594286
58.0,99.82639268125823,99.84027386416332,688.8775682552129,813.8614840606504
59.0,99.83364846396402,99.8473571993823,794.7308971990824,705.9543354236307
60.0,99.81579369691035,99.82925779852549,758.0375837192141,741.9624162807859
61.0,99.74804005823565,99.76119210125007,782.8005439771133,717.8846886455998
62.0,99.76324055119348,99.77601918467532,735.2770944925556,767.4619578233077
63.0,99.79429451610353,99.8066456571127,688.713325891654,817.4425038107772
64.0,99.82117580631422,99.83305369256536,766.1707139656432,744.7554856674539
65.0,99.85040829073216,99.86177637130547,890.1521215281078,626.8849653273579
66.0,99.80123373679582,99.8120653835591,1020.6308078919851,503.8409339604381
67.0,99.85873798140085,99.86901700729584,1163.6446570797593,369.56512967163957
68.0,99.85910584838784,99.86882682249286,1080.9018943641513,462.3253768145482
69.0,99.83304277590177,99.8422111291385,1108.1815349601043,446.31520294571186
70.0,99.82242605272653,99.83105797215323,1259.9709110398398,307.0163870679407
71.0,99.80590773766309,99.81402985141196,1182.5799598954393,398.0847561318488
72.0,99.77061445357693,99.77826331256774,1155.0978051336137,440.3936976789125
73.0,99.77371427480486,99.78093564132303,1360.7127420497118,250.7142772218025
74.0,99.78642129634835,99.79326925333393,1353.954193196958,274.47339406434503
75.0,99.78674934162339,99.79328524000826,1207.3982222654229,439.04838714130335
76.0,99.79553805621173,99.80182932079346,1232.2212542315312,433.21344258903935
77.0,99.79368384444906,99.79980266154395,1258.0633224014446,427.27648207363654
78.0,99.77423496823872,99.78025688065725,1158.1501481219166,547.9572257318467
79.0,99.75726255214022,99.76326498883213,1469.337748570822,258.3427339216646
80.0,99.78088481110994,99.7869455800979,1181.0948778707946,568.9051221292053
81.0,99.73624814933994,99.74244392327476,1430.6659105772967,342.33883955292987
82.0,99.72442568518848,99.73083050900327,1243.005943900784,553.6257345613155
83.0,99.75654888057029,99.76323273028008,1053.0684898708914,767.7475353564588
84.0,99.76178769939962,99.7688151200977,1218.4568076178036,627.0346951947226
85.0,99.78293130057142,99.79036015013267,1108.065428787642,762.5250486610977
86.0,99.78094164682072,99.78882196976379,1098.747606575164,797.2965480159562
87.0,99.74097811988737,99.74935117331508,996.413666230916,925.3691012489686
88.0,99.72374306968466,99.7326405202614,1241.3068591831952,706.4289091829775
89.0,99.7267422547043,99.73618556230048,1078.1981402896934,895.6338815888352
90.0,99.71021024395574,99.72021024395573,947.0625756685381,1052.937424331462
91.0,99.69848309113705,99.70903978354089,1031.4403173865958,994.7276607348764
92.0,99.69913556703784,99.71023811646111,890.1442981208643,1162.1199335129622
93.0,99.72030064490706,99.73192759147936,1009.2047863969317,1069.0124461231837
94.0,99.69964861653304,99.71176829358998,864.9434840100569,1239.0123613988228
95.0,99.72938053102537,99.74195168146413,595.3443107898469,1534.0652117614136
96.0,99.71681934683004,99.72979192613194,853.9305741983741,1300.5779229890995
97.0,99.74013489742259,99.75345104771282,759.4502214530025,1419.7337533196473
98.0,99.7667802104659,99.78037538665109,761.2775044481425,1442.0908170897571
99.0,99.8140416801989,99.82784590626409,557.1569483354812,1669.8383015342922
100.0,99.83542014804655,99.8493593790586,420.8567185398079,1829.1432814601922
101.0,99.85517468799088,99.86917225129895,632.638576242842,1639.6809412646714
102.0,99.89918466998789,99.91316275756937,805.6149903912323,1488.2776357550044
103.0,99.83457295155549,99.84845413446058,375.6665614172779,1938.9936341076407
104.0,99.78747443009696,99.80118316551524,643.2190175193189,1691.3462856601102
105.0,99.80876247035687,99.82222657197201,527.7977082127076,1825.7556823805658
106.0,99.725375000413,99.73852704342742,303.2734493540683,2068.2989633846287
107.0,99.71412035087228,99.72689898435412,588.9441125724348,1799.6288681560504
108.0,99.70641989494105,99.71877103595021,537.9156586146461,1866.5928385728275
109.0,99.64381266167493,99.65569054792607,476.95758693095394,1942.3776970417578
110.0,99.59924844264559,99.6106165232189,612.7389767232421,1820.2737251689773
111.0,99.60790332501796,99.61873497178124,437.5285277590276,2007.9747343351562
112.0,99.6107341007123,99.6210131266073,717.2578821376524,1739.514846683648
113.0,99.58000922720784,99.58973020131286,633.0557932861872,1833.7344199624135
114.0,99.54015440000124,99.54932275323797,689.2278488870435,1786.3004092605333
115.0,99.50456621942926,99.51319813885597,929.1854927772874,1553.7774203672466
116.0,99.51108104389317,99.51920315764204,1019.3040978947186,1469.7697024721847
117.0,99.45832873959071,99.46597759858153,1338.0221771766542,1155.8219931209146
118.0,99.45494083325056,99.46216219976873,1238.8872296907725,1258.3737179933642
119.0,99.40285971533248,99.40970767231806,1175.7098797262918,1323.6048876509951
120.0,99.42621298447888,99.43274888286375,1180.9709280913003,1319.0290719086997
121.0,99.42652166785717,99.4328129324389,1309.132640158746,1190.182127218541
122.0,99.46576488304216,99.47188370013704,1347.8534292065183,1149.4075184776184
123.0,99.38868509493044,99.39470700734897,1455.6351942150502,1038.2089760825186
124.0,99.32104789551643,99.32705033220834,1419.5890395136198,1069.4847608532832
125.0,99.3029603594704,99.30902112845837,1098.4967971265598,1384.4661160179742
126.0,99.3008117449278,99.30700751886262,1835.986760132824,639.5414980147527
127.0,99.273785534744,99.28019035855878,1513.7659786540667,953.0242345945343
128.0,99.28080752826612,99.28749137797591,1897.1238831853364,559.6488456359641
129.0,99.28548390025446,99.29251132095254,1773.869336335406,671.633925758778
130.0,99.318482129279,99.32591097884026,1801.5510224747588,631.4616794174606
131.0,99.33143124369734,99.3393115666404,1897.675884318765,521.6593996539468
132.0,99.35602171870423,99.36439477213193,1680.6755545100832,723.8329426773907
133.0,99.3981521092107,99.40704955978744,1738.7277012323452,649.8452794961402
134.0,99.39835475238274,99.40779805997892,1653.5325525329606,718.0398602057368
135.0,99.35628498817476,99.36628498817475,1822.9647905308007,530.5886000624732
136.0,99.41355480376072,99.42411149616456,2046.9744520573142,287.59085112211494
137.0,99.45014634264244,99.46124889206571,1715.5695770560174,599.0906184689012
138.0,99.36464140602793,99.37626835260023,1799.0107683968804,494.881857749356
139.0,99.36933265922993,99.38145233628687,1741.1622894469149,531.1572280605984
140.0,99.33816597134037,99.35073712177913,1672.087561310684,577.9124386893167
141.0,99.33755342429754,99.35052600359944,1572.9687253575846,654.0265245121888
142.0,99.35364217016823,99.36695832045845,1709.0436963036477,494.3246252342524
143.0,99.41354657726674,99.42714175345193,1489.8593023804642,689.3246723921857
144.0,99.40384398844574,99.41764821451093,1353.73385379149,800.774643395984
145.0,99.46060174102863,99.47454097204067,1125.381645349143,1004.0278772021182
146.0,99.49155870818744,99.50555627149551,1409.0455689620817,694.9102764467984
147.0,99.49899023095153,99.51296831853301,1299.121814736962,779.0954177831534
148.0,99.49245739219788,99.50633857510297,1170.0062051097545,882.258026524072
149.0,99.49490983216243,99.50861856758071,1046.5751311805036,979.5928469409688
150.0,99.51318886094042,99.52665296255556,1181.4195413876537,818.5804586123465
151.0,99.49436615601398,99.50751819902841,923.2541351469639,1050.5778867315648
152.0,99.5477050393076,99.56048367278945,788.2961430371903,1159.4396253289833
153.0,99.545626494866,99.55797763587516,856.003487497555,1065.7792799823292
154.0,99.50392142693633,99.51579931318747,696.5620892966873,1199.4820652944336
155.0,99.52885981698549,99.5402278975588,670.584812512534,1200.005664936206
156.0,99.51522586623686,99.52605751300014,580.9733128310269,1264.5181899814995
157.0,99.51199009702317,99.52226912291816,551.2102132273421,1269.6058120000077
158.0,99.49640636728341,99.50612734138844,359.42428853478765,1437.2073899273123
159.0,99.51660876609903,99.52577711933576,401.15401849469754,1371.8507316355287
160.0,99.5269801627801,99.53561208220681,377.31241338942914,1372.6875866105713
161.0,99.50602943013621,99.51415154388508,587.8281605919719,1139.8523219005149
162.0,99.50667631701641,99.51432517600723,345.2562189101132,1360.8511549436503
163.0,99.46170337109865,99.46892473761682,389.12417748157566,1296.2156269935058
164.0,99.52245466400049,99.52930262098607,423.28962004645325,1242.1450767741183
165.0,99.50672017303079,99.51325607141565,344.95242994936604,1301.4941794573606
166.0,99.50777149728,99.51406276186174,266.75363068898963,1361.6739565723128
167.0,99.45773934312501,99.4638581602199,251.69013380180735,1359.736885469707
168.0,99.41452556952386,99.42054748194239,502.9619345535711,1092.5295682589554
169.0,99.46096516867784,99.46696760536976,495.785688698477,1084.8790273288112
170.0,99.47359028034694,99.4796510493349,434.6863528682097,1132.3009452395709
171.0,99.45897374993717,99.46516952387199,613.4905057317748,941.0062321740413
172.0,99.40787279191443,99.41427761572922,401.32369821509394,1141.903572963606
173.0,99.45109387253338,99.45777772224316,488.3142971733475,1044.8954895780516
174.0,99.41194628406913,99.41897370476721,603.5913814453695,920.8803604070539
175.0,99.39054909681556,99.39797794637681,472.0677731576684,1044.9693136977976
176.0,99.37689951401055,99.38477983695361,612.9578411532102,897.9683584798872
177.0,99.38376777319635,99.39214082662406,644.4653478815117,861.6904818209194
178.0,99.37967603286145,99.3885734834382,638.5106222309627,864.2284300849007
179.0,99.37402457432344,99.38346788191961,725.8067357569962,774.8784968657168
180.0,99.43832110724135,99.44832110724134,795.3168778494642,704.6831221505357
181.0,99.4410160893688,99.45157278177264,846.7821485979985,653.9030840247148
182.0,99.45643150242518,99.46753405184845,685.2619277649899,817.4771245508734
183.0,99.40593890951124,99.41756585608354,705.1504831224829,801.0053465799481
184.0,99.42953265090728,99.44165232796422,1001.9418989368035,508.9843006962935
185.0,99.37534503582101,99.38791618625977,953.4633615946858,563.57372526078
186.0,99.35603715722048,99.36900973652239,974.6863037377818,549.7854381146415
187.0,99.43932908963797,99.45264523992819,1107.316859678016,425.89292707338313
188.0,99.41968661964161,99.4332817958268,1107.0813925928674,436.14587858583224
189.0,99.42516098689198,99.43896521295717,1013.915183461699,540.5815544441172
190.0,99.39054958900262,99.40448882001466,1140.0606598176698,426.9266382901109
191.0,99.35846871938377,99.37246628269183,1198.4699695788956,382.19474644839204
192.0,99.40446435069806,99.41844243827954,1321.4929259138053,273.9985768987208
193.0,99.39933312321625,99.41321430612135,1344.0520645019808,267.37495476953393
194.0,99.40638492075638,99.42009365617466,1309.8497573039763,318.5778299573262
195.0,99.40538345106529,99.41884755268043,1237.586624278659,408.85998512806657
196.0,99.36436961062937,99.3775216536438,1158.3274933142354,507.107203506335
197.0,99.36523351681033,99.37801215029218,1376.3318709946752,309.0079334804059
198.0,99.41153479729985,99.42388593830901,1321.4245762263033,384.6827976274598
199.0,99.39444602166365,99.4063239079148,1118.2188208191433,609.4616616733431
200.0,99.41430508889259,99.4256731694659,1310.1848841350934,439.81511586490655
201.0,99.45963787214525,99.47046951890853,1240.8466054020666,532.1581447281602
202.0,99.42542201211783,99.43570103801282,1288.1642941193313,508.46738434276824
203.0,99.46207322313126,99.47179419723628,1143.7730627049655,677.0429625223842
204.0,99.40181292029156,99.4109812735283,1272.4125614645482,573.0789413479778
205.0,99.4304419519456,99.4390738713723,1343.7624974903028,526.8279799584366
206.0,99.42585857491586,99.43398068866473,1312.921758966055,583.1223956250648
207.0,99.39463114605296,99.40228000504378,1090.1068685446155,831.6758989352685
208.0,99.39252771353907,99.39974908005723,1381.7071772558788,566.028591110295
209.0,99.37854291898925,99.38539087597484,1231.665889657594,742.1661322209344
210.0,99.32624173074382,99.33277762912869,1019.6609430799724,980.3390569200274
211.0,99.36263775271743,99.36892901729917,908.2959377627116,1117.8720403587602
212.0,99.40016271129483,99.40628152838971,754.6578974635253,1297.6063341703016
213.0,99.36150694832136,99.3675288607399,904.5536008970939,1173.6636316230215
214.0,99.34533670662425,99.35133914331617,753.3247291501477,1350.6311162587315
215.0,99.32402145652996,99.33008222551793,765.5841349389207,1363.8253876123395
216.0,99.31079048211504,99.31698625604986,622.053531718467,1532.4549654690065
217.0,99.26106940810907,99.26747423192386,554.3314466902468,1624.8525280824024
218.0,99.28573041066585,99.29241426037564,645.0241427827427,1558.3441787551565
219.0,99.28103800447496,99.28806542517304,413.6822376073345,1813.313012262439
220.0,99.23886248345163,99.24629133301288,501.40269511020324,1748.5973048897972
221.0,99.21380505159462,99.22168537453769,681.6532681469164,1590.6662493605968
222.0,99.18210576033331,99.19047881376102,753.2169833357301,1540.6756428105064
223.0,99.17048506547202,99.17938251604876,588.3855324598102,1726.2746630651088
224.0,99.18479370237048,99.19423700996666,423.1753770848664,1911.3899260945627
225.0,99.19732438221541,99.2073243822154,507.6639272629016,1845.8894633303719
226.0,99.15231354113351,99.16287023353735,530.4472023339891,1841.1252104047073
227.0,99.14705406965763,99.1581566190809,537.1548443513569,1851.4181363771281
228.0,99.1085917237106,99.12021867028291,711.6557320518074,1692.8527651356662
229.0,99.04412589629912,99.05624557335607,596.1610071063416,1823.1742768663696
230.0,99.00033063280269,99.01290178324145,732.1728323252638,1700.8398695669557
231.0,98.99370811112313,99.00668069042503,413.62937778837096,2031.873884305813
232.0,98.93217264515329,98.94548879544351,889.2934298779783,1567.4792989433222
233.0,98.90383082257028,98.91742599875548,618.4414460355948,1848.3487672130059
234.0,98.91085277973305,98.92465700579824,669.8513516562193,1805.6769064913574
235.0,98.88040757754594,98.89434680855798,779.7942506153504,1703.1686625291836
236.0,98.85018401380621,98.86418157711428,1053.2409927812957,1435.8328075856073
237.0,98.81596471859578,98.82994280617726,1099.7531893462276,1394.0909809513412
238.0,98.75245927901011,98.7663404619152,924.2262231953474,1573.0347244887892
239.0,98.73911503914239,98.75282377456067,1456.9176590529494,1042.3971083243375
240.0,98.74249501646658,98.75595911808172,1286.5900051922613,1213.4099948077387
241.0,98.74650577242828,98.75965781544271,1345.488691839303,1153.8260755379838
242.0,98.71363806741732,98.72641670089916,1677.3321075071458,819.9288401769908
243.0,98.68591093748998,98.69826207849914,1225.804080758477,1268.0400895390917
244.0,98.71324099329343,98.72511887954457,1323.6148650757495,1165.4589352911532
245.0,98.68280165552558,98.69416973609889,1705.1069772716899,777.8559358728447
246.0,98.67817853137808,98.68901017814136,1431.3870712147932,1044.1411869327835
247.0,98.58500294920564,98.59528197510063,1893.208081232578,573.5821320160231
248.0,98.55797351898312,98.56769449308814,1808.0924351930976,648.6802936282033
249.0,98.52983010257398,98.53899845581071,1919.4796732648601,526.0235888293241
250.0,98.48840999883924,98.49704191826595,1754.2801030513174,678.732598840902
251.0,98.54463325337497,98.55275536712384,1675.6062868080232,743.7289971646886
252.0,98.53824768040913,98.54589653939995,1949.5160095164854,454.99248767098857
253.0,98.48406146091357,98.49128282743173,1712.0819334676817,676.4910472608041
254.0,98.49105901340805,98.49790697039363,1778.3807724903202,593.191640248377
255.0,98.49684244375857,98.50337834214344,1812.1342925772576,541.4190980160159
256.0,98.50411413129814,98.51040539587987,1648.634866939146,685.9304362402836
257.0,98.55607249640317,98.56219131349806,1774.5809659391332,540.0792295857858
258.0,98.56060776152259,98.56662967394112,2003.8174001171708,290.0752260290658
259.0,98.57089650992336,98.57689894661527,1602.5457133206037,669.7738041869098
260.0,98.5524029779671,98.55846374695507,1578.824346432274,671.1756535677267
261.0,98.52332184366507,98.5295176175999,1601.1219843234585,625.8732655463153
262.0,98.52708058754638,98.53348541136117,1632.1037315290805,571.2645900088193
263.0,98.52869920746592,98.53538305717571,1523.2744741004399,655.90950067221
264.0,98.50252391680789,98.50955133750597,1331.4984835814198,823.010013606054
265.0,98.48746652540072,98.49489537496197,1327.1831036415333,802.2264189097272
266.0,98.49124716312447,98.49912748606754,1316.8378902186143,787.1179551902652
267.0,98.4974885698427,98.5058616232704,1045.844676473559,1032.3725560465573
268.0,98.47621477414327,98.48511222472001,978.1175264474682,1074.1467051863592
269.0,98.40376874807502,98.4132120556712,1035.5422595219065,990.6257185995655
270.0,98.40903992017279,98.41903992017278,1010.9808937431984,989.0191062568018
271.0,98.39425128768524,98.40480798008907,911.4627704477298,1062.3692514307993
272.0,98.35901175571705,98.37011430514032,818.8438263254874,1128.891942040686
273.0,98.33701593580318,98.34864288237549,766.4805803360192,1155.3021871438652
274.0,98.29187620575479,98.30399588281173,746.3750259630208,1149.6691286280993
275.0,98.2928911132418,98.30546226368055,704.5305824979248,1166.0598949508153
276.0,98.27329232217656,98.28626490147846,608.763581811593,1236.7279210009335
277.0,98.21005576144749,98.22337191173771,635.7005462358078,1185.1154789915422
278.0,98.21298770982163,98.22658288600682,580.7834202940429,1215.8482581680569
279.0,98.21989858977821,98.2337028158434,522.1905079896176,1250.8142421406096
280.0,98.20378173723378,98.21772096824583,389.5926117364902,1360.4073882635103
281.0,98.20910239346215,98.22309995677021,495.8417052636802,1231.8387772288065
282.0,98.14958104119783,98.16355912877931,427.9978900945871,1278.1094837591766
283.0,98.18112546384457,98.19500664674966,443.72070744282416,1241.6190970322573
284.0,98.18088946724222,98.1945982026605,478.12426501866577,1187.310431801905
285.0,98.20573449036905,98.2191985919842,216.57240778954153,1429.8742016171846
286.0,98.10626645841262,98.11941850142705,354.46178796135365,1273.9657992999491
287.0,98.04527051637933,98.05804914986118,408.7253367289621,1202.7016825425528
288.0,98.01481595868904,98.0271670996982,256.35244325817393,1339.1390595543526
289.0,97.99048241741336,98.0023603036645,513.922261751837,1066.7424542754509
290.0,98.04396135446324,98.05532943503654,435.78309952509807,1131.204198582683
291.0,98.03240907505793,98.0432407218212,580.0792862900885,974.4174516157278
292.0,97.98409165016555,97.99437067606054,433.8689516151314,1109.3583195635683
293.0,97.99068674389093,98.00040771799596,420.5925599980921,1112.6172267533072
294.0,97.98621071831599,97.99537907155272,552.0156407175386,972.4561011348846
295.0,97.95416917567768,97.96280109510438,640.4750045004921,876.5620823549738
296.0,97.9755143636547,97.98363647740356,581.3784619519198,929.5477376811774
297.0,98.00728404829688,98.0149329072877,677.8741699973237,828.2816597051076
298.0,97.99369394714331,98.00091531366148,701.246430609823,801.4926217060404
299.0,97.95679150624933,97.96363946323491,739.8171225581262,760.8681100645869
300.0,97.9749415605353,97.98147745892017,602.4486601611181,897.5513398388819
301.0,97.98082583165314,97.98711709623487,788.515407654164,712.169824968549
302.0,97.96742784328791,97.9735466603828,684.2191103717383,818.519941944125
303.0,97.93465732481322,97.94067923723175,826.8618480987128,679.2939816037182
304.0,97.92290808364784,97.92891052033976,720.0344134396134,790.8917861934835
305.0,97.93336263198842,97.93942340097638,1048.7857758709133,468.2513109845525
306.0,97.93691889421264,97.94311466814746,953.6853554726649,570.7863863797583
307.0,97.8442867124915,97.85069153630629,1118.3522291819927,414.85755756940677
308.0,97.86803744616743,97.87472129587722,1075.4637181777366,467.7635530009624
309.0,97.93039590756672,97.9374233282648,1186.7142989516408,367.7824389541749
310.0,97.94723631426632,97.95466516382757,1263.3987508503092,303.5885472574712
311.0,97.98165496266837,97.98953528561144,1216.074221721085,364.59049430620286
312.0,97.98652687955888,97.99489993298658,1163.4019655372688,432.08953727525727
313.0,98.05865680919035,98.06755425976709,1326.7924955454296,284.6345237260847
314.0,98.06491007197755,98.07435337957372,1244.0168720686117,384.41071519269116
315.0,98.11707193128835,98.12707193128834,1295.6033448159799,350.8432645907465
316.0,98.17431965687537,98.18487634927921,1285.1738583617998,380.2608384587712
317.0,98.17423051356332,98.18533306298659,1198.2616977849254,487.0781066901562
318.0,98.20567605230778,98.21730299888009,1278.9844720589372,427.12290179482665
319.0,98.1594556037059,98.17157528076284,1406.2293290775967,321.45115341488895
320.0,98.17873368090355,98.19130483134231,1195.687374861083,554.3126251389164
321.0,98.13006385211777,98.14303643141967,1210.8878751227317,562.1168750074943
322.0,98.15070218434347,98.1640183346337,1377.430122305115,419.2015561569842
323.0,98.1407184064116,98.15431358259679,1299.3371680203923,521.4788572069573
324.0,98.13721267477177,98.15101690083696,1334.9865709904514,510.50493182207475
325.0,98.1110034612754,98.12494269228745,1315.5603127636405,555.030164685099
326.0,98.12256663760066,98.13656420090872,1062.9307904314824,833.1133641596379
327.0,98.14588789767276,98.15986598525424,1043.2200668778003,878.5627006020843
328.0,98.11381547457667,98.12769665748176,1115.626001450809,832.1097669153625
329.0,98.10239121640426,98.11609995182253,1052.2839260243431,921.5480958541851
330.0,98.0801357453187,98.09359984693384,1109.8999395012477,890.1000604987512
331.0,98.12194397871548,98.13509602172991,901.4508193910893,1124.7171587303817
332.0,98.18745121911248,98.20022985259432,1184.4435495707282,867.8206820630991
333.0,98.19602196751416,98.20837310852332,870.3858636153664,1207.8313689047482
334.0,98.18788308917347,98.19976097542461,1010.2247987977254,1093.7310466111553
335.0,98.19002678326677,98.20139486384008,647.168122927532,1482.2413996237283
336.0,98.15418416265173,98.16501580941501,787.3652648494455,1367.1432323380282
337.0,98.09947724005566,98.10975626595065,473.3519150847662,1705.8320596878837
338.0,98.06348230897223,98.07320328307725,739.3643232048692,1464.0039983330312
339.0,98.06458165407228,98.07375000730902,599.1496907646308,1627.8455591051413
340.0,98.04484785170085,98.05347977112756,672.730800086164,1577.269199913836
341.0,98.00705166452106,98.01517377826993,633.2907712259337,1639.0287462815788
342.0,97.96406337790117,97.97171223689199,497.2164042076416,1796.6762219385942
343.0,97.95337381971663,97.9605951862348,691.8876772303835,1622.7725182945358
344.0,97.93413997263343,97.94098792961901,425.2364697503388,1909.3288334290892
345.0,97.94736853205762,97.95390443044249,498.23852382764517,1855.3148667656292
346.0,97.90198683066372,97.90827809524545,310.12651190923384,2061.4459008294625
347.0,97.97644902657734,97.98256784367223,497.59462864475796,1890.9783520837273
348.0,97.9627343363739,97.96875624879243,711.2540741015564,1693.254423085917
349.0,98.02617455401308,98.032176990705,705.2240759237492,1714.1112080489627
350.0,98.00636444123408,98.01242521022205,602.9452622945844,1830.067439597634
351.0,98.01473424126605,98.02093001520088,856.5055771732491,1588.997684920935
352.0,97.99195936648462,97.99836419029941,825.2672099683281,1631.505518852972
353.0,98.04485067691557,98.05153452662536,1064.2751053676623,1402.5151078809388
354.0,98.06560504152151,98.07263246221959,921.6785882258118,1553.849669921765
355.0,98.08294718182403,98.09037603138528,598.0572423519811,1884.9056707925527
356.0,98.08921108572612,98.09709140866919,937.1385457196078,1551.935254647295
357.0,98.07316687461248,98.08153992804019,1137.1128674557774,1356.7313028417914
358.0,98.08401459507697,98.0929120456537,852.5533427366912,1644.7076049474456
359.0,98.06736035814183,98.076803665738,1066.636695778031,1432.6780715992559
360.0,98.05306026992497,98.06306026992496,1159.3235233858697,1340.6764766141303
361.0,98.09348670994417,98.10404340234801,975.1678149053399,1524.1469524719469
362.0,98.12806863359268,98.13917118301595,1429.373433660038,1067.8875140240987
363.0,98.13106046596106,98.14268741253336,1755.0931687065822,738.7510015909864
364.0,98.1067862195677,98.11890589662464,1253.7624070393192,1235.3113933275838
365.0,98.08978490377456,98.10235605421332,1403.086913183172,1079.875999961362
366.0,98.02331523316593,98.03628781246783,1649.7411037856,825.7871543619771
367.0,97.97702813467635,97.99034428496657,1738.000346906009,728.7898663425916
368.0,97.98008782848764,97.99368300467283,1774.2978302187196,682.4748986025812
369.0,97.98505145625116,97.99885568231635,1720.807225113916,724.6960369802681
370.0,97.97103551502526,97.98497474603731,1717.1481169189071,715.8645849733126
371.0,97.97717612692296,97.99117369023102,1573.1960361174044,846.1392478553078
372.0,98.05064185187605,98.06461993945753,2097.386793488852,307.1217036986217
373.0,98.08746147426137,98.10134265716647,2026.2256139839853,362.3473667445002
374.0,98.14895518142481,98.16266391684309,1738.136600370299,633.435812368398
375.0,98.15500855384306,98.1684726554582,1816.0779259461722,537.4754646471017
376.0,98.1678977131574,98.18104975617183,1764.9778114487585,569.5874917306703
377.0,98.17434682024823,98.18712545373008,1719.5094333210045,595.1507622039153
378.0,98.17050522337352,98.18285636438269,1597.614999891953,696.2776262542834
379.0,98.17573170822274,98.18760959447388,2017.9524101216539,254.36710738586032
380.0,98.20774030338617,98.21910838395948,1628.6340423474317,621.3659576525673
381.0,98.17807679216673,98.18890843893001,1703.5778369033083,523.4174129664657
382.0,98.21960660461284,98.22988563050782,1524.5883206577482,678.7800008801522
383.0,98.23152497094604,98.24124594505106,1525.867178572162,653.3167962004887
384.0,98.21625236088214,98.22542071411887,1626.3996930626013,528.1088041248726
385.0,98.20815866684998,98.21679058627669,1368.0705644460825,761.338958105178
386.0,98.14736381895781,98.15548593270668,1475.4433681848564,628.5124772240233
387.0,98.13733259184879,98.14498145083961,1132.1528368571685,946.064395662947
388.0,98.16140774061462,98.16862910713279,1225.1773086723729,827.0869229614553
389.0,98.11223826160816,98.11908621859374,1240.9407269576814,785.2272511637904
390.0,98.10755326485929,98.11408916324416,1090.0570010836611,909.9429989163402
391.0,98.12935233010477,98.1356435946865,851.3476187682735,1122.4844031102539
392.0,98.05773753165255,98.06385634874744,754.9733724135735,1192.7623959526006
393.0,98.00466007731465,98.01068198973319,754.8901409788509,1166.8926265010346
394.0,98.01587137503365,98.02187381172557,662.1222698292777,1233.9218847618433
395.0,98.06740944674665,98.07347021573462,713.1064732619056,1157.4840041868345
396.0,98.01286379691571,98.01905957085053,602.3310937067646,1243.1604091057623
397.0,97.97766430388567,97.98406912770047,492.75519018971596,1328.0608350376342
398.0,97.98716500296226,97.99384885267204,399.8685215572815,1396.7631569048185
399.0,97.91242177449465,97.91944919519273,423.4048572163264,1349.5998929139002
400.0,97.90214748743095,97.9095763369922,531.402168756256,1218.5978312437437
401.0,97.90133222062155,97.90921254356462,466.7937586347031,1260.8867238577848
402.0,97.89713607165304,97.90550912508074,471.4976876707129,1234.6096861830501
403.0,97.90638349575066,97.9152809463274,514.3346286490155,1171.0051758260668
404.0,97.91600978781318,97.92545309540935,416.4095302138755,1249.025166606696
405.0,97.90421539316168,97.91421539316167,226.55391077334525,1419.8926986333815
406.0,97.90165204136042,97.91220873376426,343.51271120370063,1284.914876057603
407.0,97.95028552082059,97.96138807024386,240.88861541837665,1370.538403853137
408.0,97.89946817852379,97.9110951250961,390.45311263342927,1205.0383901790972
409.0,97.88352553575429,97.89564521281123,231.1592237629275,1349.5054922643608
410.0,97.84954265084035,97.86211380127911,401.8734629919484,1165.1138351158324
411.0,97.82167412167169,97.8346467009736,439.99588102112193,1114.5008568846943
412.0,97.79180537058751,97.80512152087773,507.3123047877698,1035.9149663909304
413.0,97.82169596844739,97.83529114463258,480.9358196321374,1052.2739671192617
414.0,97.78312534229096,97.79692956835615,751.0450113757809,773.4267304766429
415.0,97.75592509678359,97.76986432779563,507.64541312382505,1009.3916737316412
416.0,97.71326011434668,97.72725767765475,657.5658435922153,853.3603560408816
417.0,97.71201676787973,97.72599485546121,581.3142530009545,924.8415767014767
418.0,97.67751974070993,97.69140092361502,577.2074387647147,925.5316135511487
419.0,97.6039228335584,97.61763156897668,664.3793133072536,836.3059193154595
420.0,97.5898367996371,97.60330090125224,619.9069604633993,880.0930395366008
421.0,97.58259448770082,97.59574653071525,806.8271562641896,693.8580763585236
422.0,97.56973440060054,97.58251303408238,677.3409837755127,825.3980685403507
423.0,97.58897434997336,97.60132549098252,953.2248358429579,552.9309938594729
424.0,97.56459124234682,97.57646912859796,917.3251562405615,593.6010433925358
425.0,97.54991671430402,97.56128479487732,1024.565861544246,492.4712253112196
426.0,97.52972157780712,97.5405532245704,901.7037540338536,622.7679878185698
427.0,97.5417735618824,97.55205258777738,1181.9692623604894,351.24052439090997
428.0,97.53549933127981,97.54522030538483,1194.3339098729675,348.89336130573156
429.0,97.52509657965018,97.53426493288691,1210.5933008320287,343.90343707378753
430.0,97.62023748866417,97.62886940809088,1141.8814198763926,425.10587823138786
431.0,97.61171548237046,97.61983759611932,1260.191139145351,320.4735768819368
432.0,97.63353296568825,97.64118182467907,1206.9117804155665,388.5797223969595
433.0,97.62613634484103,97.6333577113592,1356.2060585424153,255.22096072909906
434.0,97.62847498185977,97.63532293884535,1089.4414663970795,538.9861208642221
435.0,97.6386312644704,97.64516716285527,1277.5160023170993,368.9306070896269
436.0,97.65911651163924,97.66540777622097,1419.7746342817572,245.66006253881238
437.0,97.63344048596343,97.63955930305832,1378.2129307357613,307.1268737393204
438.0,97.71587974400244,97.72190165642097,1388.1139219134477,317.99345194031616
439.0,97.7351022510997,97.74110468779162,1377.9971896620511,349.6832928304342
440.0,97.80621047243321,97.81227124142117,1307.9434853540738,442.0565146459267
441.0,97.81068742229607,97.81688319623089,1182.326062447813,590.6786876824127
442.0,97.84182029007579,97.84822511389058,1315.0935738024612,481.538104659638
443.0,97.85994365566567,97.86662750537546,1197.680419106882,623.1356061204673
444.0,97.86924646639949,97.87627388709757,1190.2786368299858,655.2128659825403
445.0,97.83482604102926,97.84225489059051,1177.6760787190751,692.9143987296642
446.0,97.86897216087448,97.87685248381754,1157.697564432109,738.3465901590113
447.0,97.86413526251675,97.87250831594446,1012.6999104568428,909.0828570230399
448.0,97.82821332017329,97.83711077075003,1162.9200238999747,784.8157444661988
449.0,97.7947526285582,97.80419593615437,1065.2843025777875,908.5477193007409
450.0,97.8749173560679,97.88491735606789,1136.1556601000552,863.8443398999434
451.0,97.86919446154245,97.87975115394629,1200.6868611966065,825.481116924866
452.0,97.87583003824581,97.88693258766908,999.9374928279251,1052.3267388059005
453.0,97.92800127312844,97.93962821970075,875.2342884410555,1202.9829440790609
454.0,97.96118900756355,97.97330868462049,650.1153049981799,1453.8405404106988
455.0,98.00294095907188,98.01551210951064,765.6535548971701,1363.7559676540895
456.0,97.97485727683207,97.98782985613397,753.2012134877463,1401.307283699727
457.0,97.99473646794075,98.00805261823098,724.834738491109,1454.349236281541
458.0,98.00554807128714,98.01914324747233,656.1212077026393,1547.247113835259
459.0,97.92532673375098,97.93913095981617,548.3303606664335,1678.66488920334
460.0,97.94060208917314,97.95454132018519,710.6499652177795,1539.3500347822205
461.0,97.93641237310639,97.95040993641446,585.4988041584769,1686.8207133490357
462.0,97.91236340037716,97.92634148795864,689.6294658139907,1604.2631603322463
463.0,97.89884548154008,97.91272666444517,436.5851089795404,1878.0750865453776
464.0,97.84074192044282,97.8544506558611,695.3556686005224,1639.2096345789068
465.0,97.81166835070196,97.8251324523171,697.8516440911336,1655.7017465021395
466.0,97.84756459471089,97.86071663772532,380.54694131953255,1991.025471419164
467.0,97.79150935289654,97.80428798637838,537.8970907861979,1850.6758899422873
468.0,97.813845076393,97.82619621740216,521.6231917176075,1882.885305469866
469.0,97.78939715692859,97.80127504317973,774.9117625291124,1644.4235214435985
470.0,97.80721471509715,97.81858279567045,696.3823929402377,1736.6303089519815
471.0,97.81163724526594,97.82246889202922,584.0906922749201,1861.4125698192636
472.0,97.78403262352462,97.79431164941961,721.6094231939414,1735.163305627359
473.0,97.77874432533893,97.78846529944396,706.637235429945,1760.1529778186562
474.0,97.75153585440448,97.76070420764121,842.0515926205899,1633.4766655269864
475.0,97.78340348905431,97.79203540848101,836.6177015833196,1646.345211561215
476.0,97.80731069033075,97.81543280407962,998.0614728515225,1491.0123275153799
477.0,97.82302495258969,97.83067381158051,1214.8254639250201,1279.0187063725489
478.0,97.7929605294335,97.80018189595167,1446.1075361017906,1051.153411582346
479.0,97.78307406423264,97.78992202121822,1299.0419644730162,1200.2728029042707
480.0,97.84036939889697,97.84690529728184,1528.3674895056854,971.6325104943145
481.0,97.8090761256283,97.81536739021003,1028.449673003274,1470.8650943740129
482.0,97.83167694071771,97.8377957578126,1490.9509153549095,1006.3100323292273
483.0,97.83054915878938,97.83657107120791,1569.0607309747318,924.783439322837
484.0,97.85515238942604,97.86115482611795,1590.91597793931,898.1578224275928
485.0,97.89283454747789,97.89889531646585,1571.2877686739976,911.6751444705368
486.0,97.91678496966188,97.9229807435967,1302.3038971986352,1173.2243609489415
487.0,97.94847576116263,97.95488058497742,1534.2639833526252,932.5262298959761
488.0,97.91979221743598,97.92647606714577,1696.7547586152355,760.0179702060655
489.0,97.89244821476561,97.89947563546369,1821.6891348676472,623.814127226537
490.0,97.84430228800339,97.85173113756464,1662.6987697096465,770.3139321825734
491.0,97.86489768948053,97.8727780124236,1813.58824995066,605.7470340220513
492.0,97.8656676016651,97.8740406550928,1978.7231847362405,425.78531245123344
493.0,97.87418179937808,97.88307924995482,1986.9628645072821,401.6101162212035
494.0,97.90199966585178,97.91144297344795,1821.1214730973036,550.4509396413937
495.0,97.89645650072791,97.9064565007279,1973.4629121195994,380.0904784736744
496.0,97.89931519586654,97.90987188827037,1771.6264913970376,562.9388117823929
497.0,97.8743483168162,97.88545086623947,1791.446854093294,523.2133414316244
498.0,97.86700303593562,97.87862998250793,1888.380365011192,405.51226113504555
499.0,97.84666641539394,97.85878609245088,1770.072389029749,502.24712847776385
500.0,97.86666230321585,97.8792334536546,1709.291752220824,540.7082477791768
501.0,97.94193580363505,97.95490838293695,1552.7474712287726,674.2477786410019
502.0,98.00698368076525,98.02029983105547,1601.0274084286696,602.3409131092295
503.0,97.98935022510165,98.00294540128684,1615.9940387006561,563.1899360719946
504.0,98.00991659577952,98.0237208218447,1376.1055522439053,778.4029449435691
505.0,98.01405456205259,98.02799379306464,1365.3142529353895,764.0952696158708
506.0,97.95460974581106,97.96860730911912,1251.181050378823,852.7747950300567
507.0,97.87977449138509,97.89375257896657,1187.6049577844826,890.6122747356345
508.0,97.85542957572646,97.86931075863156,1189.256110676288,863.0081209575384
509.0,97.84876547466358,97.86247421008186,984.3535832614612,1041.814394860012
510.0,97.79771679866265,97.81118090027779,1032.7206815555026,967.2793184444969
511.0,97.76024015410393,97.77339219711835,723.0908619543951,1250.7411599241343
512.0,97.72154786352225,97.73432649700409,623.8999553562247,1323.8358130099496
513.0,97.67843055876412,97.69078169977328,981.0188072997971,940.7639601800865
514.0,97.63057122370748,97.64244910995862,810.0502312394375,1085.9939233516836
515.0,97.61613161288763,97.62749969346093,711.6609266160768,1158.9295508326636
516.0,97.63064900482459,97.64148065158787,617.8157227978053,1227.6757800147213
517.0,97.6310119105538,97.64129093644878,767.2253964402715,1053.5906287870785
518.0,97.59422205727452,97.60394303137954,544.5531509628479,1252.0785274992525
519.0,97.57863814831728,97.58780650155401,554.10069601594,1218.9040541142867
520.0,97.57030513612582,97.57893705555253,545.5860139341262,1204.4139860658756
521.0,97.49579095188658,97.50391306563544,610.2622558990563,1117.41822659343
522.0,97.52038562596728,97.5280344849581,376.4756183646507,1329.6317554891139
523.0,97.48375855407394,97.49097992059211,353.8672224092399,1331.4725820658425
524.0,97.42679700906865,97.43364496605423,350.66334164379094,1314.7713551767797
525.0,97.50020315237681,97.50673905076168,382.2015491609994,1264.2450602457277
526.0,97.4532174515883,97.45950871617003,480.7254515282829,1147.7021357330193
527.0,97.43225971220744,97.43837852930233,287.8152796285722,1323.6117396429427
528.0,97.39348789379358,97.39950980621211,476.6122828595691,1118.8792199529573
529.0,97.41665756982808,97.42266000651999,327.76839639398315,1252.8963196333052
530.0,97.39409589660924,97.40015666559721,491.59865268509674,1075.3886454226842
531.0,97.33480947863518,97.34100525257,327.15086743611647,1227.3458704697005
532.0,97.24919687863417,97.25560170244896,391.5102237155961,1151.7170474631034
533.0,97.2194809383976,97.22616478810738,553.455425822219,979.7543609291806
534.0,97.27817287989889,97.28520030059697,559.8419343323641,964.6298075200597
535.0,97.23431664860858,97.24174549816983,656.6946234116755,860.3424634437903
536.0,97.27114449441439,97.27902481735745,665.2643750240145,845.6618246090829
537.0,97.2363864091397,97.2447594625674,557.6375310275952,948.5182986748358
538.0,97.17746531074934,97.18636276132608,655.5590485498965,847.1800037659667
539.0,97.0933627410715,97.10280604866767,839.6315411485016,661.0536914742115
540.0,97.08577238812977,97.09577238812976,650.3873325832136,849.6126674167864
541.0,97.08914382529916,97.099700517703,773.0331299765949,727.6521026461181
542.0,97.0822171815977,97.09331973102097,861.7646877853424,640.9743645305207
543.0,97.01176813665774,97.02339508323004,983.8102228322839,522.3456068701473
544.0,96.99228515354307,97.00440483060001,924.4491745661699,586.4770250669274
545.0,97.00336315414538,97.01593430458414,979.172810607517,537.864276247949
546.0,96.98632014988047,96.99929272918237,925.2494816232361,599.2222602291872
547.0,97.00178739888517,97.0151035491754,1121.6443350602171,411.5654516911817
548.0,97.07866198919052,97.09225716537571,1024.0083335826673,519.2189375960324
549.0,97.03455417798223,97.04835840404742,1338.468842895956,216.02789500985983
550.0,97.13162700219232,97.14556623320436,1185.0571533007453,381.9301448070349
551.0,97.14780850027402,97.16180606358209,1261.779706889558,318.8850091377296
552.0,97.13947878726782,97.1534568748493,1195.1142891945744,400.3772136179517
553.0,97.12939640266583,97.14327758557093,1218.6250985890883,392.8019206824249
554.0,97.12482333725438,97.13853207267266,1332.3599477961986,296.0676394651041
555.0,97.09494280978994,97.10840691140508,1232.416177619196,414.0304317875299
556.0,97.07346560664621,97.08661764966064,1283.2476261719216,382.1870706486493
557.0,97.11855105588874,97.13132968937059,1277.7329236923895,407.6068807826919
558.0,97.14509079615966,97.15744193716883,1336.7283629713818,369.3790108823806
559.0,97.15735000183912,97.16922788809026,1334.7894497821947,392.8910327102922
560.0,97.15686185342177,97.16822993399508,1278.4052613507404,471.59473864925866
561.0,97.12873013230721,97.13956177907049,1361.7149766588416,411.2897734713841
562.0,97.13984615279183,97.15012517868682,1410.011241620513,386.62043684158607
563.0,97.13374532195702,97.14346629606204,1163.6632984910234,657.1527267363259
564.0,97.14523631171812,97.15440466495485,1146.0899387942416,699.4015640182843
565.0,97.18960050910711,97.19823242853381,1111.9340075742134,758.6564698745257
566.0,97.1170450860244,97.12516719977327,1071.1781792232755,824.8659753678446
567.0,97.05261896897356,97.06026782796438,1039.9146373857343,881.8681300941499
568.0,97.09170620419393,97.09892757071209,1080.5718301433367,867.1639382228366
569.0,97.04979523425351,97.05664319123909,1120.3686008130164,853.4634210655101
570.0,97.11417104514497,97.12070694352984,908.5293662118395,1091.4706337881607
571.0,97.11472701111114,97.12101827569288,993.5625841876996,1032.605393933771
572.0,97.19966839035341,97.2057872074483,1038.8316062981767,1013.4326253356508
573.0,97.20642857483679,97.21245048725532,1024.176050197351,1054.0411823227635
574.0,97.22901513514628,97.2350175718382,861.4199354952206,1242.535909913658
575.0,97.1919728224255,97.19803359141346,693.6297911495433,1435.7797314017164
576.0,97.15611823550195,97.16231400943677,735.7775801955471,1418.7309169919258
577.0,97.15622262429333,97.16262744810813,680.562071307646,1498.621903465004
578.0,97.12319776845794,97.12988161816773,960.8832233812194,1242.4850981566801
579.0,97.11735474657301,97.1243821672711,601.7630465830722,1625.2322032867007
580.0,97.14751077828141,97.15493962784267,648.18370341405,1601.8162965859485
581.0,97.1146980476969,97.12257837063997,498.4241720068617,1773.8953455006517
582.0,97.0761856982078,97.0845587516355,321.18355337270094,1972.7090727735342
583.0,97.06822854721307,97.0771259977898,609.2089804745221,1705.4512150503967
584.0,97.0498767275615,97.05932003515767,386.5583479598781,1948.00695521955
585.0,97.05826315885923,97.06826315885922,533.9939086625109,1819.5594819307619
586.0,97.04293516325907,97.05349185566291,452.73985574234183,1918.832556996355
587.0,96.99590161715126,97.00700416657453,291.1749902615446,2097.3979904669404
588.0,96.91158047756747,96.92320742413978,806.7664558084581,1597.7420413790155
589.0,96.91558809510329,96.92770777216023,552.8346751335132,1866.5006088391985
590.0,96.88144215314628,96.89401330358504,582.4195907352012,1850.5931111570183
591.0,96.87488845908484,96.88786103838675,669.7147988560322,1775.7884632381517
592.0,96.80593986605986,96.81925601635008,714.2038026314343,1742.5689261898663
593.0,96.77220856998696,96.78580374617215,757.6619484474726,1709.1282648011277
594.0,96.77566060865415,96.78946483471934,756.2612654202475,1719.2669927273291
595.0,96.80176900097383,96.81570823198588,995.5283995046112,1487.4345136399222
596.0,96.83177908034301,96.84577664365108,891.9910575957581,1597.0827427711442
597.0,96.86770041096437,96.88167849854585,1210.6216357990763,1283.2225344984925
598.0,96.86409957306961,96.8779807559747,1314.0845856756055,1183.1763620085312
599.0,96.89468696119866,96.90839569661694,1151.7011344193609,1347.613632957926
600.0,96.90237553313705,96.91583963475219,1045.0213527307933,1454.9786472692067
601.0,96.88912487521877,96.9022769182332,1241.9389695033651,1257.3757978739216
602.0,96.8606252055418,96.87340383902364,1130.4721927708747,1366.788754913262
603.0,96.89106599162041,96.90341713262957,1455.7816283934278,1038.062541904141
604.0,96.89270240287127,96.9045802891224,1670.8011734356962,818.2726269312067
605.0,96.87158232223824,96.88295040281155,1554.6890988762655,928.2738142682684
606.0,96.86880634093117,96.87963798769445,1697.673547248023,777.8547108995541
607.0,96.93565108220037,96.94593010809535,1776.986838282744,689.8033749658576
608.0,96.89331805961345,96.90303903371847,1725.6920234041136,731.0807054171873
609.0,96.85172462208149,96.86089297531822,1640.513644230185,804.9896178639993
610.0,96.90279428057914,96.91142620000585,1621.1903382332582,811.8223636589607
611.0,96.85785041954506,96.86597253329393,1850.3670809740834,568.9682029986288
612.0,96.91017699278888,96.9178258517797,1925.4305499817401,479.07794720573304
613.0,96.89787314416162,96.90509451067979,1785.214947529887,603.3580331985999
614.0,96.91641260181552,96.9232605588011,1786.3889558362162,585.1834569024801
615.0,96.9655076831972,96.97204358158207,1914.3761127306507,439.1772778626247
616.0,97.01651008054475,97.02280134512648,1975.607709912112,358.9575932673183
617.0,97.05066109712126,97.05677991421615,1969.0950295277332,345.56516599718645
618.0,97.05794256627999,97.06396447869852,1536.1881115022672,757.7045146439707
619.0,97.05093480880325,97.05693724549516,1749.8228939417584,522.4966235657565
620.0,97.04772084929961,97.05378161828757,1783.8734340033898,466.1265659966113
621.0,97.10642482833204,97.11262060226686,1485.2607466089305,741.7345032608439
622.0,97.11949611642326,97.12590094023805,1640.02231452527,563.3460070126308
623.0,97.1635486876917,97.17023253740149,1611.7538044314122,567.4301703412387
624.0,97.0876796829135,97.09470710361158,1469.5969099099366,684.9115872775377
625.0,97.077958989135,97.08538783869625,1271.1821740512087,858.2273485000525
626.0,97.08776708872018,97.09564741166325,1163.0678920035066,940.8879534053737
627.0,97.07288717215013,97.08126022557784,1364.3741390725784,713.8430934475372
628.0,97.1465570231361,97.15545447371284,1003.7332007666546,1048.5310308671724
629.0,97.10409743778882,97.113540745385,1016.4455456607283,1009.7224324607437
630.0,97.11833986895108,97.12833986895107,1028.5212699542144,971.4787300457854
631.0,97.14531078836623,97.15586748077007,846.6785365981124,1127.1534852804155
632.0,97.11131658316754,97.1224191325908,805.5545290103306,1142.181239355842
633.0,97.1343677373266,97.1459946838989,818.1716829253054,1103.6110845545786
634.0,97.1427838387682,97.15490351582514,663.8360279055252,1232.2081266855942
635.0,97.23364051254451,97.24621166298327,667.5959738516106,1202.9945035971316
636.0,97.27570038654669,97.28867296584859,545.9803097962628,1299.5111930162625
637.0,97.26438706400998,97.2777032143002,569.6392089298539,1251.176816297498
638.0,97.28832466753538,97.30191984372057,608.9415011057727,1187.690177356329
639.0,97.29379599324268,97.30760021930787,626.8303422193089,1146.1744079109194
640.0,97.27019591964238,97.28413515065442,395.18365350415877,1354.8163464958427
641.0,97.28068152189168,97.29467908519975,482.63478280432537,1245.0456996881594
642.0,97.28727876034266,97.30125684792414,549.9509408278326,1156.1564330259323
643.0,97.33260410139896,97.34648528430405,496.5339801540187,1188.8058243210637
644.0,97.27478500537944,97.28849374079772,393.69962149943547,1271.7350753211365
645.0,97.21679066368822,97.23025476530336,253.95348147931816,1392.4931279274088
646.0,97.17633193258938,97.1894839756038,524.3567797723355,1104.070807488968
647.0,97.1898202840942,97.20259891757604,491.3561715728155,1120.0708476986995
648.0,97.21695153323373,97.22930267424289,544.6618780488294,1050.8296247636972
649.0,97.20425020871373,97.21612809496487,383.52107979118085,1197.1436362361073
650.0,97.20121247075838,97.21258055133168,418.3120810943135,1148.6752170134673
651.0,97.19182098622088,97.20265263298415,381.9020839941658,1172.5946539116503
652.0,97.12495474332631,97.1352337692213,605.2450577477613,937.9822134309383
653.0,97.08965977591716,97.09938075002218,508.25654766442193,1024.953239086977
654.0,97.11180094269257,97.1209692959293,532.9267837367801,991.5449581156431
655.0,97.13218312714812,97.14081504657483,544.6821371650217,972.3549496904441
656.0,97.16416603473415,97.17228814848302,442.33431067806055,1068.5918889550373
657.0,97.1775547608933,97.18520361988412,570.5808867808969,935.5749429215341
658.0,97.08448991759164,97.0917112841098,681.8996591517649,820.8393931640984
659.0,97.08908682730608,97.09593478429166,639.1280722569876,861.5571603657256
660.0,97.09502085394062,97.1015567523255,889.8578473412173,610.1421526587827
661.0,97.04832764134828,97.05461890593001,816.6835287221297,684.0017039005833
662.0,97.10944419620118,97.11556301329607,966.3281077222882,536.4109445935749
663.0,97.1046942799269,97.11071619234544,883.652853495934,622.5029762064968
664.0,97.13562422904748,97.1416266657394,777.6882106218928,733.2379890112046
665.0,97.15861020072207,97.16467096971003,1213.0786202374477,303.9584666180177
666.0,97.18444878256246,97.19064455649728,1124.2417411707565,400.2300006816662
667.0,97.23534206429764,97.24174688811243,958.1180719603104,575.0917147910881
668.0,97.23003276399616,97.23671661370595,972.6812307047045,570.5460404739961
669.0,97.26206498057385,97.26909240127193,1149.1007432640642,405.39599464175114
670.0,97.28056472616306,97.28799357572431,1195.7932763708443,371.19402173693584
671.0,97.24270813015401,97.25058845309708,1115.2154133574077,465.44930266987984
672.0,97.22275311336124,97.23112616678894,1220.916976806269,374.5745260062568
673.0,97.18573060960226,97.194628060179,1112.7281488275778,498.6988704439364
674.0,97.12644006540643,97.1358833730026,1211.6898648140052,416.73772244729736
675.0,97.07623064012827,97.08623064012826,1142.8840056654249,503.56260374130113
676.0,97.0939076972543,97.10446438965813,1306.4154221045112,359.0192747160598
677.0,97.04965206292741,97.06075461235068,1498.9733244405415,186.36648003453982
678.0,97.09056336060425,97.10219030717656,1229.702011191999,476.4053626617619
679.0,97.08414089824541,97.09626057530235,1275.4058196122069,452.2746628802799
680.0,97.07790465176193,97.09047580220069,1471.2375444219142,278.7624555780863
681.0,97.04164719340818,97.05461977271008,1157.9635531805782,615.0411969496458
682.0,97.05471592804037,97.06803207833059,1301.671304618912,494.9603738431853
683.0,97.02621225312069,97.03980742930588,1095.6009791868926,725.2150460404581
684.0,97.0470272964525,97.06083152251769,1280.2611985390524,565.2303042734713
685.0,97.07229159353858,97.08623082455063,1120.3091231051126,750.2813543436246
686.0,97.01296781766581,97.02696538097388,1225.1551946505801,670.8889599405416
687.0,97.0298406525558,97.04381874013728,1088.2207314901473,833.5620359897388
688.0,96.95758478733907,96.97146597024417,1018.2590667363988,929.4767016297726
689.0,96.98219322347886,96.99590195889714,1010.1370474444434,963.6949744340831
690.0,96.9066616159293,96.92012571754444,1189.6486702975728,810.3513297024292
691.0,96.86988954518229,96.88304158819672,1272.542808780486,753.6251693409845
692.0,96.91429744912361,96.92707608260545,1026.6298663875093,1025.6343652463163
693.0,96.91802596566338,96.93037710667254,985.0778040560812,1093.1394284640335
694.0,96.93718557530319,96.94906346155433,670.0307510031777,1433.9250944057012
695.0,96.84477264236068,96.85614072293399,680.5294916766117,1448.880030874648
696.0,96.86201445284615,96.87284609960943,1094.690629074118,1059.817868113355
697.0,96.83024601987509,96.84052504577008,926.3138190222775,1252.870155750372
698.0,96.88075541112885,96.89047638523387,845.4001288791248,1357.968192658775
699.0,96.87541004650093,96.88457839973766,825.7549133673173,1401.2403365024556
700.0,96.86441551638165,96.87304743580836,426.8144055031317,1823.1855944968652
701.0,96.79617793112686,96.80430004487573,264.9725710460874,2007.3469464614261
702.0,96.7498232031365,96.75747206212732,559.6542539124769,1734.23837223376
703.0,96.73733775200532,96.74455911852348,511.8699702155858,1802.7902253093303
704.0,96.77180938410461,96.7786573410902,799.2386689333508,1535.326634246076
705.0,96.80706894939357,96.81360484777844,523.2129115274206,1830.340479065854
706.0,96.78626652698715,96.79255779156888,426.2277453385081,1945.3446674001896
707.0,96.73353592008498,96.73965473717986,682.2310661509395,1706.3419145775442
708.0,96.6814543547492,96.68747626716774,533.1291011360377,1871.3793960514367
709.0,96.72738454697046,96.73338698366237,618.9224416788146,1800.412842293898
710.0,96.72678282478721,96.73284359377517,527.2757018104878,1905.7370000817302
711.0,96.6784424638257,96.68463823776052,547.012645611821,1898.490616482362
712.0,96.71849119652303,96.72489602033782,544.1363467811842,1912.6363820401166
713.0,96.7256159299799,96.73229977968968,1129.1367399587848,1337.6534732898153
714.0,96.74760042833604,96.75462784903412,731.2251944136545,1744.3030637339218
715.0,96.76786846733862,96.77529731689987,850.2672810008116,1632.695632143723
716.0,96.77196793440302,96.77984825734609,1009.5858601078696,1479.4879402590332
717.0,96.74897038054159,96.7573434339693,1125.8631335400105,1367.9810367575583
718.0,96.68880122848412,96.69769867906086,1045.2590752897813,1452.0018723943554
719.0,96.63781878617787,96.64726209377405,1111.5515132115702,1387.7632541657167
