ep,stage,wall_env_s,wall_train_s,avg_wait_min,peak_fleet,headway_cv,ep_reward,ep_cost,ep_steps,n_dispatches,lower_action_mean,lower_action_std,lower_action_min,lower_action_max,lower_reward_mean,lower_reward_std,lower_q_mean,lower_q_std,lower_q_loss,lower_q_mse,lower_ood_loss,lower_cost_q_mean,lower_cost_q_loss,lower_policy_loss,lower_pi_grad_norm,lower_q_grad_norm,lower_alpha,lower_lambda,lower_replay_size,upper_delta_mean,upper_delta_std,upper_delta_min,upper_delta_max,upper_reward_mean,upper_reward_std,upper_q_mean,upper_q_std,upper_q_loss,upper_q_mse,upper_ood_loss,upper_policy_loss,upper_pi_grad_norm,upper_q_grad_norm,upper_alpha,upper_replay_size,hold_fb_mean,hold_fb_std,hold_fb_n_trips,hold_fb_dir0_mean,hold_fb_dir1_mean,hold_penalty_mean,theta_wait,theta_fleet,theta_cv,surprise,belief_window,belief_cp_prob,belief_entropy
0,Warmup,8.3,0.8,33.404,12,0.7949,-5617.404,3947.842,4971,0,34.66,33.91,-60.0,60.0,-1.13,0.2758,-12.334367752075195,28.438156127929688,3695.553466796875,3681.55517578125,31.37994384765625,-3.340874195098877,118.17469787597656,66.18301391601562,155.64710998535156,165526.625,0.1,0.9969958066940308,4971,0.0,0.0,0.0,0.0,0.0,0.0,0.0,0.0,0.0,0.0,0.0,0.0,0.0,0.0,0.0,0,34.65723060423539,33.91197722130947,262,41.04348193433948,42.89471013608731,0.7538329670017296,0.6214945447636715,0.223549278098111,0.15495617713821747,0.3046,9.89,0.0527,2.991
1,Warmup,8.2,0.5,25.317,12,0.6176,-5627.011,3763.577,4970,0,17.34,48.43,-60.0,60.0,-1.1322,0.2607,-14.057354927062988,7.079194068908691,863.4758911132812,852.0074462890625,7.936856746673584,-0.12720221281051636,6.31778621673584,28.420499801635742,93.3265380859375,26829.236328125,0.1,0.9940876960754395,9941,0.0,0.0,0.0,0.0,0.0,0.0,0.0,0.0,0.0,0.0,0.0,0.0,0.0,0.0,0.0,0,17.33684837101271,48.43153387123047,262,23.664233277345964,24.295909768656678,0.8119024056947544,0.6641365487192767,0.19667369965472722,0.13918975162599614,0.4902,10.75,0.0532,2.957
2,Warmup,8.2,0.7,20.87,12,0.5465,-6019.703,4485.912,4970,0,17.33,50.36,-60.0,60.0,-1.2112,0.216,-14.765830039978027,5.664468288421631,568.6031494140625,557.4159545898438,6.621155738830566,-0.21167802810668945,5.416799545288086,25.91880226135254,221.91957092285156,20853.119140625,0.1,0.9909551739692688,14911,0.0,0.0,0.0,0.0,0.0,0.0,0.0,0.0,0.0,0.0,0.0,0.0,0.0,0.0,0.0,0,17.328437661754354,50.35870820486385,262,31.323518992097753,17.77887617035916,0.8497205191443036,0.6890687765311283,0.18087342099740764,0.1300578024714641,0.6164,11.78,0.054,2.876
3,Warmup,9.4,0.7,9.937,12,0.546,-5135.77,3176.99,4970,0,3.24,34.48,-60.0,60.0,-1.0334,0.3425,-13.927363395690918,4.485984802246094,464.65216064453125,453.7718200683594,5.025432586669922,0.4850843846797943,1.8489967584609985,23.461074829101562,68.58163452148438,20996.6875,0.1,0.9880685210227966,19881,0.0,0.0,0.0,0.0,0.0,0.0,0.0,0.0,0.0,0.0,0.0,0.0,0.0,0.0,0.0,0,3.235675734271796,34.47667621483152,262,20.31979166614382,11.97722331254106,0.5000314532389998,0.6985342902900916,0.17425916012291212,0.12720654958699618,0.6345,12.58,0.0548,2.783
4,Warmup,6.8,0.7,9.747,12,0.565,-5285.625,3657.11,4970,0,3.79,33.43,-60.0,59.97,-1.0635,0.3121,-13.25174331665039,3.59989595413208,398.51470947265625,387.8313293457031,4.244350910186768,0.7829035520553589,1.6547267436981201,21.28266143798828,393.27490234375,13512.8095703125,0.1,0.9853736162185669,24851,0.0,0.0,0.0,0.0,0.0,0.0,0.0,0.0,0.0,0.0,0.0,0.0,0.0,0.0,0.0,0,3.793704997260176,33.43041467865571,262,7.513854219293909,7.877378454569137,0.4815612482821443,0.7065796159682856,0.16857556779977392,0.12484481623194058,0.6413,13.23,0.0557,2.687
5,Warmup,6.3,0.8,5.9,12,0.4055,-4376.477,2502.736,4970,0,-2.72,27.57,-59.99,59.77,-0.8806,0.3886,-12.578973770141602,2.9330615997314453,297.0533752441406,286.63555908203125,2.923719882965088,0.20266053080558777,2.2398931980133057,18.676841735839844,148.53196716308594,9308.96484375,0.1,0.9829234480857849,29821,0.0,0.0,0.0,0.0,0.0,0.0,0.0,0.0,0.0,0.0,0.0,0.0,0.0,0.0,0.0,0,-2.7217486282514494,27.571040234266242,262,-1.3783779649358046,-3.3552993460705407,0.38826828844360856,0.7108458520426507,0.1654366412890465,0.12371750666830289,0.5786,13.66,0.0565,2.611
6,Warmup,6.3,0.8,6.846,12,0.3315,-3417.61,1583.969,4971,0,-8.98,16.62,-56.91,48.84,-0.6875,0.3763,-13.1735200881958,2.892928123474121,227.5723419189453,217.2195281982422,3.3074989318847656,0.10802704095840454,1.1063995361328125,19.146390914916992,90.51958465576172,16743.498046875,0.1,0.980915367603302,34792,0.0,0.0,0.0,0.0,0.0,0.0,0.0,0.0,0.0,0.0,0.0,0.0,0.0,0.0,0.0,0,-8.975370842335082,16.618315962054343,262,-6.384409978809325,-9.536412750733525,0.25858081386039533,0.7156289241264957,0.16217981601022224,0.12219125986328204,0.466,13.82,0.0572,2.566
7,Warmup,9.1,0.7,5.995,12,0.5315,-3421.875,1640.784,4970,0,-7.73,13.74,-56.74,38.17,-0.6885,0.394,-11.246856689453125,2.603506088256836,189.603759765625,179.4163360595703,2.4146728515625,-0.2489001303911209,0.6379076838493347,16.259986877441406,47.623355865478516,10565.0458984375,0.1,0.9794069528579712,39762,0.0,0.0,0.0,0.0,0.0,0.0,0.0,0.0,0.0,0.0,0.0,0.0,0.0,0.0,0.0,0,-7.72667103798524,13.742052352779664,262,-8.0954075309595,-6.30480748532634,0.21214347211636436,0.7190537804827838,0.15944282072726945,0.12150339878994679,0.3843,13.8,0.0579,2.54
8,Warmup,6.4,0.9,4.768,12,0.5698,-3085.256,1344.244,4970,0,-13.25,14.44,-59.93,45.02,-0.6208,0.3723,-10.013789176940918,2.6378180980682373,147.7689208984375,137.64138793945312,2.663569450378418,-0.07305851578712463,1.1989883184432983,15.256150245666504,161.49136352539062,12774.99609375,0.1,0.9782874584197998,44732,0.0,0.0,0.0,0.0,0.0,0.0,0.0,0.0,0.0,0.0,0.0,0.0,0.0,0.0,0.0,0,-13.24765121834821,14.435504860200082,262,-11.208559197344277,-11.510785698733832,0.2740710729411434,0.7213373206245948,0.1573527797313619,0.12130989964404336,0.3001,13.55,0.0584,2.535
9,Warmup,6.2,0.8,4.929,12,0.4557,-3072.928,1319.452,4970,0,-17.6,14.98,-58.64,46.74,-0.6183,0.3784,-11.62457275390625,2.8630332946777344,211.1277313232422,201.10960388183594,2.2996764183044434,0.017617272213101387,1.8229392766952515,17.38680648803711,59.48501968383789,18761.6953125,0.1,0.9775708913803101,49702,0.0,0.0,0.0,0.0,0.0,0.0,0.0,0.0,0.0,0.0,0.0,0.0,0.0,0.0,0.0,0,-17.602633931756138,14.979555517384973,262,-14.382170227797408,-17.23917892826231,0.3362472702350149,0.7237781839826997,0.15537329870265365,0.12084851731464673,0.2386,13.11,0.0589,2.548
10,Warmup,6.3,0.8,7.379,12,0.4605,-3060.577,1293.576,4970,0,-20.7,16.34,-59.35,50.58,-0.6158,0.3737,-9.931103706359863,1.9270000457763672,107.98088836669922,98.02486419677734,2.293477773666382,0.2632508873939514,4.549399375915527,14.12232780456543,47.91126251220703,8242.2744140625,0.1,0.9771639704704285,54672,0.0,0.0,0.0,0.0,0.0,0.0,0.0,0.0,0.0,0.0,0.0,0.0,0.0,0.0,0.0,0,-20.695670012886854,16.34041025120845,262,-14.297439462809185,-19.485644020963655,0.3862799726040631,0.7275666141542485,0.15266667215966273,0.11976671368608867,0.1931,12.48,0.0592,2.575
11,Warmup,6.3,0.6,4.173,12,0.3812,-2976.769,1243.357,4970,0,-23.09,13.96,-58.22,36.97,-0.5989,0.3632,-9.035926818847656,2.063765287399292,71.4760971069336,61.60564422607422,2.145146369934082,0.07815854996442795,0.8064094185829163,13.272017478942871,74.61924743652344,6655.89892578125,0.1,0.9769847989082336,59642,0.0,0.0,0.0,0.0,0.0,0.0,0.0,0.0,0.0,0.0,0.0,0.0,0.0,0.0,0.0,0,-23.090253610254624,13.956422953719827,262,-22.552005149110368,-21.537478076470528,0.40168492335361433,0.7294164138881151,0.1511702685835951,0.1194133175282899,0.2333,11.88,0.0595,2.604
12,Warmup,6.3,0.7,4.5,12,0.3744,-3323.991,1514.593,4970,0,-20.42,16.58,-59.26,46.02,-0.6688,0.384,-10.493087768554688,2.1883556842803955,105.23934936523438,95.39750671386719,2.4468977451324463,0.05704154819250107,0.4479157030582428,14.938488960266113,83.61468505859375,5281.9892578125,0.1,0.9770895838737488,64612,0.0,0.0,0.0,0.0,0.0,0.0,0.0,0.0,0.0,0.0,0.0,0.0,0.0,0.0,0.0,0,-20.416571673491905,16.58127562601481,262,-18.300429984299758,-16.66243067273968,0.3823660772022056,0.731373013631814,0.1496439164443891,0.11898306992379702,0.2106,11.11,0.0596,2.645
13,Warmup,6.9,0.6,6.731,12,0.4441,-3138.848,1377.994,4970,0,-26.06,17.58,-57.66,46.15,-0.6316,0.3736,-10.045135498046875,1.9378530979156494,61.48824691772461,51.74915313720703,2.0259218215942383,0.03568945825099945,0.469205379486084,13.988128662109375,32.67097091674805,6716.24951171875,0.1,0.9775455594062805,69582,0.0,0.0,0.0,0.0,0.0,0.0,0.0,0.0,0.0,0.0,0.0,0.0,0.0,0.0,0.0,0,-26.06454600235129,17.579932725952812,262,-22.294950049017604,-20.34248203101911,0.46610159019346054,0.734327071628238,0.14750564957311058,0.1181672787986514,0.1752,10.17,0.0593,2.692
14,Warmup,10.5,0.6,5.671,12,0.3801,-2770.881,1097.096,4970,0,-30.05,17.1,-59.03,34.82,-0.5575,0.3506,-10.647193908691406,1.631293773651123,75.66587829589844,66.01212310791016,1.690158486366272,0.3688812255859375,0.8438135385513306,14.33678150177002,15.922101974487305,2971.484130859375,0.1,0.9782315492630005,74552,0.0,0.0,0.0,0.0,0.0,0.0,0.0,0.0,0.0,0.0,0.0,0.0,0.0,0.0,0.0,0,-30.054484389441264,17.104193286028245,262,-28.32819567605069,-28.976285163352365,0.520545458245653,0.7367023991773054,0.14577853253658324,0.11751906828611149,0.157,9.19,0.0586,2.737
15,Warmup,6.2,0.7,6.703,12,0.4191,-2731.541,1061.986,4970,0,-34.39,15.81,-59.9,49.06,-0.5496,0.3548,-8.53740406036377,1.6967772245407104,88.61624908447266,79.00474548339844,1.7629793882369995,0.8093827366828918,1.9586687088012695,12.75033187866211,32.45798110961914,14557.486328125,0.1,0.9792344570159912,79522,0.0,0.0,0.0,0.0,0.0,0.0,0.0,0.0,0.0,0.0,0.0,0.0,0.0,0.0,0.0,0,-34.39105174749363,15.805465107302064,262,-32.89203162318782,-32.45622860946153,0.5827527796039849,0.7394326048496555,0.1438318133772464,0.11673558177309833,0.1573,8.32,0.0574,2.77
16,Warmup,6.2,0.7,5.949,12,0.3549,-3000.499,1211.151,4970,0,-30.78,15.65,-58.7,32.73,-0.6037,0.3539,-9.38343334197998,1.3340169191360474,54.76243591308594,45.22954177856445,1.4032273292541504,0.04021976888179779,0.20356091856956482,12.122562408447266,22.70094108581543,1433.7041015625,0.1,0.9804891347885132,84492,0.0,0.0,0.0,0.0,0.0,0.0,0.0,0.0,0.0,0.0,0.0,0.0,0.0,0.0,0.0,0,-30.777293473911627,15.652319480510794,262,-33.57637438021208,-28.266759203609666,0.5235375273411753,0.74178589201837,0.1421748221362101,0.11603928584541981,0.1268,7.66,0.0557,2.785
17,Warmup,6.2,0.6,4.079,12,0.5138,-2712.729,1064.559,4971,0,-36.93,16.62,-59.64,36.26,-0.5457,0.3529,-9.930631637573242,1.8696080446243286,58.400543212890625,48.867652893066406,1.8545012474060059,0.5441974401473999,1.6449511051177979,14.261202812194824,27.623600006103516,5768.3212890625,0.1,0.9819108247756958,89463,0.0,0.0,0.0,0.0,0.0,0.0,0.0,0.0,0.0,0.0,0.0,0.0,0.0,0.0,0.0,0,-36.925676205872385,16.618949144454742,262,-33.76042925182142,-32.83904829903653,0.6261816005070909,0.7429863914960464,0.14100842613051473,0.11600518237343897,0.1529,7.42,0.0539,2.787
18,Warmup,6.3,0.7,3.707,12,0.5203,-2716.258,1026.602,4970,0,-33.53,17.21,-59.47,43.84,-0.5465,0.3268,-8.364330291748047,1.382716417312622,80.03400421142578,70.5909194946289,1.314642071723938,0.19773510098457336,0.25229763984680176,11.352787971496582,17.44758415222168,5659.35498046875,0.1,0.9835465550422668,94433,0.0,0.0,0.0,0.0,0.0,0.0,0.0,0.0,0.0,0.0,0.0,0.0,0.0,0.0,0.0,0,-33.5263262132936,17.21304806998088,262,-33.744164854601806,-34.826489681946605,0.5740667048295972,0.7439728310013822,0.13996983429684162,0.11605733470177625,0.2275,7.66,0.0522,2.788
19,Warmup,9.1,0.6,5.207,12,0.4775,-2663.651,993.674,4970,0,-32.46,18.51,-59.45,44.28,-0.5359,0.3327,-10.155194282531738,1.7646487951278687,71.7372817993164,62.2892951965332,1.7341300249099731,0.08802109211683273,2.2494089603424072,13.809285163879395,14.172203063964844,5845.25390625,0.1,0.9854711294174194,99403,0.0,0.0,0.0,0.0,0.0,0.0,0.0,0.0,0.0,0.0,0.0,0.0,0.0,0.0,0.0,0,-32.4644943433201,18.508838090738372,262,-29.143238810802764,-29.379281870942368,0.5611389626717999,0.7456313422363614,0.13862037601906443,0.11574828174457424,0.2374,8.21,0.0509,2.803
20,Warmup,6.2,0.7,4.396,12,0.5264,-2709.497,1038.596,4971,0,-32.65,20.29,-59.42,40.2,-0.5451,0.3416,-10.205366134643555,1.612966775894165,69.45335388183594,60.029823303222656,1.7697865962982178,-0.07236283272504807,0.7579292058944702,13.395973205566406,8.2494478225708,6528.15771484375,0.1,0.9876536726951599,104374,0.0,0.0,0.0,0.0,0.0,0.0,0.0,0.0,0.0,0.0,0.0,0.0,0.0,0.0,0.0,0,-32.64821093383254,20.28942092956075,262,-33.81318025275281,-28.516727432745853,0.5744573066204003,0.7468364018583991,0.13748733230315877,0.11567626583844227,0.249,8.87,0.0504,2.829
21,Warmup,6.3,0.7,4.538,12,0.3867,-2757.165,1058.928,4970,0,-32.82,19.6,-59.63,49.42,-0.5548,0.3375,-8.548599243164062,1.5516308546066284,43.211177825927734,33.837059020996094,1.6308605670928955,0.138433575630188,0.8500442504882812,11.827167510986328,9.727275848388672,5033.3125,0.1,0.9900478720664978,109344,0.0,0.0,0.0,0.0,0.0,0.0,0.0,0.0,0.0,0.0,0.0,0.0,0.0,0.0,0.0,0,-32.82059378462846,19.602556462132075,262,-36.61572197330626,-30.95677018447926,0.5769958692457142,0.7482333994001502,0.136387446444796,0.1153791541550536,0.2001,9.47,0.0502,2.863
22,Warmup,6.1,0.8,6.674,12,0.4854,-2770.032,1076.478,4972,0,-33.28,20.48,-59.77,46.7,-0.5571,0.3421,-9.703608512878418,1.2980402708053589,22.929256439208984,13.622660636901855,1.2671922445297241,0.3284747004508972,0.34304091334342957,12.655301094055176,8.872831344604492,2789.61376953125,0.1,0.9925131797790527,114316,0.0,0.0,0.0,0.0,0.0,0.0,0.0,0.0,0.0,0.0,0.0,0.0,0.0,0.0,0.0,0,-33.277632266976845,20.47793524937004,262,-32.061195098255816,-31.295856425617085,0.5889188535445928,0.7503220566316285,0.13483894036181784,0.11483900300655356,0.1515,9.98,0.0503,2.897
23,Warmup,9.2,0.8,5.733,12,0.2095,-2791.379,1098.646,4970,0,-32.67,20.29,-59.78,45.18,-0.5616,0.3505,-10.138452529907227,1.517399787902832,53.75380325317383,44.460105895996094,1.4510998725891113,0.9820004105567932,2.0129482746124268,14.182310104370117,7.537312030792236,3974.703125,0.1,0.9951760172843933,119286,0.0,0.0,0.0,0.0,0.0,0.0,0.0,0.0,0.0,0.0,0.0,0.0,0.0,0.0,0.0,0,-32.66991671925332,20.294029195855664,262,-35.95467913513513,-32.36911226981565,0.5764121851641407,0.7523087235426567,0.133589637507383,0.11410163894996038,0.1551,10.45,0.0504,2.922
24,Warmup,6.4,0.7,4.134,12,0.3948,-2658.643,1009.933,4970,0,-32.2,22.65,-59.82,50.45,-0.5349,0.3457,-9.89441967010498,1.2224406003952026,26.868061065673828,17.601253509521484,1.453169345855713,0.6004698872566223,1.0903434753417969,12.963958740234375,3.7431554794311523,1750.7664794921875,0.1,0.9980617761611938,124256,0.0,0.0,0.0,0.0,0.0,0.0,0.0,0.0,0.0,0.0,0.0,0.0,0.0,0.0,0.0,0,-32.201762941428335,22.651340838928924,262,-37.16838513455893,-31.082112340080112,0.5870211390398393,0.7534243378975939,0.1326612640680005,0.1139143980344055,0.1592,10.83,0.0509,2.933
25,Warmup,6.2,0.8,4.446,12,0.4269,-2541.1,905.843,4970,0,-34.74,21.49,-59.84,54.83,-0.5113,0.3204,-9.285382270812988,1.129246473312378,23.787521362304688,14.592758178710938,1.0388169288635254,0.9255530834197998,0.9584215879440308,12.50448226928711,4.078120231628418,993.4334716796875,0.1,1.0010329484939575,129226,0.0,0.0,0.0,0.0,0.0,0.0,0.0,0.0,0.0,0.0,0.0,0.0,0.0,0.0,0.0,0,-34.73591830119176,21.4873079231079,262,-35.84906110543953,-34.69089134257091,0.619353209476349,0.7545907515737921,0.1316879141163177,0.11372133430989025,0.1698,11.03,0.052,2.931
26,Warmup,6.3,0.7,4.883,12,0.366,-2634.477,984.664,4970,0,-35.06,22.43,-59.85,52.13,-0.5301,0.3403,-9.186419486999512,1.1927481889724731,41.966644287109375,32.79962921142578,1.1636921167373657,0.6925494074821472,0.16078044474124908,12.306442260742188,6.109451770782471,2399.39697265625,0.1,1.0042091608047485,134196,0.0,0.0,0.0,0.0,0.0,0.0,0.0,0.0,0.0,0.0,0.0,0.0,0.0,0.0,0.0,0,-35.05843163880124,22.42540630314695,262,-38.29751305078205,-38.04889618723016,0.6309316193301389,0.755954418308656,0.13066575818623524,0.11337982350510875,0.1417,11.0,0.0532,2.928
27,Warmup,6.1,0.7,5.061,12,0.4305,-2588.888,942.249,4971,0,-33.81,22.15,-59.83,52.97,-0.5208,0.3302,-9.128225326538086,1.1410201787948608,50.5994873046875,41.465309143066406,1.1986827850341797,-0.15375307202339172,1.281082272529602,11.272998809814453,5.7143683433532715,7738.68505859375,0.1,1.0074774026870728,139167,0.0,0.0,0.0,0.0,0.0,0.0,0.0,0.0,0.0,0.0,0.0,0.0,0.0,0.0,0.0,0,-33.80950542707824,22.145146930615958,262,-36.73790470061725,-37.893879676492595,0.6107670045152181,0.757276872489898,0.12962259534115853,0.11310053216894358,0.1298,10.77,0.0543,2.933
28,Warmup,9.3,0.6,6.968,12,0.455,-2658.645,982.182,4971,0,-27.76,24.4,-59.74,50.37,-0.5348,0.3377,-9.54951000213623,1.3733315467834473,31.74315643310547,22.59788703918457,1.6249847412109375,0.9800140261650085,1.2837131023406982,13.326261520385742,3.455951690673828,4538.56982421875,0.1,1.0108649730682373,144138,0.0,0.0,0.0,0.0,0.0,0.0,0.0,0.0,0.0,0.0,0.0,0.0,0.0,0.0,0.0,0,-27.759219234338655,24.402205365143065,262,-27.939349448582846,-32.33765237336293,0.5440774153625261,0.7591985312602323,0.1282496713037463,0.1125517974360213,0.1056,10.41,0.0548,2.945
29,Warmup,6.2,0.8,8.498,12,0.4277,-2668.706,979.503,4970,0,-33.29,22.28,-59.81,49.77,-0.537,0.3322,-9.554716110229492,1.4166648387908936,32.09512710571289,22.977642059326172,1.6092644929885864,0.614712655544281,0.24508708715438843,13.033839225769043,6.428986549377441,3799.791015625,0.1,1.0143142938613892,149108,0.0,0.0,0.0,0.0,0.0,0.0,0.0,0.0,0.0,0.0,0.0,0.0,0.0,0.0,0.0,0,-33.285194399790235,22.278656863904477,262,-24.373625908164602,-26.296442182322863,0.6016704005307265,0.7616136323213312,0.12664380490523755,0.11174256277343134,0.135,10.08,0.0548,2.957
30,BiLevel,6.6,0.9,4.262,12,0.4632,-2883.604,1141.398,4968,262,-29.82,24.2,-59.92,51.32,-0.5804,0.3491,-9.107650756835938,1.2885651588439941,33.44914245605469,24.369754791259766,1.45228910446167,0.7588868141174316,0.5775717496871948,12.483049392700195,8.155510902404785,3347.809814453125,0.1,1.0178965330123901,154076,-1.26,47.43,-112.36,105.89,-0.8894,0.5,-1.0040267705917358,0.772992730140686,12.61359977722168,2.757819652557373,0.9316740036010742,2.5647940635681152,4.321331977844238,32.86282730102539,0.05,262,-29.82194095955458,24.198870152204396,262,-26.392709415523626,-31.087340141597547,0.5691693166477335,0.7625368812267216,0.12581083662541026,0.11165228214786806,0.1321,9.81,0.0543,2.966
31,BiLevel,6.6,0.9,4.046,12,0.4568,-2805.093,1040.438,4970,262,-30.21,25.54,-59.64,48.46,-0.5644,0.3455,-10.551615715026855,1.1689646244049072,26.064613342285156,17.03572654724121,1.1814512014389038,0.5690600872039795,0.425743043422699,13.496869087219238,3.5466928482055664,3023.186767578125,0.1,1.0215718746185303,159046,5.27,46.52,-93.67,98.54,-0.8614,0.5,-0.9927692413330078,0.3273819386959076,11.28238296508789,1.5805113315582275,0.43473759293556213,1.6643848419189453,2.3832826614379883,17.263723373413086,0.05,524,-30.206629561692086,25.53735662583959,262,-33.74746738138952,-30.366310791592856,0.5864846320964433,0.7633769797366995,0.12503369105106885,0.11158932921223151,0.1251,9.55,0.0542,2.974
32,BiLevel,6.4,3.6,3.818,12,0.4419,-2569.037,931.96,4972,262,-27.31,24.3,-59.35,47.35,-0.5167,0.3299,-9.638254165649414,1.0243358612060547,30.725027084350586,21.743070602416992,1.0782567262649536,0.8011658191680908,0.33345431089401245,12.535548210144043,3.765164852142334,1999.448974609375,0.1,1.0252699851989746,164018,-4.69,42.67,-108.63,92.77,-0.8237,0.5,-0.6500980854034424,0.2883880138397217,10.755349159240723,1.2038109302520752,0.34349679946899414,1.2532548904418945,1.4855284690856934,9.549575805664062,0.05,786,-27.309301432859744,24.297395716821747,262,-34.825802100332155,-22.08206622600556,0.5376296096534796,0.7641425697490452,0.12431327960059955,0.11154415065035539,0.1374,9.33,0.054,2.98
33,BiLevel,6.6,0.7,7.571,12,0.4763,-2721.507,1009.99,4971,262,-30.44,24.18,-59.83,52.42,-0.5475,0.342,-10.106705665588379,0.9979836940765381,26.268516540527344,17.32685089111328,0.9398685097694397,0.7061052918434143,0.7785497903823853,12.85551643371582,2.6395113468170166,1302.12548828125,0.1,1.0290379524230957,168989,0.47,38.07,-95.42,96.63,-1.2334,0.5,-0.8753814697265625,0.19303467869758606,11.102019309997559,1.6978944540023804,0.18164122104644775,1.2855350971221924,1.2871731519699097,4.997644424438477,0.05,1048,-30.443459186302036,24.18389559194698,262,-30.180572505099214,-29.07295484950668,0.5787097132537367,0.7660293223932351,0.12298567732946722,0.11098500027729777,0.1333,9.17,0.0536,2.985
34,BiLevel,6.5,0.9,4.958,12,0.3999,-2744.148,1037.346,4968,262,-27.97,25.56,-59.81,52.91,-0.5524,0.3461,-9.899697303771973,0.878753662109375,21.358346939086914,12.436281204223633,0.9877814054489136,0.8110628128051758,0.5646637082099915,12.535896301269531,3.397578716278076,1685.472900390625,0.1,1.032856822013855,173957,-1.04,37.7,-97.25,93.95,-0.8957,0.5,-0.9280272126197815,0.16491267085075378,9.88064193725586,0.6187130212783813,0.18910691142082214,1.2834250926971436,1.4988458156585693,4.649769306182861,0.05,1310,-27.971249721166732,25.55965686015313,262,-27.52998881485117,-29.25397789086166,0.5579559769408564,0.7671522470006557,0.12211890263487249,0.11072885036447193,0.101,9.06,0.0532,2.986
35,BiLevel,6.6,0.7,5.152,12,0.4463,-2567.111,931.029,4969,262,-26.28,27.04,-59.54,55.79,-0.5166,0.338,-9.776756286621094,1.2568869590759277,32.903594970703125,23.987947463989258,1.23155677318573,0.888037383556366,0.5356528759002686,13.251801490783691,2.9196012020111084,4910.15576171875,0.1,1.0367192029953003,178926,0.04,35.36,-88.19,80.53,-0.9615,0.5,-0.8175041675567627,0.13449925184249878,9.679571151733398,0.5584969520568848,0.14571763575077057,1.1172354221343994,1.0084344148635864,3.704733371734619,0.05,1572,-26.28421998975814,27.044474022782257,262,-31.405265532355564,-29.643777578912285,0.5583792211690308,0.768265021871548,0.1212314033595168,0.11050357476893519,0.1172,9.05,0.0528,2.987
36,BiLevel,6.3,0.9,4.43,12,0.5653,-2651.078,972.087,4970,262,-32.28,25.51,-59.84,55.08,-0.5334,0.3379,-10.336796760559082,1.0584603548049927,27.524494171142578,18.664913177490234,1.015783429145813,0.9922865629196167,0.6727168560028076,13.507448196411133,2.0427844524383545,4016.37060546875,0.1,1.0405256748199463,183896,-1.31,31.35,-78.49,88.97,-1.0083,0.5,-0.8366000652313232,0.15227888524532318,10.301667213439941,1.3179171085357666,0.1604890525341034,1.1712464094161987,0.954069197177887,6.170306205749512,0.05,1834,-32.28171634343968,25.508367804798453,262,-33.31530927219673,-31.87319730426136,0.6194254356074071,0.7690250724947417,0.12045429168013128,0.11052063582512711,0.2111,9.27,0.0524,2.987
37,BiLevel,9.5,0.8,4.415,12,0.4381,-2531.72,900.497,4970,262,-26.24,24.49,-59.01,50.39,-0.5094,0.3235,-10.405884742736816,1.1643072366714478,27.178443908691406,18.336503982543945,1.1958547830581665,1.1321957111358643,0.8780768513679504,13.95227336883545,3.8331010341644287,5268.1171875,0.1,1.0445207357406616,188866,-1.53,29.46,-72.11,84.65,-0.8796,0.5,-0.8261883854866028,0.1392456293106079,9.356154441833496,0.5059040784835815,0.13376933336257935,1.146039605140686,0.8829797506332397,7.020834445953369,0.05,2096,-26.243159348663443,24.48988181031126,262,-22.397112812690047,-27.97449149646257,0.5278793754274159,0.7698907885264002,0.11971325109469277,0.11039596037890705,0.2039,9.54,0.052,2.987
38,BiLevel,6.4,0.8,4.243,12,0.4768,-2592.613,940.004,4969,262,-27.56,27.67,-59.56,58.42,-0.5218,0.3385,-10.369938850402832,0.8189363479614258,16.05377197265625,7.262719631195068,0.9338802099227905,0.7587125897407532,0.4452120363712311,12.83985424041748,1.4166711568832397,694.5106201171875,0.1,1.0484195947647095,193835,1.45,28.57,-77.0,65.95,-0.9011,0.5,-0.9412795305252075,0.1482463926076889,9.516396522521973,0.7965807914733887,0.15997721254825592,1.273510456085205,1.1899549961090088,5.278128147125244,0.05,2358,-27.560945564615196,27.672450831366696,262,-20.023331029085735,-29.504521661839988,0.5832926668304476,0.7706540863217117,0.11900545363854266,0.11034046003974556,0.1749,9.76,0.052,2.987
39,BiLevel,6.4,0.9,3.541,12,0.3143,-2450.35,872.543,4970,262,-28.85,27.12,-59.68,58.69,-0.493,0.3255,-11.143166542053223,1.1616266965866089,19.91352081298828,11.153349876403809,0.9885812997817993,0.945550799369812,1.226121425628662,14.50135612487793,2.565898895263672,2968.9931640625,0.1,1.0523698329925537,198805,0.1,25.49,-69.15,79.25,-0.6684,0.5,-0.8588229417800903,0.16275903582572937,9.227758407592773,0.6360776424407959,0.16406676173210144,1.2307077646255493,0.9125831127166748,2.8854095935821533,0.05,2620,-28.846583182175813,27.119267133620152,262,-30.39117787637208,-25.992123506884827,0.5924026923712765,0.7713604013169945,0.1184368687787177,0.11020272990428785,0.2115,10.03,0.0521,2.985
40,BiLevel,6.3,0.9,4.494,12,0.3902,-2506.713,893.701,4970,262,-27.01,26.83,-59.59,57.95,-0.5044,0.3324,-10.407333374023438,0.984930694103241,19.89010238647461,11.171266555786133,0.9775468707084656,1.0560619831085205,0.4651630222797394,13.51987361907959,3.638188600540161,3516.1357421875,0.1,1.0563676357269287,203775,-2.68,24.37,-80.23,79.02,-0.8396,0.5,-0.9046456813812256,0.13825517892837524,8.788156509399414,0.3229377865791321,0.1480008214712143,1.227482557296753,1.1468156576156616,2.34516978263855,0.05,2882,-27.00822737787436,26.832998857883986,262,-26.589824715727254,-28.21029706377732,0.5686714587413836,0.7722494140390924,0.1177290704388896,0.11002151552201793,0.2736,10.37,0.0525,2.977
41,BiLevel,6.5,0.8,7.379,12,0.5131,-2405.553,879.712,4970,262,-25.57,27.39,-59.49,55.71,-0.484,0.3393,-9.614394187927246,1.1107076406478882,18.437118530273438,9.738496780395508,1.144994854927063,0.6719118356704712,0.6374353766441345,12.580058097839355,0.9054886698722839,2163.431640625,0.1,1.060438632965088,208745,1.02,23.64,-72.77,67.23,-1.251,0.5,-0.9944693446159363,0.16385802626609802,8.783283233642578,0.44127169251441956,0.1648690104484558,1.3730133771896362,0.6578921675682068,7.319214344024658,0.05,3144,-25.574562963579876,27.394274153992292,262,-21.968969365954397,-22.99265649381437,0.5620648278547918,0.7737980309791073,0.11660878949212312,0.10959317952876951,0.2846,10.66,0.0529,2.966
42,BiLevel,6.7,0.8,4.394,12,0.5083,-2347.43,797.531,4971,262,-27.69,29.21,-59.93,56.81,-0.4722,0.3199,-10.108856201171875,1.2746021747589111,20.596160888671875,11.92292308807373,1.1378540992736816,1.0248279571533203,0.9182765483856201,13.770370483398438,4.5246663093566895,3191.32421875,0.1,1.0644497871398926,213716,0.61,20.32,-50.13,72.04,-0.9477,0.5,-0.9789132475852966,0.16717039048671722,8.602777481079102,0.38218843936920166,0.15136422216892242,1.365968942642212,0.5170729756355286,6.147128105163574,0.05,3406,-27.693983744833265,29.2058740226938,262,-24.810954274001876,-28.95868671442333,0.6068839098234055,0.7745175620297253,0.11592400049558722,0.10955843747468735,0.3113,10.97,0.0532,2.951
43,BiLevel,10.7,0.9,3.833,12,0.5111,-2357.457,833.303,4970,262,-27.56,28.56,-59.92,55.86,-0.4743,0.3267,-10.420906066894531,0.7260181903839111,11.962569236755371,3.354544162750244,0.734257698059082,1.084125280380249,0.2950170338153839,13.053199768066406,2.507967472076416,536.4971923828125,0.1,1.0685760974884033,218686,-0.68,20.76,-48.93,54.31,-0.8945,0.5,-0.955371618270874,0.15584532916545868,8.663854598999023,0.5617117285728455,0.15245163440704346,1.3251093626022339,0.7517737746238708,3.0438685417175293,0.05,3668,-27.56216228363672,28.56276773584291,262,-23.15266076577337,-32.225501258436005,0.6000508722431387,0.7750731913957745,0.11532668886013339,0.10960011974409216,0.3191,11.25,0.0536,2.934
44,BiLevel,6.5,0.9,4.379,12,0.5561,-2360.058,821.483,4970,262,-25.97,27.35,-59.58,58.22,-0.4749,0.322,-10.146642684936523,0.785722553730011,19.788780212402344,11.213796615600586,0.7326126098632812,1.1637474298477173,0.30607882142066956,13.008705139160156,5.581571578979492,603.374267578125,0.1,1.0727057456970215,223656,1.25,16.06,-37.0,49.47,-0.9941,0.5,-1.0379037857055664,0.14865154027938843,8.2881441116333,0.3025414049625397,0.1523863673210144,1.3932721614837646,0.6123937964439392,2.076935291290283,0.05,3930,-25.97081845404329,27.348538623546816,262,-21.101317161047145,-23.861434430825085,0.5632401801283439,0.7757227841529882,0.11465923507752047,0.1096179807694912,0.3525,11.56,0.0541,2.912
45,BiLevel,6.5,1.0,5.43,12,0.5614,-2334.125,804.725,4971,262,-27.17,28.22,-59.7,58.35,-0.4695,0.321,-11.29358959197998,0.9910580515861511,40.49515914916992,31.917713165283203,1.0156100988388062,1.0068907737731934,1.133585810661316,14.385942459106445,2.5291333198547363,12727.7138671875,0.1,1.0767922401428223,228627,3.24,16.49,-50.91,53.89,-1.1045,0.5,-1.0455758571624756,0.15509003400802612,8.126058578491211,0.2554689049720764,0.1406654417514801,1.419363021850586,1.366119146347046,1.1745202541351318,0.05,4192,-27.168522721881526,28.21506846393696,262,-19.138924628613815,-22.117434292561132,0.5924059859352051,0.7766298031109772,0.11386277738692849,0.10950741950209437,0.3483,11.76,0.0548,2.893
46,BiLevel,6.5,0.9,4.372,12,0.5135,-2472.946,864.137,4971,262,-23.09,29.01,-59.62,57.35,-0.4975,0.3289,-9.922663688659668,0.8603167533874512,14.534486770629883,6.005465507507324,0.7860950827598572,0.967553973197937,0.454872190952301,12.725287437438965,3.5261335372924805,900.4366455078125,0.1,1.0809727907180786,233598,3.19,15.91,-35.61,47.69,-0.9507,0.5,-1.059308648109436,0.16663947701454163,8.233190536499023,0.4756593108177185,0.14114879071712494,1.4634203910827637,0.6226274967193604,1.4316823482513428,0.05,4454,-23.08528852693173,29.00519024967372,262,-15.0369633182099,-28.094663518980934,0.5525421031556654,0.7772940935994661,0.11322325724950313,0.10948264915103077,0.3222,11.83,0.0553,2.882
47,BiLevel,6.6,0.8,3.756,12,0.5664,-2372.657,821.456,4970,262,-30.62,26.07,-59.93,57.22,-0.4774,0.325,-10.534468650817871,1.318076729774475,27.199668884277344,18.62377166748047,1.512364387512207,0.9533392786979675,1.244551181793213,14.228819847106934,4.462777614593506,5511.6708984375,0.1,1.0851898193359375,238568,0.85,13.47,-40.19,33.67,-0.942,0.5,-1.1277121305465698,0.16721530258655548,8.236649513244629,0.5887563824653625,0.14600448310375214,1.5358028411865234,1.5670303106307983,3.2124788761138916,0.05,4716,-30.618822702811563,26.072776869950232,262,-22.265529313840364,-30.30300300646769,0.6075862406304697,0.7777454272739937,0.11266579580640175,0.10958877691960468,0.3033,11.79,0.0557,2.879
48,BiLevel,9.5,0.9,5.21,12,0.439,-2403.401,834.493,4971,262,-26.96,27.47,-59.6,58.32,-0.4835,0.323,-10.146842956542969,1.193645715713501,28.984840393066406,20.45811653137207,1.2920622825622559,1.4981300830841064,0.7219753265380859,14.177617073059082,7.145844459533691,7875.970703125,0.1,1.0894370079040527,243539,5.44,13.84,-34.27,43.19,-0.96,0.5,-1.1536976099014282,0.1551770567893982,7.84292459487915,0.30134454369544983,0.14423272013664246,1.5446791648864746,0.3103307783603668,4.721639156341553,0.05,4978,-26.9598786224038,27.469580839051286,262,-27.425618814500535,-25.745979954537592,0.5775353947451874,0.7786652034490464,0.11194890300414649,0.10938589354680717,0.372,11.96,0.056,2.865
49,BiLevel,6.6,0.9,5.937,12,0.4885,-2539.103,920.974,4971,262,-23.11,28.1,-59.64,54.82,-0.5108,0.3396,-10.842741966247559,0.7150726318359375,15.061769485473633,6.599800109863281,0.8962444067001343,1.5074198246002197,0.5029585361480713,13.945878028869629,1.5316882133483887,667.2789916992188,0.1,1.0936508178710938,248510,2.38,13.35,-34.71,37.46,-1.0822,0.5,-1.1878783702850342,0.1482742428779602,7.749553203582764,0.313629150390625,0.14423954486846924,1.5630457401275635,0.4897574484348297,3.229794502258301,0.05,5240,-23.110779468349705,28.09891871119085,262,-20.350458052911257,-22.086146126922806,0.5403110505149118,0.7797064223179853,0.11114671143053237,0.10914686625148241,0.2887,11.84,0.0561,2.868
50,BiLevel,6.7,0.9,4.847,12,0.4534,-2326.208,815.463,4970,262,-21.0,27.23,-59.37,57.47,-0.468,0.3299,-10.666936874389648,0.726024329662323,11.086811065673828,2.6679298877716064,0.7375180721282959,1.4584887027740479,0.4175788164138794,13.757877349853516,2.629368543624878,334.2842102050781,0.1,1.0978939533233643,253480,0.81,12.47,-35.82,42.95,-0.9381,0.5,-1.2346047163009644,0.14033143222332,7.582370758056641,0.24918314814567566,0.1447581946849823,1.5958948135375977,0.3488151729106903,2.955338954925537,0.05,5502,-20.998013555963844,27.225202418226523,262,-15.381365004966133,-19.677228607315765,0.5085453902935271,0.7804970729127199,0.1104946225672844,0.10900830451999592,0.3224,11.8,0.0564,2.869
51,BiLevel,6.6,1.1,4.148,12,0.5094,-2425.788,867.824,4970,262,-26.27,28.08,-59.64,55.86,-0.4881,0.3278,-11.367195129394531,1.2366257905960083,16.673282623291016,8.26089096069336,0.9390311241149902,1.6140879392623901,0.8930485844612122,15.632518768310547,2.4918432235717773,2850.591796875,0.1,1.1022026538848877,258450,1.39,13.57,-40.91,40.9,-0.9242,0.5,-1.252532958984375,0.1276332139968872,7.43248176574707,0.20119328796863556,0.12740075588226318,1.582728385925293,1.0850611925125122,1.5527085065841675,0.05,5764,-26.274996957748048,28.07548044050823,262,-20.546233847031466,-26.450857587237106,0.5777823328667427,0.7810602725972782,0.10992959499752238,0.10901013240519936,0.2619,11.57,0.0564,2.881
52,BiLevel,9.4,0.9,5.778,12,0.5211,-2448.861,876.861,4970,262,-20.47,28.45,-59.41,59.76,-0.4927,0.3475,-10.71481704711914,0.8749872446060181,27.51495361328125,19.110767364501953,1.0451260805130005,1.145488977432251,0.9338527321815491,13.784503936767578,3.5157690048217773,6822.03759765625,0.1,1.1064698696136475,263420,0.75,13.51,-35.71,32.61,-1.0989,0.5,-1.3075138330459595,0.12987832725048065,7.379132270812988,0.24818916618824005,0.1185971051454544,1.6419446468353271,0.30774787068367004,2.2437872886657715,0.05,6026,-20.47282825742269,28.44733329995624,262,-22.998226697978218,-19.408960594570164,0.5173331083875824,0.7819922621073834,0.1091774286692491,0.10883030922336745,0.3943,11.74,0.0568,2.877
53,BiLevel,6.6,1.0,4.761,12,0.6086,-2469.868,869.351,4971,262,-29.06,28.23,-59.78,57.46,-0.4969,0.3207,-11.273727416992188,0.69498610496521,15.989547729492188,7.635566711425781,0.7643484473228455,1.5425206422805786,0.5655948519706726,14.41709041595459,1.8111997842788696,592.24462890625,0.1,1.1107251644134521,268391,-1.48,11.92,-34.93,38.15,-1.0846,0.5,-1.3162293434143066,0.126593217253685,7.409671306610107,0.37641441822052,0.11938300728797913,1.6509921550750732,0.9838873147964478,4.03193998336792,0.05,6288,-29.060387383007356,28.23481207077493,262,-23.51651088195412,-28.534504870697862,0.6150220660238579,0.7825982685509377,0.10854529848624711,0.10885643296281512,0.3637,11.72,0.0572,2.881
54,BiLevel,6.6,1.1,5.281,12,0.5841,-2725.289,1032.556,4970,262,-29.13,28.58,-59.75,58.78,-0.5483,0.3475,-11.277406692504883,1.0290501117706299,37.80670166015625,29.4398250579834,1.174338698387146,1.272854208946228,1.6963547468185425,14.778600692749023,2.3126885890960693,10040.7841796875,0.1,1.1150529384613037,273361,-1.63,11.62,-32.72,31.13,-1.1122,0.5,-1.3849992752075195,0.12252525240182877,7.154691696166992,0.21594321727752686,0.12267732620239258,1.7060418128967285,0.25708794593811035,0.9689202904701233,0.05,6550,-29.132643750127052,28.581010248275465,262,-22.89118921443036,-22.72227077805682,0.6213021675280742,0.7833365917467348,0.10786498173455965,0.10879842651870544,0.4423,11.96,0.0573,2.867
55,BiLevel,6.5,0.9,6.802,12,0.4954,-2585.877,962.077,4970,262,-24.15,28.86,-59.87,57.74,-0.5203,0.3418,-11.36844539642334,0.8317328691482544,15.138877868652344,6.8371901512146,0.7496345043182373,1.617866039276123,0.4967100918292999,14.85680103302002,1.7255661487579346,814.1563110351562,0.1,1.1193633079528809,278331,-0.47,11.93,-40.91,37.18,-1.1756,0.5,-1.3848302364349365,0.11578027904033661,7.140921592712402,0.29607415199279785,0.11474206298589706,1.701849341392517,0.7114731669425964,1.8638761043548584,0.05,6812,-24.14546840195385,28.859327656200254,262,-22.751091521507817,-26.80324232229277,0.5613484112928309,0.7844855891124922,0.1070319176201474,0.10848249326736036,0.4538,12.23,0.0571,2.842
56,BiLevel,9.7,0.9,9.279,12,0.3057,-2506.003,913.031,4970,262,-22.71,29.03,-59.58,59.08,-0.5042,0.3465,-10.969417572021484,0.6919028759002686,11.863199234008789,3.5873756408691406,0.7808300852775574,1.5927106142044067,0.4888055920600891,14.162269592285156,3.3690361976623535,664.5278930664062,0.1,1.1236062049865723,283301,-0.48,11.14,-34.97,28.49,-1.2336,0.5,-1.396314024925232,0.12346968054771423,6.998036861419678,0.24476882815361023,0.10928134620189667,1.7259902954101562,2.8403329849243164,2.1272964477539062,0.05,7074,-22.709267477750014,29.032433903418514,262,-17.25654685144362,-31.546855841184914,0.5515751485283139,0.7863297828958652,0.10595694177769409,0.10771327532644083,0.3752,12.17,0.0575,2.842
57,BiLevel,6.8,1.0,7.343,12,0.62,-2368.5,810.65,4970,262,-20.85,29.52,-59.79,59.27,-0.4766,0.3219,-11.309582710266113,0.9312748312950134,17.85065460205078,9.592974662780762,0.923804759979248,1.8112167119979858,1.6374173164367676,15.249004364013672,2.4738352298736572,1876.164306640625,0.1,1.127921462059021,288271,-2.23,12.53,-35.71,32.87,-1.3543,0.5,-1.5048341751098633,0.11689791083335876,7.020782947540283,0.3565189242362976,0.12974461913108826,1.8116295337677002,0.1888171285390854,2.995142936706543,0.05,7336,-20.85189967754951,29.521562183440867,262,-21.925671605687395,-23.161065668495077,0.5358451924538638,0.7874572900908089,0.10507723720358952,0.10746547270560172,0.382,12.1,0.0579,2.848
58,BiLevel,6.8,1.1,5.862,12,0.5443,-2354.161,830.541,4971,262,-22.77,29.13,-59.49,59.08,-0.4736,0.329,-11.449764251708984,0.8334580659866333,18.689937591552734,10.468152046203613,0.8360437154769897,1.7859898805618286,0.688707172870636,15.179549217224121,4.055783271789551,956.5758666992188,0.1,1.1321852207183838,293242,-3.97,12.11,-37.32,32.03,-1.1305,0.5,-1.575554370880127,0.11523858457803726,6.915286540985107,0.3381308913230896,0.12006630003452301,1.888030767440796,0.1689077615737915,1.0429506301879883,0.05,7598,-22.771444092903927,29.13415846617053,262,-20.96637577383142,-28.48987715385462,0.5558734679138416,0.7883046820099028,0.1043793126332071,0.10731600535689012,0.3929,12.13,0.0575,2.846
59,BiLevel,6.6,1.1,5.956,12,0.4478,-2504.803,898.143,4970,262,-26.7,29.59,-59.92,58.85,-0.504,0.3424,-11.790724754333496,0.6900056600570679,13.052451133728027,4.866410255432129,0.752905547618866,1.6717510223388672,2.0757369995117188,15.098441123962402,1.9769912958145142,1139.5050048828125,0.1,1.1364656686782837,298212,-4.26,12.11,-36.94,28.84,-1.0434,0.5,-1.5778768062591553,0.10953807085752487,6.794717311859131,0.30244579911231995,0.12097515910863876,1.8716518878936768,2.6063649654388428,2.8450491428375244,0.05,7860,-26.698959082448237,29.587657937033445,262,-16.46725028843472,-28.953749767730113,0.6026539583134939,0.7892387878345342,0.10369151412792053,0.1070696980375452,0.3066,11.98,0.0567,2.852
