scenario,promotion_threshold,promotion_ratio,promotion_mid_gain,promotion_adapt_gain,freq_sharpe,noprom_sharpe,sharpe_delta,freq_return,noprom_return,return_delta,freq_post_shift_pnl,noprom_post_shift_pnl,post_shift_delta,freq_recovery_cost,noprom_recovery_cost,recovery_cost_delta,recovery_score,freq_promotion_count,freq_promotion_delay,freq_focus
persistent_shift,0.0002,0.15,0.0,0.0,15.84779072871435,15.84779072871435,0.0,0.24262805603606843,0.24262805603606843,0.0,0.06047758388492589,0.06047758388492589,0.0,0.0014347341615043186,0.0014347341615043186,0.0,-0.00218,640.8,21.8,0.8246003255289323
persistent_shift,0.0002,0.15,0.0,0.1,14.888620401472746,15.84779072871435,-0.959170327241603,0.23951820978301522,0.24262805603606843,-0.0031098462530532167,0.06573436703283193,0.06047758388492589,0.0052567831479060426,0.0026346156094369318,0.0014347341615043186,0.0011998814479326132,0.00405690169997343,632.8,0.0,0.8889199064410056
persistent_shift,0.0002,0.15,0.0,0.25,14.106824977144024,15.84779072871435,-1.7409657515703252,0.23252254650903428,0.24262805603606843,-0.010105509527034151,0.06491712213676355,0.06047758388492589,0.004439538251837662,0.002981257007150811,0.0014347341615043186,0.0015465228456464923,0.0028930154061911693,623.0,0.0,0.8514089380826497
persistent_shift,0.0002,0.15,0.0,0.5,13.315143606878575,15.84779072871435,-2.5326471218357742,0.22439368858010292,0.24262805603606843,-0.018234367455965517,0.06216836499886831,0.06047758388492589,0.0016907811139424203,0.0034615650300264546,0.0014347341615043186,0.002026830868522136,-0.002516049754579716,599.0,21.8,0.8259301116181217
persistent_shift,0.0002,0.15,0.0,0.75,13.169272477717328,15.84779072871435,-2.678518250997021,0.2285099659908536,0.24262805603606843,-0.014118090045214832,0.06538629479857727,0.06047758388492589,0.00490871091365138,0.0031485634302492065,0.0014347341615043186,0.001713829268744888,0.0010148816449064924,592.2,21.8,0.8196130255264655
persistent_shift,0.0002,0.15,0.5,0.0,15.321309135073074,15.84779072871435,-0.5264815936412752,0.23466224044615944,0.24262805603606843,-0.007965815589908998,0.0598832435427745,0.06047758388492589,-0.0005943403421513893,0.0015683568532000002,0.0014347341615043186,0.00013362269169568154,-0.002907963033847071,640.8,21.8,0.7005968001872924
persistent_shift,0.0002,0.15,0.5,0.1,14.852281213121461,15.84779072871435,-0.9955095155928877,0.23776723021007512,0.24262805603606843,-0.004860825825993315,0.06517400531791481,0.06047758388492589,0.004696421432988922,0.002633494677789022,0.0014347341615043186,0.0011987605162847035,0.0034976609167042183,632.8,0.0,0.835947950241386
persistent_shift,0.0002,0.15,0.5,0.25,14.203544875029774,15.84779072871435,-1.6442458536845752,0.23239734981824176,0.24262805603606843,-0.01023070621782668,0.0646352457265144,0.06047758388492589,0.004157661841588507,0.0029268076952160735,0.0014347341615043186,0.001492073533711755,0.0026655883078767523,623.0,0.0,0.8376217259809128
persistent_shift,0.0002,0.15,0.5,0.5,13.526857927200902,15.84779072871435,-2.3209328015134467,0.22535147577181175,0.24262805603606843,-0.017276580264256686,0.06204257174846591,0.06047758388492589,0.001564987863540021,0.0033494793785607962,0.0014347341615043186,0.0019147452170564776,-0.0025297573535164567,599.0,21.8,0.8164370960435164
persistent_shift,0.0002,0.15,0.5,0.75,13.439381777929432,15.84779072871435,-2.408408950784917,0.22950769609560612,0.24262805603606843,-0.013120359940462317,0.06535796181843703,0.06047758388492589,0.004880377933511142,0.0030333313404584633,0.0014347341615043186,0.0015985971789541447,0.0011017807545569969,592.2,21.8,0.8125372667095888
persistent_shift,0.0002,0.15,1.0,0.0,14.586822884458048,15.84779072871435,-1.2609678442563013,0.2238936454302482,0.24262805603606843,-0.018734410605820234,0.05891816182009727,0.06047758388492589,-0.0015594220648286194,0.0017902889033142844,0.0014347341615043186,0.0003555547418099658,-0.004094976806638585,640.8,21.8,0.6302145406441116
persistent_shift,0.0002,0.15,1.0,0.1,14.55911765168769,15.84779072871435,-1.28867307702666,0.23272624393074257,0.24262805603606843,-0.009901812105325869,0.06418855905910752,0.06047758388492589,0.0037109751741816258,0.0027016202837551137,0.0014347341615043186,0.001266886122250795,0.0024440890519308307,632.8,0.0,0.7570331969297591
persistent_shift,0.0002,0.15,1.0,0.25,14.069059432055283,15.84779072871435,-1.7787312966590658,0.22959378898369187,0.24262805603606843,-0.013034267052376564,0.06408623840533954,0.06047758388492589,0.0036086545204136525,0.00289792887408732,0.0014347341615043186,0.0014631947125830014,0.002145459807830651,623.0,0.0,0.7941142216428323
persistent_shift,0.0002,0.15,1.0,0.5,13.522061366975596,15.84779072871435,-2.3257293617387536,0.2242997260239404,0.24262805603606843,-0.018328330012128025,0.061708151967442726,0.06047758388492589,0.001230568082516835,0.003324009499804793,0.0014347341615043186,0.0018892753383004746,-0.0028387072557836397,599.0,21.8,0.7877245529909042
persistent_shift,0.0002,0.15,1.0,0.75,13.45836408381382,15.84779072871435,-2.3894266449005297,0.22902597151883777,0.24262805603606843,-0.013602084517230661,0.06517117449153184,0.06047758388492589,0.0046935906066059505,0.002989673150020039,0.0014347341615043186,0.0015549389885157203,0.0009586516180902301,592.2,21.8,0.7976762147341421
persistent_shift,0.0002,0.2,0.0,0.0,15.84779072871435,15.84779072871435,0.0,0.24262805603606843,0.24262805603606843,0.0,0.06047758388492589,0.06047758388492589,0.0,0.0014347341615043186,0.0014347341615043186,0.0,-0.0022,639.8,22.0,0.8246003255289323
persistent_shift,0.0002,0.2,0.0,0.1,14.917349839110642,15.84779072871435,-0.9304408896037071,0.23996488578065828,0.24262805603606843,-0.0026631702554101577,0.06534612701588596,0.06047758388492589,0.004868543130960072,0.0026324823570748617,0.0014347341615043186,0.001197748195570543,0.003670794935389529,630.8,0.0,0.8849871561615383
persistent_shift,0.0002,0.2,0.0,0.25,14.152880144684081,15.84779072871435,-1.6949105840302678,0.2334908540102251,0.24262805603606843,-0.009137202025843338,0.06363585014964313,0.06047758388492589,0.003158266264717234,0.0031370685094830987,0.0014347341615043186,0.0017023343479787801,-0.0007440680832615462,620.2,22.0,0.8595696309134118
persistent_shift,0.0002,0.2,0.0,0.5,13.3939183223203,15.84779072871435,-2.4538724063940496,0.22727611090754868,0.24262805603606843,-0.015351945128519756,0.06245178586327464,0.06047758388492589,0.001974201978348751,0.0036570000058638113,0.0014347341615043186,0.0022222658443594927,-0.0024480638660107417,576.6,22.0,0.8397342769636928
persistent_shift,0.0002,0.2,0.0,0.75,12.79547955508238,15.84779072871435,-3.052311173631969,0.22392501407836107,0.24262805603606843,-0.01870304195770736,0.06232647482677326,0.06047758388492589,0.0018488909418473698,0.00405762282036698,0.0014347341615043186,0.0026228886588626618,-0.002973997717015292,576.6,22.0,0.8077977796807282
persistent_shift,0.0002,0.2,0.5,0.0,15.33210297141386,15.84779072871435,-0.5156877573004888,0.23503760380420294,0.24262805603606843,-0.0075904522318654966,0.059914922682938986,0.06047758388492589,-0.0005626612019869054,0.0015693248500511666,0.0014347341615043186,0.00013459068854684798,-0.0028972518905337535,639.8,22.0,0.705595623752046
persistent_shift,0.0002,0.2,0.5,0.1,14.865121637007297,15.84779072871435,-0.9826690917070522,0.23820046267274778,0.24262805603606843,-0.004427593363320659,0.0648128025115859,0.06047758388492589,0.00433521862666001,0.002653898265333751,0.0014347341615043186,0.0012191641038294325,0.003116054522830578,630.8,0.0,0.832516368420616
persistent_shift,0.0002,0.2,0.5,0.25,14.222786858123225,15.84779072871435,-1.625003870591124,0.23306671017452946,0.24262805603606843,-0.009561345861538978,0.06337781712111565,0.06047758388492589,0.0029002332361897573,0.0030999629256121403,0.0014347341615043186,0.0016652287641078217,-0.0009649955279180645,620.2,22.0,0.8433773436475714
persistent_shift,0.0002,0.2,0.5,0.5,13.585308324421508,15.84779072871435,-2.2624824042928413,0.22768811347875303,0.24262805603606843,-0.0149399425573154,0.06230853723208322,0.06047758388492589,0.001830953347157327,0.003585796069466266,0.0014347341615043186,0.0021510619079619475,-0.0025201085608046207,576.6,22.0,0.833798728685613
persistent_shift,0.0002,0.2,0.5,0.75,13.072746460821287,15.84779072871435,-2.775044267893062,0.22457366726547293,0.24262805603606843,-0.01805438877059551,0.062236244585645514,0.06047758388492589,0.0017586607007196234,0.0038736710949270983,0.0014347341615043186,0.0024389369334227797,-0.0028802762327031564,576.6,22.0,0.8047015983695236
persistent_shift,0.0002,0.2,1.0,0.0,14.609620197863103,15.84779072871435,-1.2381705308512458,0.22464133141289727,0.24262805603606843,-0.017986724623171163,0.05898940246073653,0.06047758388492589,-0.0014881814241893623,0.0018062681047784572,0.0014347341615043186,0.00037153394327413855,-0.004059715367463501,639.8,22.0,0.6412356356528329
persistent_shift,0.0002,0.2,1.0,0.1,14.560153269543937,15.84779072871435,-1.287637459170412,0.23319908263341085,0.24262805603606843,-0.009428973402657581,0.06386589592121797,0.06047758388492589,0.003388312036292078,0.002745157610364456,0.0014347341615043186,0.0013104234488601372,0.0020778885874319407,630.8,0.0,0.7584048780690182
persistent_shift,0.0002,0.2,1.0,0.25,14.051272030131177,15.84779072871435,-1.7965186985831725,0.22984265873032964,0.24262805603606843,-0.0127853973057388,0.06284257957124292,0.06047758388492589,0.0023649956863170327,0.003100852675466945,0.0014347341615043186,0.0016661185139626262,-0.0015011228276455937,620.2,22.0,0.801744813989448
persistent_shift,0.0002,0.2,1.0,0.5,13.545776558383224,15.84779072871435,-2.302014170331125,0.22593872216340277,0.24262805603606843,-0.016689333872665663,0.061991043927100684,0.06047758388492589,0.0015134600421747926,0.0035709085494143753,0.0014347341615043186,0.0021361743879100567,-0.0028227143457352642,576.6,22.0,0.8029353660740636
persistent_shift,0.0002,0.2,1.0,0.75,13.074617395695546,15.84779072871435,-2.7731733330188035,0.2233994321608319,0.24262805603606843,-0.019228623875236522,0.06199890883500843,0.06047758388492589,0.001521324950082538,0.003776456628953927,0.0014347341615043186,0.002341722467449608,-0.0030203975173670704,576.6,22.0,0.7881767857435917
persistent_shift,0.0002,0.3,0.0,0.0,15.84779072871435,15.84779072871435,0.0,0.24262805603606843,0.24262805603606843,0.0,0.06047758388492589,0.06047758388492589,0.0,0.0014347341615043186,0.0014347341615043186,0.0,-0.00248,610.6,24.8,0.8246003255289323
persistent_shift,0.0002,0.3,0.0,0.1,15.04854004930092,15.84779072871435,-0.7992506794134293,0.24056859809112666,0.24262805603606843,-0.0020594579449417783,0.06443279479519456,0.06047758388492589,0.003955210910268674,0.002497452753655766,0.0014347341615043186,0.0010627185921514475,0.0004124923181172261,580.2,24.8,0.8981285244837702
persistent_shift,0.0002,0.3,0.0,0.25,14.402763234285558,15.84779072871435,-1.4450274944287909,0.2360298821602,0.24262805603606843,-0.006598173875868446,0.06337577288563036,0.06047758388492589,0.0028981890007044667,0.003195985686448932,0.0014347341615043186,0.0017612515249446135,0.0011369374757598531,536.8,-0.2,0.8576133984014984
persistent_shift,0.0002,0.3,0.0,0.5,13.851340355383694,15.84779072871435,-1.9964503733306547,0.2344086094526677,0.24262805603606843,-0.008219446583400736,0.06658128525359762,0.06047758388492589,0.006103701368671728,0.0033068152183387094,0.0014347341615043186,0.0018720810568343908,0.0019316203118373374,487.2,23.0,0.8305944368714242
persistent_shift,0.0002,0.3,0.0,0.75,13.204815800494837,15.84779072871435,-2.6429749282195125,0.2290232940306442,0.24262805603606843,-0.013604762005424237,0.06412398900096088,0.06047758388492589,0.0036464051160349856,0.004184936464038652,0.0014347341615043186,0.0027502023025343337,0.0008962028135006518,490.8,0.0,0.8287744293192183
persistent_shift,0.0002,0.3,0.5,0.0,15.387848841854941,15.84779072871435,-0.45994188685940784,0.23588599708438665,0.24262805603606843,-0.006742058951681784,0.05999382911052844,0.06047758388492589,-0.00048375477439745185,0.0015601718344545302,0.0014347341615043186,0.00012543767295021156,-0.0030891924473476634,610.6,24.8,0.715820793492982
persistent_shift,0.0002,0.3,0.5,0.1,14.97651277514482,15.84779072871435,-0.8712779535695283,0.23875457233472047,0.24262805603606843,-0.003873483701347963,0.06395946709692348,0.06047758388492589,0.0034818832119975843,0.0025370036472625863,0.0014347341615043186,0.0011022694857582677,-0.00010038627376068344,580.2,24.8,0.8439696893695334
persistent_shift,0.0002,0.3,0.5,0.25,14.437253093295158,15.84779072871435,-1.4105376354191907,0.2353668426876981,0.24262805603606843,-0.007261213348370321,0.06316124491274855,0.06047758388492589,0.0026836610278226578,0.0031515053037214904,0.0014347341615043186,0.0017167711422171718,0.0009668898856054859,536.8,-0.2,0.8437400467056356
persistent_shift,0.0002,0.3,0.5,0.5,13.992316484264126,15.84779072871435,-1.8554742444502228,0.23424158672268272,0.24262805603606843,-0.008386469313385714,0.06635526952338544,0.06047758388492589,0.00587768563845955,0.0032123834106668457,0.0014347341615043186,0.001777649249162527,0.001800036389297023,487.2,23.0,0.8174767752583734
persistent_shift,0.0002,0.3,0.5,0.75,13.446329298828237,15.84779072871435,-2.401461429886112,0.2293765081077749,0.24262805603606843,-0.013251547928293528,0.06420131391823117,0.06047758388492589,0.0037237300333052767,0.004003711176018058,0.0014347341615043186,0.0025689770145137392,0.0011547530187915375,490.8,0.0,0.8161895204930281
persistent_shift,0.0002,0.3,1.0,0.0,14.731626330452347,15.84779072871435,-1.1161643982620024,0.2264573382402876,0.24262805603606843,-0.01617071779578083,0.05914029540242398,0.06047758388492589,-0.0013372884825019124,0.0017693913848702658,0.0014347341615043186,0.0003346572233659472,-0.00415194570586786,610.6,24.8,0.6658815996401017
persistent_shift,0.0002,0.3,1.0,0.1,14.671614443345868,15.84779072871435,-1.1761762853684807,0.23399068374512372,0.24262805603606843,-0.008637372290944717,0.0630860992984922,0.06047758388492589,0.002608515413566305,0.0026425180954542165,0.0014347341615043186,0.001207783933949898,-0.001079268520383593,580.2,24.8,0.772347772370266
persistent_shift,0.0002,0.3,1.0,0.25,14.238779732749435,15.84779072871435,-1.6090109959649137,0.23197339935247188,0.24262805603606843,-0.010654656683596553,0.06253582423001507,0.06047758388492589,0.0020582403450891754,0.0031693294076559097,0.0014347341615043186,0.001734595246151591,0.00032364509893758426,536.8,-0.2,0.8013106919047793
persistent_shift,0.0002,0.3,1.0,0.5,13.870421976223671,15.84779072871435,-1.977368752490678,0.23151653822283214,0.24262805603606843,-0.011111517813236299,0.06586451632851155,0.06047758388492589,0.005386932443585658,0.0032811447757877003,0.0014347341615043186,0.0018464106142833817,0.0012405218293022767,487.2,23.0,0.7813974548525531
persistent_shift,0.0002,0.3,1.0,0.75,13.414237330080166,15.84779072871435,-2.4335533986341833,0.22777186280138845,0.24262805603606843,-0.014856193234679987,0.06413384842562012,0.06047758388492589,0.003656264540694225,0.003893395710209791,0.0014347341615043186,0.0024586615487054726,0.0011976029919887523,490.8,0.0,0.7931371113871563
persistent_shift,0.0002,0.4,0.0,0.0,15.84779072871435,15.84779072871435,0.0,0.24262805603606843,0.24262805603606843,0.0,0.06047758388492589,0.06047758388492589,0.0,0.0014347341615043186,0.0014347341615043186,0.0,-0.00214,504.6,21.4,0.8246003255289323
persistent_shift,0.0002,0.4,0.0,0.1,15.07844592965653,15.84779072871435,-0.7693447990578193,0.23921564279072166,0.24262805603606843,-0.0034124132453467737,0.06350677941325208,0.06047758388492589,0.0030291955283261937,0.002409225393114805,0.0014347341615043186,0.0009744912316104865,0.002054704296715707,492.8,-0.2,0.8801812091573245
persistent_shift,0.0002,0.4,0.0,0.25,14.456898231349385,15.84779072871435,-1.3908924973649643,0.2360695292205548,0.24262805603606843,-0.006558526815513638,0.06356960371460119,0.06047758388492589,0.003092019829675295,0.0030457359982939618,0.0014347341615043186,0.0016110018367896431,0.001481017992885652,468.0,-0.2,0.8401756890350487
persistent_shift,0.0002,0.4,0.0,0.5,13.910645087683132,15.84779072871435,-1.9371456410312167,0.23283901380439365,0.24262805603606843,-0.009789042231674788,0.06459749788614988,0.06047758388492589,0.0041199140012239885,0.0036281496079861504,0.0014347341615043186,0.0021934154464818317,-0.0005135014452578432,384.8,24.4,0.8269691139363182
persistent_shift,0.0002,0.4,0.0,0.75,13.390532469251179,15.84779072871435,-2.4572582594631704,0.23071966580176295,0.24262805603606843,-0.011908390234305483,0.06437930525593147,0.06047758388492589,0.0039017213710055773,0.003834462065450842,0.0014347341615043186,0.0023997279039465235,-0.0016780065329409463,382.6,31.8,0.8056130897432157
persistent_shift,0.0002,0.4,0.5,0.0,15.437384028592632,15.84779072871435,-0.4104067001217171,0.23668900886368888,0.24262805603606843,-0.005939047172379558,0.06012017277105312,0.06047758388492589,-0.00035741111387277424,0.0014924459995063713,0.0014347341615043186,5.7711838002052736e-05,-0.002555122951874827,504.6,21.4,0.7211731259228966
persistent_shift,0.0002,0.4,0.5,0.1,14.995610529958617,15.84779072871435,-0.8521801987557325,0.2375037411291904,0.24262805603606843,-0.005124314906878036,0.0630977263667741,0.06047758388492589,0.002620142481848213,0.0024703698896911554,0.0014347341615043186,0.0010356357281868368,0.0015845067536613762,492.8,-0.2,0.8300440055556134
persistent_shift,0.0002,0.4,0.5,0.25,14.498043235091696,15.84779072871435,-1.3497474936226528,0.23533654621345526,0.24262805603606843,-0.007291509822613174,0.0631607970438233,0.06047758388492589,0.002683213158897406,0.0030150733543898227,0.0014347341615043186,0.001580339192885504,0.0011028739660119019,468.0,-0.2,0.8191617252680921
persistent_shift,0.0002,0.4,0.5,0.5,14.026554453694697,15.84779072871435,-1.8212362750196522,0.23271754152841573,0.24262805603606843,-0.009910514507652707,0.06455372664783061,0.06047758388492589,0.004076142762904723,0.003492956478469922,0.0014347341615043186,0.0020582223169656032,-0.00042207955406087976,384.8,24.4,0.8196615888233257
persistent_shift,0.0002,0.4,0.5,0.75,13.587311626767725,15.84779072871435,-2.2604791019466237,0.23086550353758967,0.24262805603606843,-0.011762552498478768,0.06432283492143652,0.06047758388492589,0.0038452510365106288,0.003636987882790492,0.0014347341615043186,0.0022022537212861735,-0.0015370026847755448,382.6,31.8,0.8018049664723359
persistent_shift,0.0002,0.4,1.0,0.0,14.840516889809752,15.84779072871435,-1.007273838904597,0.2283591745309986,0.24262805603606843,-0.01426888150506983,0.059504404411508505,0.06047758388492589,-0.0009731794734173863,0.0016094836476027153,0.0014347341615043186,0.00017474948609839665,-0.0032879289595157827,504.6,21.4,0.6772097243244206
persistent_shift,0.0002,0.4,1.0,0.1,14.709254513517592,15.84779072871435,-1.1385362151967566,0.2332349067543574,0.24262805603606843,-0.009393149281711033,0.06239827904518437,0.06047758388492589,0.0019206951602584801,0.002567373112475061,0.0014347341615043186,0.0011326389509707423,0.0007880562092877378,492.8,-0.2,0.7674637528019373
persistent_shift,0.0002,0.4,1.0,0.25,14.305832638002837,15.84779072871435,-1.5419580907115122,0.23193080551353246,0.24262805603606843,-0.010697250522535978,0.06237708979498811,0.06047758388492589,0.0018995059100622158,0.0031260074808622173,0.0014347341615043186,0.0016912733193578987,0.0002082325907043171,468.0,-0.2,0.7832258481774448
persistent_shift,0.0002,0.4,1.0,0.5,13.916391913470378,15.84779072871435,-1.9313988152439716,0.23052068545089316,0.24262805603606843,-0.012107370585175276,0.06432853765523684,0.06047758388492589,0.003850953770310951,0.003448193747752118,0.0014347341615043186,0.0020134595862477994,-0.0006025058159368482,384.8,24.4,0.7918758280867693
persistent_shift,0.0002,0.4,1.0,0.75,13.543287562313418,15.84779072871435,-2.304503166400931,0.22919180789963103,0.24262805603606843,-0.013436248136437401,0.06403385079016069,0.06047758388492589,0.003556266905234799,0.003620082681731091,0.0014347341615043186,0.0021853485202267724,-0.0018090816149919733,382.6,31.8,0.7851365771874979
persistent_shift,0.0003,0.15,0.0,0.0,15.84779072871435,15.84779072871435,0.0,0.24262805603606843,0.24262805603606843,0.0,0.06047758388492589,0.06047758388492589,0.0,0.0014347341615043186,0.0014347341615043186,0.0,-0.0041600000000000005,416.8,41.6,0.8246003255289323
persistent_shift,0.0003,0.15,0.0,0.1,15.68028286664838,15.84779072871435,-0.16750786206596935,0.24561112456584033,0.24262805603606843,0.0029830685297718984,0.0626756219566892,0.06047758388492589,0.00219803807176331,0.0017078352090397378,0.0014347341615043186,0.00027310104753541916,-0.00023506297577210967,421.0,21.6,0.8704058304991669
persistent_shift,0.0003,0.15,0.0,0.25,15.459719586737851,15.84779072871435,-0.38807114197649817,0.24570893024958562,0.24262805603606843,0.0030808742135171874,0.06360208215100384,0.06047758388492589,0.0031244982660779477,0.002139964109466846,0.0014347341615043186,0.0007052299479625274,0.00025926831811541986,414.4,21.6,0.8256890991400045
persistent_shift,0.0003,0.15,0.0,0.5,14.646421772593403,15.84779072871435,-1.2013689561209464,0.23927263170815208,0.24262805603606843,-0.0033554243279163565,0.06317168961534367,0.06047758388492589,0.002694105730417777,0.0029498898919551315,0.0014347341615043186,0.001515155730450813,-0.0009810500000330363,387.2,21.6,0.8125886648599648
persistent_shift,0.0003,0.15,0.0,0.75,14.278948988008162,15.84779072871435,-1.568841740706187,0.23445787669821455,0.24262805603606843,-0.008170179337853883,0.06146919895241839,0.06047758388492589,0.000991615067492499,0.0033153781450949273,0.0014347341615043186,0.0018806439835906087,-0.00268902891609811,404.8,18.0,0.8154614077748296
persistent_shift,0.0003,0.15,0.5,0.0,15.706436226305474,15.84779072871435,-0.14135450240887515,0.24045811402069073,0.24262805603606843,-0.002169942015377707,0.06029194800066432,0.06047758388492589,-0.00018563588426157018,0.0014303822028520975,0.0014347341615043186,-4.351958652221068e-06,-0.004341283925609349,416.8,41.6,0.7778046553696638
persistent_shift,0.0003,0.15,0.5,0.1,15.662973495045325,15.84779072871435,-0.18481723366902436,0.24537449297809166,0.24262805603606843,0.002746436942023228,0.0626519729089063,0.06047758388492589,0.0021743890239804067,0.0016905849505002464,0.0014347341615043186,0.0002558507889959278,-0.00024146176501552152,421.0,21.6,0.8500558296111448
persistent_shift,0.0003,0.15,0.5,0.25,15.489937197964299,15.84779072871435,-0.35785353075005055,0.24590086946686135,0.24262805603606843,0.0032728134307929146,0.06358341639534078,0.06047758388492589,0.0031058325104148868,0.0020983627227288194,0.0014347341615043186,0.0006636285612245008,0.00028220394919038555,414.4,21.6,0.8136535939247306
persistent_shift,0.0003,0.15,0.5,0.5,14.73637096657591,15.84779072871435,-1.1114197621384392,0.23989637173922906,0.24262805603606843,-0.0027316842968393706,0.06320219077860009,0.06047758388492589,0.0027246068936742016,0.002864093372931954,0.0014347341615043186,0.0014293592114276352,-0.0008647523177534341,387.2,21.6,0.8113557595295973
persistent_shift,0.0003,0.15,0.5,0.75,14.396222552976962,15.84779072871435,-1.4515681757373873,0.23518366531102441,0.24262805603606843,-0.00744439072504402,0.0614515765582407,0.06047758388492589,0.0009739926733148066,0.0032642534626723314,0.0014347341615043186,0.0018295193011680128,-0.002655526627853206,404.8,18.0,0.8094385743222852
persistent_shift,0.0003,0.15,1.0,0.0,15.4959093100253,15.84779072871435,-0.35188141868904843,0.23735487620554144,0.24262805603606843,-0.005273179830526997,0.05997288630700879,0.06047758388492589,-0.0005046975779171015,0.0014390977126453523,0.0014347341615043186,4.363551141033702e-06,-0.004669061129058136,416.8,41.6,0.7411234448666217
persistent_shift,0.0003,0.15,1.0,0.1,15.609651419566386,15.84779072871435,-0.23813930914796266,0.2446839264505784,0.24262805603606843,0.0020558704145099693,0.06259776608228282,0.06047758388492589,0.0021201821973569276,0.0016917048831863895,0.0014347341615043186,0.0002569707216820709,-0.0002967885243251437,421.0,21.6,0.8120162610572329
persistent_shift,0.0003,0.15,1.0,0.25,15.489300341835673,15.84779072871435,-0.3584903868786764,0.24571802847081367,0.24262805603606843,0.003089972434745236,0.06354051775012586,0.06047758388492589,0.003062933865199964,0.0020787881634854915,0.0014347341615043186,0.0006440540019811728,0.00025887986321879077,414.4,21.6,0.7993369128497312
persistent_shift,0.0003,0.15,1.0,0.5,14.791161128380566,15.84779072871435,-1.0566296003337836,0.24017725205195067,0.24262805603606843,-0.002450803984117761,0.06320992237605533,0.06047758388492589,0.0027323384911294366,0.00277506372669199,0.0014347341615043186,0.0013403295651876713,-0.0007679910740582352,387.2,21.6,0.7999506633471879
persistent_shift,0.0003,0.15,1.0,0.75,14.479073435859954,15.84779072871435,-1.3687172928543951,0.23566449334825315,0.24262805603606843,-0.006963562687815283,0.061419896804954376,0.06047758388492589,0.0009423129200284847,0.003191911033460527,0.0014347341615043186,0.0017571768719562082,-0.0026148639519277235,404.8,18.0,0.8058761569604233
persistent_shift,0.0003,0.2,0.0,0.0,15.84779072871435,15.84779072871435,0.0,0.24262805603606843,0.24262805603606843,0.0,0.06047758388492589,0.06047758388492589,0.0,0.0014347341615043186,0.0014347341615043186,0.0,-0.004220000000000001,385.8,42.2,0.8246003255289323
persistent_shift,0.0003,0.2,0.0,0.1,15.701736772429038,15.84779072871435,-0.1460539562853107,0.24461221380930312,0.24262805603606843,0.001984157773234685,0.061600013479558055,0.06047758388492589,0.0011224295946321641,0.001659101452839986,0.0014347341615043186,0.00022436729133566745,-0.003321937696703504,380.6,42.2,0.8707002880090127
persistent_shift,0.0003,0.2,0.0,0.25,15.384568159043189,15.84779072871435,-0.46322256967116004,0.24271706088891087,0.24262805603606843,8.90048528424392e-05,0.061326583669581436,0.06047758388492589,0.000848999784655545,0.0020178047921858506,0.0014347341615043186,0.0005830706306815319,-0.001554070846025987,375.6,18.2,0.8455737707748167
persistent_shift,0.0003,0.2,0.0,0.5,14.751094472992936,15.84779072871435,-1.0966962557214135,0.23885567363935484,0.24262805603606843,-0.003772382396713597,0.06254193983807652,0.06047758388492589,0.0020643559531506248,0.0027155816617040656,0.0014347341615043186,0.001280847500199747,-0.0014164915470491223,388.4,22.0,0.8193327106825835
persistent_shift,0.0003,0.2,0.0,0.75,14.527949507016311,15.84779072871435,-1.319841221698038,0.23794209251842227,0.24262805603606843,-0.004685963517646163,0.0629903503687856,0.06047758388492589,0.002512766483859709,0.003018919216096643,0.0014347341615043186,0.0015841850545923243,-0.0012714185707326155,373.2,22.0,0.8241199556198995
persistent_shift,0.0003,0.2,0.5,0.0,15.715944846608778,15.84779072871435,-0.13184588210557102,0.2407008877772967,0.24262805603606843,-0.0019271682587717331,0.060320253196166115,0.06047758388492589,-0.00015733068875977557,0.001452343987919091,0.0014347341615043186,1.7609826414772363e-05,-0.004394940515174549,385.8,42.2,0.7834070712579834
persistent_shift,0.0003,0.2,0.5,0.1,15.684806064229495,15.84779072871435,-0.1629846644848545,0.24440694055216605,0.24262805603606843,0.0017788845160976174,0.06157879489155425,0.06047758388492589,0.0011012110066283623,0.0016838137274550352,0.0014347341615043186,0.00024907956595071655,-0.003367868559322355,380.6,42.2,0.8466595968111088
persistent_shift,0.0003,0.2,0.5,0.25,15.411595844126861,15.84779072871435,-0.4361948845874881,0.24288486028584924,0.24262805603606843,0.0002568042497808065,0.061302158000027265,0.06047758388492589,0.0008245741151013744,0.001987902117922537,0.0014347341615043186,0.0005531679564182183,-0.001548593841316844,375.6,18.2,0.840191932717555
persistent_shift,0.0003,0.2,0.5,0.5,14.833784777671173,15.84779072871435,-1.0140059510431758,0.2393044114979793,0.24262805603606843,-0.0033236445380891433,0.06250601064567207,0.06047758388492589,0.002028426760746181,0.0026569989062232868,0.0014347341615043186,0.0012222647447189682,-0.0013938379839727871,388.4,22.0,0.8147581076993973
persistent_shift,0.0003,0.2,0.5,0.75,14.658087606759244,15.84779072871435,-1.1897031219551053,0.23844149828666383,0.24262805603606843,-0.004186557749404601,0.06293014394977808,0.06047758388492589,0.0024525600648521925,0.0029461566305429344,0.0014347341615043186,0.0015114224690386158,-0.0012588624041864234,373.2,22.0,0.8240406357238339
persistent_shift,0.0003,0.2,1.0,0.0,15.519965447622287,15.84779072871435,-0.3278252810920623,0.23791029029207392,0.24262805603606843,-0.0047177657439945175,0.06005542542922365,0.06047758388492589,-0.0004221584557022387,0.0015203979052841126,0.0014347341615043186,8.566374377979398e-05,-0.004727822199482033,385.8,42.2,0.7494764853614884
persistent_shift,0.0003,0.2,1.0,0.1,15.636873769235782,15.84779072871435,-0.21091695947856692,0.24379627475784882,0.24262805603606843,0.001168218721780384,0.061533617740233096,0.06047758388492589,0.001056033855307205,0.0017125133019897283,0.0014347341615043186,0.0002777791404854097,-0.0034417452851782052,380.6,42.2,0.8218718151625997
persistent_shift,0.0003,0.2,1.0,0.25,15.411463201068935,15.84779072871435,-0.43632752764541394,0.2427313793056029,0.24262805603606843,0.00010332326953446658,0.06126244658817204,0.06047758388492589,0.0007848627032461461,0.0019826392598344855,0.0014347341615043186,0.0005479050983301669,-0.0015830423950840208,375.6,18.2,0.8240990751124455
persistent_shift,0.0003,0.2,1.0,0.5,14.881844338181017,15.84779072871435,-0.9659463905333325,0.23949004698981957,0.24262805603606843,-0.003138009046248863,0.0624430052000136,0.06047758388492589,0.001965421315087708,0.00259562215908919,0.0014347341615043186,0.0011608879975848712,-0.0013954666824971635,388.4,22.0,0.804246325958251
persistent_shift,0.0003,0.2,1.0,0.75,14.737525120403623,15.84779072871435,-1.1102656083107263,0.23872719879641507,0.24262805603606843,-0.0039008572396533603,0.06284515722784163,0.06047758388492589,0.0023675733429157422,0.0028808949336365346,0.0014347341615043186,0.001446160772132216,-0.0012785874292164739,373.2,22.0,0.8218923995905805
persistent_shift,0.0003,0.3,0.0,0.0,15.84779072871435,15.84779072871435,0.0,0.24262805603606843,0.24262805603606843,0.0,0.06047758388492589,0.06047758388492589,0.0,0.0014347341615043186,0.0014347341615043186,0.0,-0.00548,262.0,54.8,0.8246003255289323
persistent_shift,0.0003,0.3,0.0,0.1,15.817768287952955,15.84779072871435,-0.030022440761394265,0.24352268191726992,0.24262805603606843,0.0008946258812014829,0.0606679510900993,0.06047758388492589,0.00019036720517340983,0.0014241885782361157,0.0014347341615043186,-1.0545583268202876e-05,-0.011639087211558388,226.8,118.4,0.858883868169489
persistent_shift,0.0003,0.3,0.0,0.25,15.64329090811689,15.84779072871435,-0.20449982059745864,0.24422665047043096,0.24262805603606843,0.001598594434362527,0.061022419574881345,0.06047758388492589,0.0005448356899554543,0.0016445660846868548,0.0014347341615043186,0.00020983192318253623,-0.011524996233227083,213.8,118.6,0.8405875907311682
persistent_shift,0.0003,0.3,0.0,0.5,15.304526487789749,15.84779072871435,-0.5432642409246,0.24252877679679585,0.24262805603606843,-9.927923927258164e-05,0.06148429822194738,0.06047758388492589,0.001006714337021486,0.002043569080564421,0.0014347341615043186,0.0006088349190601023,-0.011462120582038618,230.8,118.6,0.8466925208807924
persistent_shift,0.0003,0.3,0.0,0.75,14.950743113478193,15.84779072871435,-0.897047615236156,0.2408414490446192,0.24262805603606843,-0.0017866069914492244,0.061802976442746994,0.06047758388492589,0.0013253925578211034,0.002581755094225829,0.0014347341615043186,0.0011470209327215106,-0.011681628374900409,215.8,118.6,0.8330617858419831
persistent_shift,0.0003,0.3,0.5,0.0,15.757593313107439,15.84779072871435,-0.09019741560691052,0.24124049733537056,0.24262805603606843,-0.0013875587006978718,0.06037096163109394,0.06047758388492589,-0.00010662225383194918,0.0014310741597115134,0.0014347341615043186,-3.6600017928052186e-06,-0.005582962252039143,262.0,54.8,0.7928076823743077
persistent_shift,0.0003,0.3,0.5,0.1,15.802077461943464,15.84779072871435,-0.0457132667708855,0.24338111366075474,0.24262805603606843,0.0007530576246863041,0.06065122489230699,0.06047758388492589,0.0001736410073810979,0.0014357704646150878,0.0014347341615043186,1.0363031107691722e-06,-0.011667395295729672,226.8,118.4,0.8478120355432754
persistent_shift,0.0003,0.3,0.5,0.25,15.662989661462612,15.84779072871435,-0.18480106725173684,0.244396598477968,0.24262805603606843,0.0017685424418995566,0.06101058060929819,0.06047758388492589,0.0005329967243722991,0.0016357447084239189,0.0014347341615043186,0.00020101054691960027,-0.011528013822547301,213.8,118.6,0.8321481298842432
persistent_shift,0.0003,0.3,0.5,0.5,15.36091423739929,15.84779072871435,-0.4868764913150585,0.24284089689186894,0.24262805603606843,0.0002128408558005057,0.061464583944723906,0.06047758388492589,0.0009870000597980155,0.0020028633199214536,0.0014347341615043186,0.000568129158417135,-0.011441129098619121,230.8,118.6,0.8418838118952593
persistent_shift,0.0003,0.3,0.5,0.75,15.049104072020953,15.84779072871435,-0.7986866566933966,0.2412707411740437,0.24262805603606843,-0.0013573148620247277,0.06175560067793261,0.06047758388492589,0.0012780167930067157,0.002491399211916575,0.0014347341615043186,0.0010566650504122564,-0.011638648257405541,215.8,118.6,0.8315941699182468
persistent_shift,0.0003,0.3,1.0,0.0,15.622093751868238,15.84779072871435,-0.2256969768461108,0.23924420703566573,0.24262805603606843,-0.0033838490004027,0.06019866967158659,0.06047758388492589,-0.0002789142133393027,0.0014499724080829475,0.0014347341615043186,1.5238246578628926e-05,-0.005774152459917931,262.0,54.8,0.7750660449713831
persistent_shift,0.0003,0.3,1.0,0.1,15.761074976360192,15.84779072871435,-0.08671575235415752,0.24292463729680724,0.24262805603606843,0.00029658126073880964,0.06061924175045759,0.06047758388492589,0.0001416578655316983,0.0014523807583270716,0.0014347341615043186,1.7646596822752962e-05,-0.011715988731291056,226.8,118.4,0.8292096226437986
persistent_shift,0.0003,0.3,1.0,0.25,15.656697838704295,15.84779072871435,-0.19109289001005436,0.24426846509681982,0.24262805603606843,0.0016404090607513855,0.06099750431235018,0.06047758388492589,0.0005199204274242905,0.0016264010133837305,0.0014347341615043186,0.0001916668518794119,-0.011531746424455123,213.8,118.6,0.8239590156783614
persistent_shift,0.0003,0.3,1.0,0.5,15.388575206695716,15.84779072871435,-0.45921552201863314,0.24292936791350567,0.24262805603606843,0.00030131187743723253,0.06142154054688983,0.06047758388492589,0.0009439566619639378,0.0019547463406368562,0.0014347341615043186,0.0005200121791325376,-0.0114360555171686,230.8,118.6,0.8345913531323179
persistent_shift,0.0003,0.3,1.0,0.75,15.10814386240757,15.84779072871435,-0.7396468663067797,0.24149159950122692,0.24262805603606843,-0.0011364565348415123,0.06166549216286403,0.06047758388492589,0.0011879082779381392,0.002387989332923817,0.0014347341615043186,0.0009532551714194985,-0.01162534689348136,215.8,118.6,0.8261356658989737
persistent_shift,0.0003,0.4,0.0,0.0,15.84779072871435,15.84779072871435,0.0,0.24262805603606843,0.24262805603606843,0.0,0.06047758388492589,0.06047758388492589,0.0,0.0014347341615043186,0.0014347341615043186,0.0,-0.00818,167.4,81.8,0.8246003255289323
persistent_shift,0.0003,0.4,0.0,0.1,15.939593777540622,15.84779072871435,0.09180304882627333,0.242999784104896,0.24262805603606843,0.00037172806882757037,0.06043139953011405,0.06047758388492589,-4.61843548118443e-05,0.0014062662798676128,0.0014347341615043186,-2.8467881636705817e-05,-0.011217716473175139,152.4,112.0,0.8656431153493702
persistent_shift,0.0003,0.4,0.0,0.25,15.941514072791454,15.84779072871435,0.09372334407710525,0.24424662792982144,0.24262805603606843,0.0016185718937530014,0.060634565951678,0.06047758388492589,0.00015698206675211074,0.0013943050637666575,0.0014347341615043186,-4.042909773766109e-05,-0.011002588835510228,155.0,112.0,0.8398369683327965
persistent_shift,0.0003,0.4,0.0,0.5,15.716453820879227,15.84779072871435,-0.13133690783512186,0.24263015922859,0.24262805603606843,2.103192521557551e-06,0.06048447918797464,0.06047758388492589,6.895303048745638e-06,0.0013824804065459822,0.0014347341615043186,-5.225375495833645e-05,-0.011140850941992918,141.0,112.0,0.8237258012534238
persistent_shift,0.0003,0.4,0.0,0.75,15.6829289239845,15.84779072871435,-0.16486180472984913,0.2430383815383514,0.24262805603606843,0.0004103255022829544,0.06038331736501812,0.06047758388492589,-9.426651990777218e-05,0.0013908994011338324,0.0014347341615043186,-4.3834760370486166e-05,-0.011250431759537285,162.0,112.0,0.829371158768954
persistent_shift,0.0003,0.4,0.5,0.0,15.788466196115257,15.84779072871435,-0.059324532599092095,0.24172540188047803,0.24262805603606843,-0.0009026541555904044,0.0604454394138489,0.06047758388492589,-3.214447107698776e-05,0.0014332067792487747,0.0014347341615043186,-1.5273822555439236e-06,-0.008210617088821443,167.4,81.8,0.807510580038976
persistent_shift,0.0003,0.4,0.5,0.1,15.92961915453466,15.84779072871435,0.08182842582031036,0.24289693604349177,0.24262805603606843,0.00026888000742333884,0.060428480919006,0.06047758388492589,-4.9102965919888e-05,0.0014062662798676128,0.0014347341615043186,-2.8467881636705817e-05,-0.011220635084283183,152.4,112.0,0.8536378983217858
persistent_shift,0.0003,0.4,0.5,0.25,15.949508909666406,15.84779072871435,0.10171818095205687,0.2443193437864076,0.24262805603606843,0.0016912877503391655,0.06063189796772521,0.06047758388492589,0.00015431408279931863,0.0013943050637666575,0.0014347341615043186,-4.042909773766109e-05,-0.01100525681946302,155.0,112.0,0.8355867628798223
persistent_shift,0.0003,0.4,0.5,0.5,15.748660544381343,15.84779072871435,-0.09913018433300635,0.24284237313692772,0.24262805603606843,0.0002143171008592848,0.06047731600070967,0.06047758388492589,-2.6788421621931624e-07,0.0013824804065459822,0.0014347341615043186,-5.225375495833645e-05,-0.011148014129257883,141.0,112.0,0.8208309274131047
persistent_shift,0.0003,0.4,0.5,0.75,15.741540311967517,15.84779072871435,-0.10625041674683189,0.24342384860137506,0.24262805603606843,0.0007957925653066245,0.06037029004427308,0.06047758388492589,-0.00010729384065281261,0.0013811297511755623,0.0014347341615043186,-5.360441032875628e-05,-0.011253689430324057,162.0,112.0,0.8259953254644827
persistent_shift,0.0003,0.4,1.0,0.0,15.695531686575336,15.84779072871435,-0.1522590421390131,0.2403969263349363,0.24262805603606843,-0.002231129701132123,0.06039914949756844,0.06047758388492589,-7.84343873574539e-05,0.0014318954746840036,0.0014347341615043186,-2.8386868203150468e-06,-0.008255595700537138,167.4,81.8,0.7937428720367885
persistent_shift,0.0003,0.4,1.0,0.1,15.900531584379795,15.84779072871435,0.05274085566544606,0.2425579423330842,0.24262805603606843,-7.011370298423691e-05,0.060424198834861775,0.06047758388492589,-5.338505006411559e-05,0.0014062662798676128,0.0014347341615043186,-2.8467881636705817e-05,-0.01122491716842741,152.4,112.0,0.8395230279607928
persistent_shift,0.0003,0.4,1.0,0.25,15.933019434503535,15.84779072871435,0.08522870578918607,0.24411660466490037,0.24262805603606843,0.0014885486288319372,0.06062754240863764,0.06047758388492589,0.00014995852371174623,0.0013943050637666575,0.0014347341615043186,-4.042909773766109e-05,-0.011009612378550592,155.0,112.0,0.8295264620942804
persistent_shift,0.0003,0.4,1.0,0.5,15.76270750753481,15.84779072871435,-0.08508322117953959,0.24288267602501074,0.24262805603606843,0.00025461998894230065,0.06046391489296639,0.06047758388492589,-1.3668991959502053e-05,0.0013824804065459822,0.0014347341615043186,-5.225375495833645e-05,-0.011161415237001166,141.0,112.0,0.8183486667662564
persistent_shift,0.0003,0.4,1.0,0.75,15.780531293466634,15.84779072871435,-0.06725943524771516,0.24366559637780688,0.24262805603606843,0.0010375403417384466,0.060349047799776324,0.06047758388492589,-0.0001285360851495665,0.0013846081203466036,0.0014347341615043186,-5.0126041157714987e-05,-0.011278410043991851,162.0,112.0,0.8221032618091559
persistent_shift,0.00035,0.15,0.0,0.0,15.84779072871435,15.84779072871435,0.0,0.24262805603606843,0.24262805603606843,0.0,0.06047758388492589,0.06047758388492589,0.0,0.0014347341615043186,0.0014347341615043186,0.0,-0.01058,265.0,105.8,0.8246003255289323
persistent_shift,0.00035,0.15,0.0,0.1,15.838672789293023,15.84779072871435,-0.009117939421326327,0.24416680640646918,0.24262805603606843,0.0015387503704007433,0.06094059795719946,0.06047758388492589,0.0004630140722735668,0.001456420574595911,0.0014347341615043186,2.1686413091592327e-05,-0.010158672340818025,275.6,106.0,0.8782206246202989
persistent_shift,0.00035,0.15,0.0,0.25,15.54474910583321,15.84779072871435,-0.303041622881139,0.24229458066817983,0.24262805603606843,-0.0003334753678886082,0.06058333757349761,0.06047758388492589,0.00010575368857172057,0.001587291722928574,0.0014347341615043186,0.0001525575614242554,-0.010646803872852535,263.8,106.0,0.862868503662677
persistent_shift,0.00035,0.15,0.0,0.5,15.350014359681527,15.84779072871435,-0.4977763690328221,0.2409655780676634,0.24262805603606843,-0.0016624779684050461,0.06098907351875381,0.06047758388492589,0.0005114896338279176,0.00190899476404961,0.0014347341615043186,0.00047426060254529144,-0.010582770968717375,258.6,106.2,0.8326012547222982
persistent_shift,0.00035,0.15,0.0,0.75,15.222858151985779,15.84779072871435,-0.62493257672857,0.24081683347648597,0.24262805603606843,-0.001811222559582465,0.061297489310701794,0.06047758388492589,0.0008199054257759034,0.0021896676889498526,0.0014347341615043186,0.000754933527445534,-0.010555028101669632,254.8,106.2,0.829911735927738
persistent_shift,0.00035,0.15,0.5,0.0,15.778994775914853,15.84779072871435,-0.06879595279949591,0.2415917177572354,0.24262805603606843,-0.0010363382788330378,0.06036452466066048,0.06047758388492589,-0.00011305922426541049,0.0014343814040372442,0.0014347341615043186,-3.5275746707442816e-07,-0.010692706466798338,265.0,105.8,0.7985223687750664
persistent_shift,0.00035,0.15,0.5,0.1,15.82924125389609,15.84779072871435,-0.018549474818259526,0.24406031954277202,0.24262805603606843,0.001432263506703585,0.06092303376329953,0.06047758388492589,0.00044544987837363825,0.001443635701845049,0.0014347341615043186,8.901540340730454e-06,-0.010163451661967093,275.6,106.0,0.8670976781500694
persistent_shift,0.00035,0.15,0.5,0.25,15.563991350771383,15.84779072871435,-0.28379937794296595,0.2424704729269367,0.24262805603606843,-0.0001575831091317481,0.060575105875697643,0.06047758388492589,9.752199077175255e-05,0.0015808760848310093,0.0014347341615043186,0.00014614192332669074,-0.010648619932554938,263.8,106.0,0.8540697316864148
persistent_shift,0.00035,0.15,0.5,0.5,15.394523001744655,15.84779072871435,-0.45326772696969364,0.24133201885783948,0.24262805603606843,-0.0012960371782289593,0.06098386843039074,0.06047758388492589,0.0005062845454648496,0.0018930085277881,0.0014347341615043186,0.00045827436628378135,-0.010571989820818932,258.6,106.2,0.8335546163341402
persistent_shift,0.00035,0.15,0.5,0.75,15.286432364372569,15.84779072871435,-0.5613583643417801,0.24127039256950739,0.24262805603606843,-0.0013576634665610487,0.061295235416374806,0.06047758388492589,0.0008176515314489152,0.0021607337222031425,0.0014347341615043186,0.0007259995606988239,-0.01052834802924991,254.8,106.2,0.829156370033607
persistent_shift,0.00035,0.15,1.0,0.0,15.677569077052084,15.84779072871435,-0.17022165166226522,0.24010234117146528,0.24262805603606843,-0.0025257148646031513,0.06020020792522943,0.06047758388492589,-0.00027737595969645756,0.0014746530741108251,0.0014347341615043186,3.991891260650654e-05,-0.010897294872302964,265.0,105.8,0.77748725687805
persistent_shift,0.00035,0.15,1.0,0.1,15.805673752835844,15.84779072871435,-0.04211697587850516,0.24376604239424776,0.24262805603606843,0.001137986358179327,0.06088673260060521,0.06047758388492589,0.00040914871567931943,0.0014403894984723494,0.0014347341615043186,5.655336968030762e-06,-0.01019650662128871,275.6,106.0,0.8503309791347657
persistent_shift,0.00035,0.15,1.0,0.25,15.570550418374534,15.84779072871435,-0.2772403103398151,0.24249244679215698,0.24262805603606843,-0.00013560924391145535,0.06056275108644661,0.06047758388492589,8.516720152072083e-05,0.0015753423506536615,0.0014347341615043186,0.00014060818914934286,-0.010655440987628622,263.8,106.0,0.8435831747383922
persistent_shift,0.00035,0.15,1.0,0.5,15.42643437611054,15.84779072871435,-0.42135635260380866,0.24158408489942745,0.24262805603606843,-0.001043971136640981,0.06097704469955443,0.06047758388492589,0.0004994608146285384,0.001876922562269645,0.0014347341615043186,0.00044218840076532635,-0.01056272758613679,258.6,106.2,0.8234220295312034
persistent_shift,0.00035,0.15,1.0,0.75,15.338408108246957,15.84779072871435,-0.5093826204673917,0.24165841517489367,0.24262805603606843,-0.0009696408611747642,0.061290296713729875,0.06047758388492589,0.0008127128288039839,0.002129139704711036,0.0014347341615043186,0.0006944055432067174,-0.010501692714402735,254.8,106.2,0.826571101776698
persistent_shift,0.00035,0.2,0.0,0.0,15.84779072871435,15.84779072871435,0.0,0.24262805603606843,0.24262805603606843,0.0,0.06047758388492589,0.06047758388492589,0.0,0.0014347341615043186,0.0014347341615043186,0.0,-0.01174,240.4,117.4,0.8246003255289323
persistent_shift,0.00035,0.2,0.0,0.1,15.846425206734839,15.84779072871435,-0.0013655219795101203,0.24433631522504434,0.24262805603606843,0.001708259188975908,0.060867611663722884,0.06047758388492589,0.0003900277787969933,0.0015070861026065794,0.0014347341615043186,7.23519411022608e-05,-0.011422324162305268,239.6,117.4,0.871612751370224
persistent_shift,0.00035,0.2,0.0,0.25,15.565874158803961,15.84779072871435,-0.28191656991038805,0.2430144782677882,0.24262805603606843,0.0003864222317197519,0.06049202254330539,0.06047758388492589,1.4438658379502256e-05,0.0017640883095534124,0.0014347341615043186,0.00032935414804909384,-0.012034915489669593,231.4,117.2,0.8603021416606704
persistent_shift,0.00035,0.2,0.0,0.5,15.270006130540562,15.84779072871435,-0.5777845981737872,0.2425424953271384,0.24262805603606843,-8.556070893003809e-05,0.060508760468297805,0.06047758388492589,3.117658337191409e-05,0.002125094543895913,0.0014347341615043186,0.0006903603823915942,-0.012379183799019682,222.6,117.2,0.8541212064283039
persistent_shift,0.00035,0.2,0.0,0.75,15.059590473913778,15.84779072871435,-0.7882002548005715,0.2385958802008433,0.24262805603606843,-0.004032175835225138,0.05987887373833904,0.06047758388492589,-0.0005987101465868491,0.001935745384747924,0.0014347341615043186,0.0005010112232436055,-0.006459721369830454,223.6,53.6,0.8178496343916756
persistent_shift,0.00035,0.2,0.5,0.0,15.79187535875053,15.84779072871435,-0.055915369963818407,0.24175598951521104,0.24262805603606843,-0.0008720665208573897,0.060376393533284466,0.06047758388492589,-0.00010119035164142531,0.0014485056281048209,0.0014347341615043186,1.3771466600502255e-05,-0.011854961818241928,240.4,117.4,0.8020763530735792
persistent_shift,0.00035,0.2,0.5,0.1,15.837963216698563,15.84779072871435,-0.0098275120157858,0.24425622756634616,0.24262805603606843,0.0016281715302777222,0.06084930778945308,0.06047758388492589,0.0003717239045271867,0.0015217077707335934,0.0014347341615043186,8.697360922927484e-05,-0.011455249704702089,239.6,117.4,0.8619749006267658
persistent_shift,0.00035,0.2,0.5,0.25,15.578725581800338,15.84779072871435,-0.26906514691401107,0.2431561997331509,0.24262805603606843,0.000528143697082456,0.060483254253952526,0.06047758388492589,5.670369026634925e-06,0.001764737860365771,0.0014347341615043186,0.00033000369886145237,-0.012044333329834818,231.4,117.2,0.8525403097269397
persistent_shift,0.00035,0.2,0.5,0.5,15.303210892955004,15.84779072871435,-0.544579835759345,0.24281323878000824,0.24262805603606843,0.0001851827439398046,0.060500439297458075,0.06047758388492589,2.2855412532184205e-05,0.0020929095780014687,0.0014347341615043186,0.0006581754164971501,-0.012355320003964967,222.6,117.2,0.8489238131484239
persistent_shift,0.00035,0.2,0.5,0.75,15.113099759672343,15.84779072871435,-0.7346909690420063,0.238959684781734,0.24262805603606843,-0.003668371254334446,0.0598737720894435,0.06047758388492589,-0.000603811795482391,0.0019018969406023197,0.0014347341615043186,0.0004671627790980011,-0.006430974574580393,223.6,53.6,0.8105441636490494
persistent_shift,0.00035,0.2,1.0,0.0,15.707902888522067,15.84779072871435,-0.13988784019228184,0.24049704992196036,0.24262805603606843,-0.002131006114108075,0.06023222947248876,0.06047758388492589,-0.0002453544124371293,0.0014720113297015036,0.0014347341615043186,3.727716819718497e-05,-0.012022631580634314,240.4,117.4,0.7875728709350811
persistent_shift,0.00035,0.2,1.0,0.1,15.817177826792493,15.84779072871435,-0.03061290192185595,0.2440154462890216,0.24262805603606843,0.0013873902529531745,0.06082476938455017,0.06047758388492589,0.0003471854996242793,0.0015363174750650972,0.0014347341615043186,0.00010158331356077861,-0.0114943978139365,239.6,117.4,0.8466231762718571
persistent_shift,0.00035,0.2,1.0,0.25,15.581025198049645,15.84779072871435,-0.26676553066470454,0.24317472834847353,0.24262805603606843,0.0005466723124050998,0.06046806308429407,0.06047758388492589,-9.5208006318237e-06,0.0017779320644899608,0.0014347341615043186,0.00034319790298564215,-0.012072718703617468,231.4,117.2,0.8413690469203875
persistent_shift,0.00035,0.2,1.0,0.5,15.327626332890745,15.84779072871435,-0.5201643958236044,0.2429947633882576,0.24262805603606843,0.0003667073521891606,0.06049128029364324,0.06047758388492589,1.3696408717352171e-05,0.002071942325445545,0.0014347341615043186,0.0006372081639412263,-0.012343511755223874,222.6,117.2,0.83985657943057
persistent_shift,0.00035,0.2,1.0,0.75,15.156188876089335,15.84779072871435,-0.6916018526250145,0.2392517474538285,0.24262805603606843,-0.0033763085822399452,0.05986797967839001,0.06047758388492589,-0.0006096042065358784,0.0018629402414734298,0.0014347341615043186,0.0004282060799691112,-0.00639781028650499,223.6,53.6,0.802077728498946
persistent_shift,0.00035,0.3,0.0,0.0,15.84779072871435,15.84779072871435,0.0,0.24262805603606843,0.24262805603606843,0.0,0.06047758388492589,0.06047758388492589,0.0,0.0014347341615043186,0.0014347341615043186,0.0,-0.00502,144.8,50.2,0.8246003255289323
persistent_shift,0.00035,0.3,0.0,0.1,15.950831964705936,15.84779072871435,0.10304123599158643,0.24341157088064985,0.24262805603606843,0.0007835148445814177,0.06040766849792194,0.06047758388492589,-6.991538700395344e-05,0.0014081172336706175,0.0014347341615043186,-2.661692783370107e-05,-0.005063298459170253,132.0,50.2,0.8681460890403632
persistent_shift,0.00035,0.3,0.0,0.25,15.838569940957257,15.84779072871435,-0.009220787757092452,0.24293597608182474,0.24262805603606843,0.0003079200457563047,0.060069513766009344,0.06047758388492589,-0.0004080701189165467,0.001411733319343721,0.0014347341615043186,-2.300084216059757e-05,-0.005405069276755949,147.0,50.2,0.8725804161938548
persistent_shift,0.00035,0.3,0.0,0.5,15.684720991938192,15.84779072871435,-0.16306973677615666,0.24202586893693034,0.24262805603606843,-0.0006021870991380907,0.06002359523268861,0.06047758388492589,-0.00045398865223728047,0.0014077234676764638,0.0014347341615043186,-2.7010693827854816e-05,-0.005446977958409426,144.0,50.2,0.8547105847890553
persistent_shift,0.00035,0.3,0.0,0.75,15.55652413815391,15.84779072871435,-0.2912665905604399,0.24170353194931074,0.24262805603606843,-0.0009245240867576943,0.06035132774328985,0.06047758388492589,-0.00012625614163604137,0.0013928578426692744,0.0014347341615043186,-4.187631883504424e-05,-0.0051043798228009975,143.2,50.2,0.8339455938691337
persistent_shift,0.00035,0.3,0.5,0.0,15.816928861943506,15.84779072871435,-0.03086186677084335,0.24212660789166135,0.24262805603606843,-0.0005014481444070851,0.06045206227494564,0.06047758388492589,-2.552160998025438e-05,0.0014347341615043186,0.0014347341615043186,0.0,-0.0050455216099802545,144.8,50.2,0.8127060816257126
persistent_shift,0.00035,0.3,0.5,0.1,15.947369926738727,15.84779072871435,0.09957919802437765,0.2433946009090377,0.24262805603606843,0.0007665448729692603,0.06040662101259094,0.06047758388492589,-7.096287233494813e-05,0.0014081172336706175,0.0014347341615043186,-2.661692783370107e-05,-0.005064345944501248,132.0,50.2,0.8602440722714926
persistent_shift,0.00035,0.3,0.5,0.25,15.844201296992807,15.84779072871435,-0.0035894317215419136,0.24301286474894476,0.24262805603606843,0.0003848087128763278,0.06007122849400452,0.06047758388492589,-0.0004063553909213688,0.001411733319343721,0.0014347341615043186,-2.300084216059757e-05,-0.005403354548760771,147.0,50.2,0.8717090504989979
persistent_shift,0.00035,0.3,0.5,0.5,15.706383180038253,15.84779072871435,-0.14140754867609573,0.24220717848090642,0.24262805603606843,-0.00042087755516201364,0.060027385916683676,0.06047758388492589,-0.000450197968242215,0.0014077234676764638,0.0014347341615043186,-2.7010693827854816e-05,-0.0054431872744143605,144.0,50.2,0.8515102711840072
persistent_shift,0.00035,0.3,0.5,0.75,15.592812932397376,15.84779072871435,-0.2549777963169735,0.24194844469420582,0.24262805603606843,-0.0006796113418626182,0.06035157619282575,0.06047758388492589,-0.0001260076921001385,0.0013928578426692744,0.0014347341615043186,-4.187631883504424e-05,-0.005104131373265095,143.2,50.2,0.8333767658135749
persistent_shift,0.00035,0.3,1.0,0.0,15.767594215679646,15.84779072871435,-0.08019651303470354,0.2413723116937363,0.24262805603606843,-0.001255744342332138,0.06041201205166632,0.06047758388492589,-6.557183325957283e-05,0.0014347341615043186,0.0014347341615043186,0.0,-0.005085571833259573,144.8,50.2,0.8018355147618186
persistent_shift,0.00035,0.3,1.0,0.1,15.934079974087869,15.84779072871435,0.08628924537351956,0.24324412655862085,0.24262805603606843,0.0006160705225524143,0.06040242461343058,0.06047758388492589,-7.51592714953106e-05,0.0014081172336706175,0.0014347341615043186,-2.661692783370107e-05,-0.00506854234366161,132.0,50.2,0.8499199418483776
persistent_shift,0.00035,0.3,1.0,0.25,15.842153107226148,15.84779072871435,-0.005637621488201461,0.24301254238744754,0.24262805603606843,0.0003844863513791097,0.06007298987461283,0.06047758388492589,-0.0004045940103130641,0.001411733319343721,0.0014347341615043186,-2.300084216059757e-05,-0.0054015931681524664,147.0,50.2,0.8577965516587043
persistent_shift,0.00035,0.3,1.0,0.5,15.719581873541927,15.84779072871435,-0.12820885517242253,0.24230338842520127,0.24262805603606843,-0.0003246676108671631,0.06003124442631682,0.06047758388492589,-0.0004463394586090713,0.0014077234676764638,0.0014347341615043186,-2.7010693827854816e-05,-0.005439328764781217,144.0,50.2,0.849436456576982
persistent_shift,0.00035,0.3,1.0,0.75,15.618993276119713,15.84779072871435,-0.2287974525946357,0.24212465754701656,0.24262805603606843,-0.0005033984890518706,0.060351773231855976,0.06047758388492589,-0.00012581065306991462,0.0013928578426692744,0.0014347341615043186,-4.187631883504424e-05,-0.005103934334234871,143.2,50.2,0.8267144258491104
persistent_shift,0.00035,0.4,0.0,0.0,15.84779072871435,15.84779072871435,0.0,0.24262805603606843,0.24262805603606843,0.0,0.06047758388492589,0.06047758388492589,0.0,0.0014347341615043186,0.0014347341615043186,0.0,-0.0020800000000000003,96.2,20.8,0.8246003255289323
persistent_shift,0.00035,0.4,0.0,0.1,15.96635412131605,15.84779072871435,0.11856339260170046,0.24318402885236678,0.24262805603606843,0.0005559728162983502,0.06042050190884576,0.06047758388492589,-5.708197608013388e-05,0.0014200368121069329,0.0014347341615043186,-1.4697349397385737e-05,-0.0021223846266827484,88.2,20.8,0.8678043484876092
persistent_shift,0.00035,0.4,0.0,0.25,16.056152710915043,15.84779072871435,0.20836198220069413,0.2441394504360775,0.24262805603606843,0.001511394400009053,0.060350499374847176,0.06047758388492589,-0.0001270845100787149,0.0014221559238205685,0.0014347341615043186,-1.2578237683750137e-05,-0.002194506272394965,99.6,20.8,0.8648607876600453
persistent_shift,0.00035,0.4,0.0,0.5,16.04203894739156,15.84779072871435,0.19424821867721143,0.24508426121242194,0.24262805603606843,0.002456205176353504,0.06038479201317246,0.06047758388492589,-9.279187175342818e-05,0.0014430563426833156,0.0014347341615043186,8.322181178996996e-06,-0.0021811140529324254,100.0,20.8,0.8541548407732543
persistent_shift,0.00035,0.4,0.0,0.75,15.869086145473574,15.84779072871435,0.02129541675922475,0.2435298626334231,0.24262805603606843,0.0009018065973546707,0.05997546761795732,0.06047758388492589,-0.0005021162669685691,0.001490178617255913,0.0014347341615043186,5.544445575159443e-05,-0.002637560722720164,100.4,20.8,0.8505136788551315
persistent_shift,0.00035,0.4,0.5,0.0,15.824753785345706,15.84779072871435,-0.023036943368643037,0.2422763662750317,0.24262805603606843,-0.000351689761036722,0.060461138210048046,0.06047758388492589,-1.644567487784493e-05,0.0014347341615043186,0.0014347341615043186,0.0,-0.002096445674877845,96.2,20.8,0.8193958127847429
persistent_shift,0.00035,0.4,0.5,0.1,15.964991186197466,15.84779072871435,0.1172004574831167,0.24318113383852072,0.24262805603606843,0.0005530778024522842,0.06041725767000496,0.06047758388492589,-6.032621492092771e-05,0.0014200368121069329,0.0014347341615043186,-1.4697349397385737e-05,-0.0021256288655235422,88.2,20.8,0.8622536900656048
persistent_shift,0.00035,0.4,0.5,0.25,16.05976741437969,15.84779072871435,0.21197668566533956,0.24417928026696845,0.24262805603606843,0.0015512242309000113,0.06035035797017997,0.06047758388492589,-0.00012722591474591954,0.0014221559238205685,0.0014347341615043186,-1.2578237683750137e-05,-0.0021946476770621694,99.6,20.8,0.8612243951645592
persistent_shift,0.00035,0.4,0.5,0.5,16.05377455517755,15.84779072871435,0.20598382646320168,0.24517699689309622,0.24262805603606843,0.0025489408570277816,0.06038414152641238,0.06047758388492589,-9.344235851350968e-05,0.0014345854588158,0.0014347341615043186,-1.4870268851864543e-07,-0.0021732936558249913,100.0,20.8,0.8522646429897396
persistent_shift,0.00035,0.4,0.5,0.75,15.887628040560696,15.84779072871435,0.039837311846346424,0.24365996400590456,0.24262805603606843,0.0010319079698361266,0.059974722814079805,0.06047758388492589,-0.0005028610708460862,0.001476231958173938,0.0014347341615043186,4.149779666961931e-05,-0.002624358867515706,100.4,20.8,0.848847110877253
persistent_shift,0.00035,0.4,1.0,0.0,15.788519330465556,15.84779072871435,-0.059271398248792906,0.24175742513899473,0.24262805603606843,-0.0008706308970737042,0.06044028872188639,0.06047758388492589,-3.729516303949826e-05,0.0014347341615043186,0.0014347341615043186,0.0,-0.0021172951630394985,96.2,20.8,0.8138054215460944
persistent_shift,0.00035,0.4,1.0,0.1,15.957183055511596,15.84779072871435,0.10939232679724675,0.2431050035354513,0.24262805603606843,0.00047694749938287373,0.06041153092846356,0.06047758388492589,-6.605295646232995e-05,0.0014200368121069329,0.0014347341615043186,-1.4697349397385737e-05,-0.0021313556070649445,88.2,20.8,0.8562592327794014
persistent_shift,0.00035,0.4,1.0,0.25,16.0580114894372,15.84779072871435,0.21022076072284968,0.24416685023350643,0.24262805603606843,0.0015387941974379926,0.060349138114477806,0.06047758388492589,-0.00012844577044808514,0.0014221559238205685,0.0014347341615043186,-1.2578237683750137e-05,-0.002195867532764335,99.6,20.8,0.8604835218015612
persistent_shift,0.00035,0.4,1.0,0.5,16.058162428494267,15.84779072871435,0.21037169977991788,0.2451932115059195,0.24262805603606843,0.0025651554698510604,0.06038346490004257,0.06047758388492589,-9.411898488331794e-05,0.001425725618928263,0.0014347341615043186,-9.008542576055502e-06,-0.0021651104423072625,100.0,20.8,0.8473212445175419
persistent_shift,0.00035,0.4,1.0,0.75,15.899911257531034,15.84779072871435,0.05212052881668505,0.2437286031114983,0.24262805603606843,0.001100547075429864,0.059973922280787385,0.06047758388492589,-0.0005036616041385056,0.001461111288367178,0.0014347341615043186,2.6377126862859365e-05,-0.002610038731001365,100.4,20.8,0.8452532868127349
