environment,disturbance_mode,arm,upper_constraint_mode,upper_dual_lr,lower_dual_lr,lower_action_router_mode,lower_action_router_alpha,lower_action_router_strength,upper_hf_penalty_coef,replicate_count,baseline_return_mean,candidate_return_mean,return_difference_mean,return_difference_one_sided_lower,return_difference_one_sided_upper,reward_noninferiority_margin,reward_noninferiority_pass,drift_materiality_floor,responsibility_drift_baseline_mean,responsibility_drift_candidate_mean,responsibility_drift_difference_mean,responsibility_drift_difference_one_sided_upper,responsibility_drift_candidate_one_sided_upper,responsibility_drift_required_reduction,responsibility_drift_baseline_material,responsibility_drift_gate_type,responsibility_drift_pass,responsibility_drift_normalized_slack,raw_lower_drift_baseline_mean,raw_lower_drift_candidate_mean,raw_lower_drift_difference_mean,raw_lower_drift_difference_one_sided_upper,raw_lower_drift_candidate_one_sided_upper,raw_lower_drift_required_reduction,raw_lower_drift_baseline_material,raw_lower_drift_gate_type,raw_lower_drift_pass,raw_lower_drift_normalized_slack,latent_lower_drift_mean,upper_hf_rms,upper_hf_rms_one_sided_upper,upper_hf_budget_pass,effective_lower_action_rms_mean,effective_lower_activity_margin_one_sided_lower,effective_lower_activity_pass,router_clip_rate_mean,router_clip_rate_one_sided_upper,router_clip_pass,reconstruction_rms_max,reconstruction_integrity_pass,minimum_normalized_safety_slack,condition_gate_pass
HalfCheetah-v5,standard,router_a004_s006_reward,disabled,0.0,0.0,causal_ema_high_pass,0.04,0.06,0.0,16,444.050911094619,572.9562814841256,128.90537038950671,-16.426544330734572,279.0263563852584,8.88101822189238,False,2.5e-05,0.0033967549568274576,0.0006203932497287638,-0.0027763617070986936,-0.0017465992840318288,nan,0.0003396754956827458,True,strict_relative_improvement,True,4.1419643342866825,0.0033967549568274576,0.0023080593535547466,-0.001088695603272711,0.0002757327921874194,nan,0.0003396754956827458,True,strict_relative_improvement,False,-1.8117535580045248,0.0025454927218674147,0.07793402619380624,0.08903608009769408,True,0.3672314360357011,0.25916633968083347,True,0.0,0.0,True,1.05756815499564e-08,True,-1.8117535580045248,False
HalfCheetah-v5,low_frequency,router_a004_s006_reward,disabled,0.0,0.0,causal_ema_high_pass,0.04,0.06,0.0,16,352.19617182480084,470.72185379027985,118.525681965479,11.001816184618486,226.69167914081035,7.043923436496017,True,2.5e-05,0.004516351577449847,0.0006472919377313435,-0.0038690596397185036,-0.002360763512660355,nan,0.0004516351577449847,True,strict_relative_improvement,True,4.227147338235694,0.004516351577449847,0.0026635607097463907,-0.0018527908677034568,-1.2695432630425336e-05,nan,0.0004516351577449847,True,strict_relative_improvement,False,-0.9718900700870728,0.0029458633495312507,0.07686032699478512,0.08826400204537736,True,0.368416790136886,0.26116989083227005,True,0.0,0.0,True,9.072431588491471e-09,True,-0.9718900700870728,False
HalfCheetah-v5,high_frequency,router_a004_s006_reward,disabled,0.0,0.0,causal_ema_high_pass,0.04,0.06,0.0,16,448.7323826309547,492.2872944084483,43.5549117774936,-81.02157872992767,173.7030396646156,8.974647652619094,False,2.5e-05,0.00416928934992062,0.0006764681502978438,-0.003492821199622776,-0.002326460323748556,nan,0.000416928934992062,True,strict_relative_improvement,True,4.579992484313543,0.00416928934992062,0.0024212371906854714,-0.0017480521592351484,-0.00024369012106547592,nan,0.000416928934992062,True,strict_relative_improvement,False,-0.41551161214053045,0.0026671219936167372,0.07702879762691832,0.08682956229851366,True,0.365659119967619,0.25809790701015123,True,0.0,0.0,True,8.822676826352482e-09,True,-8.027828374552724,False
HalfCheetah-v5,mixed,router_a004_s006_reward,disabled,0.0,0.0,causal_ema_high_pass,0.04,0.06,0.0,16,365.9829770819041,403.36314334678144,37.3801662648773,-50.06700877041304,129.631473373064,7.319659541638082,False,2.5e-05,0.004806508929987631,0.0006895725502686678,-0.0041169363797189645,-0.002702220459738619,nan,0.00048065089299876315,True,strict_relative_improvement,True,4.62200237032655,0.004806508929987631,0.002812435248309357,-0.001994073681678275,-0.0002458196917192626,nan,0.00048065089299876315,True,strict_relative_improvement,False,-0.4885691563254931,0.0031074037240584025,0.07564827192447172,0.08519736496897146,True,0.3676617360919834,0.2601446619101566,True,0.0,0.0,True,9.227922217790164e-09,True,-5.840073433143373,False
HalfCheetah-v5,ood_chirp,router_a004_s006_reward,disabled,0.0,0.0,causal_ema_high_pass,0.04,0.06,0.0,16,401.5782352544745,526.5583489349115,124.9801136804369,-0.05035758641512736,254.09979797604345,8.03156470508949,True,2.5e-05,0.004566701522065933,0.0006744417955110858,-0.003892259726554847,-0.002288206512314099,nan,0.00045667015220659336,True,strict_relative_improvement,True,4.0106329508457454,0.004566701522065933,0.002369210778569997,-0.002197490743495936,-0.0003892356085988533,nan,0.00045667015220659336,True,strict_relative_improvement,False,-0.14766575674346522,0.002609897551440298,0.07885392288481695,0.08945685577079993,True,0.3686427568329959,0.2614804583302874,True,0.0,0.0,True,9.230254949181556e-09,True,-0.14766575674346522,False
Hopper-v5,standard,router_a004_s006_reward,disabled,0.0,0.0,causal_ema_high_pass,0.04,0.06,0.0,16,197.40764823994976,208.33183311629145,10.924184876341688,-14.277321420904931,36.04661654701626,3.9481529647989952,False,2.5e-05,0.06707362823251521,0.03612042921436522,-0.030953199018149993,-0.018695074388965723,nan,0.006707362823251521,True,strict_relative_improvement,True,1.787246624583659,0.06707362823251521,0.06808077117422784,0.0010071429417126293,0.017809703755227415,nan,0.006707362823251521,True,strict_relative_improvement,False,-3.6552468122775297,0.07259304000620248,0.08575433631084445,0.09471599565303727,True,0.29663877620721424,0.2017888286490043,True,0.0,0.0,True,1.8043760905594217e-08,True,-3.6552468122775297,False
Hopper-v5,low_frequency,router_a004_s006_reward,disabled,0.0,0.0,causal_ema_high_pass,0.04,0.06,0.0,16,196.7542388808438,208.1657508085444,11.411511927700618,-13.641292103286103,36.53711059004711,3.935084777616876,False,2.5e-05,0.06969358079140504,0.03702679595976116,-0.03266678483164388,-0.020531596117418446,nan,0.006969358079140505,True,strict_relative_improvement,True,1.945980947495024,0.06969358079140504,0.07090593579546528,0.0012123550040602257,0.018038049697576566,nan,0.006969358079140505,True,strict_relative_improvement,False,-3.5881938469433767,0.07564854840212933,0.08897901499347619,0.09586269997309138,True,0.30269682367779016,0.20591542298462068,True,0.0,0.0,True,1.655883916821788e-08,True,-3.5881938469433767,False
Hopper-v5,high_frequency,router_a004_s006_reward,disabled,0.0,0.0,causal_ema_high_pass,0.04,0.06,0.0,16,198.0937660246662,208.38016515671416,10.286399132047976,-14.855011874576054,35.36898557717755,3.961875320493324,False,2.5e-05,0.06716781463804333,0.03627179843929956,-0.030896016198743777,-0.018645846941448194,nan,0.006716781463804333,True,strict_relative_improvement,True,1.7760091707505592,0.06716781463804333,0.06830617530223429,0.0011383606641909533,0.017923198282036416,nan,0.006716781463804333,True,strict_relative_improvement,False,-3.6684206384593097,0.07283185615671246,0.08737237850885668,0.09614567036204003,True,0.2997443713452225,0.20386282467774325,True,0.0,0.0,True,1.6278810227575275e-08,True,-3.6684206384593097,False
Hopper-v5,mixed,router_a004_s006_reward,disabled,0.0,0.0,causal_ema_high_pass,0.04,0.06,0.0,16,196.0903811061316,207.5577253200508,11.467344213919171,-12.213080516736493,36.02639684760981,3.921807622122632,False,2.5e-05,0.06969185978768258,0.03707158021712641,-0.03262027957055619,-0.020171851782294067,nan,0.006969185978768258,True,strict_relative_improvement,True,1.8944344208560298,0.06969185978768258,0.07105188222991674,0.0013600224422341493,0.01818106187140137,nan,0.006969185978768258,True,strict_relative_improvement,False,-3.608778403502257,0.075801722968689,0.08852092776992862,0.09556327297349362,True,0.3055143436803993,0.20825693570043174,True,0.0,0.0,True,1.762550316388792e-08,True,-3.608778403502257,False
Hopper-v5,ood_chirp,router_a004_s006_reward,disabled,0.0,0.0,causal_ema_high_pass,0.04,0.06,0.0,16,196.51693166707946,206.57804860268973,10.061116935610276,-14.042458794247576,34.39642063763802,3.9303386333415893,False,2.5e-05,0.06858299886666383,0.03629878510040779,-0.032284213766256044,-0.020018105527544076,nan,0.0068582998866663835,True,strict_relative_improvement,True,1.9188145543857638,0.06858299886666383,0.06966566594012544,0.0010826670734616064,0.017597616787954976,nan,0.0068582998866663835,True,strict_relative_improvement,False,-3.565886164028423,0.07431232560769979,0.08674501141591505,0.09389165226814782,True,0.29970740230069254,0.2037568490534653,True,0.0,0.0,True,1.8011751692523155e-08,True,-3.565886164028423,False
Walker2d-v5,standard,router_a004_s006_reward,disabled,0.0,0.0,causal_ema_high_pass,0.04,0.06,0.0,16,219.00473110490128,238.72981539644405,19.725084291542764,-12.980708979265424,52.51863570623734,4.380094622098026,False,2.5e-05,0.07221405689977402,0.008352580424412972,-0.06386147647536106,-0.057498146548402906,nan,0.007221405689977402,True,strict_relative_improvement,True,6.962182020628568,0.07221405689977402,0.05871859120587048,-0.013495465693903547,-0.0028620720990322323,nan,0.007221405689977402,True,strict_relative_improvement,False,-0.6036682853859733,0.06530938111982332,0.0253047927549624,0.026217487313113064,True,0.24703695877457688,0.16240661340392137,True,0.0,0.0,True,2.021597949074674e-08,True,-1.9635681644356306,False
Walker2d-v5,low_frequency,router_a004_s006_reward,disabled,0.0,0.0,causal_ema_high_pass,0.04,0.06,0.0,16,222.0128978575521,223.55263502213353,1.539737164581446,-19.352491006708696,22.16685939777094,4.440257957151042,False,2.5e-05,0.07077932596053835,0.008801357906968888,-0.06197796805356947,-0.055837095506340535,nan,0.007077932596053835,True,strict_relative_improvement,True,6.888899017980396,0.07077932596053835,0.057562368399500956,-0.013216957561037395,-0.003053030398565748,nan,0.007077932596053835,True,strict_relative_improvement,False,-0.5686550617523674,0.06393949005835467,0.02637047302533358,0.027404275653216383,True,0.24463830726600444,0.16145634417711102,True,0.0,0.0,True,2.038720554490117e-08,True,-3.358415928412781,False
Walker2d-v5,high_frequency,router_a004_s006_reward,disabled,0.0,0.0,causal_ema_high_pass,0.04,0.06,0.0,16,224.71729805107032,240.73182425151361,16.014526200443306,-14.298658552048552,46.206178575206366,4.4943459610214065,False,2.5e-05,0.07164403253048851,0.008277227364194277,-0.06336680516629423,-0.05716672905271264,nan,0.007164403253048852,True,strict_relative_improvement,True,6.979272946198976,0.07164403253048851,0.05835280486898278,-0.013291227661505717,-0.003034985239691201,nan,0.007164403253048852,True,strict_relative_improvement,False,-0.5763798976000345,0.06490863275470617,0.02550294611714468,0.026630424425884806,True,0.24631902524548965,0.16218158396893717,True,0.0,0.0,True,1.8759387085418145e-08,True,-2.1814770549615123,False
Walker2d-v5,mixed,router_a004_s006_reward,disabled,0.0,0.0,causal_ema_high_pass,0.04,0.06,0.0,16,225.94240946091506,237.33286190311185,11.390452442196791,-11.81799855051617,34.984943193011645,4.518848189218302,False,2.5e-05,0.07070582778813803,0.008696440236894875,-0.06200938755124315,-0.055935599992197126,nan,0.007070582778813803,True,strict_relative_improvement,True,6.911031062361901,0.07070582778813803,0.05698442889233053,-0.013721398895807485,-0.0036626826308725994,nan,0.007070582778813803,True,strict_relative_improvement,False,-0.4819829219951414,0.06331381790556248,0.026692269511198873,0.027850260140938724,True,0.24319707107275718,0.1603985560686577,True,0.0,0.0,True,2.0015535337867522e-08,True,-1.6152678858991545,False
Walker2d-v5,ood_chirp,router_a004_s006_reward,disabled,0.0,0.0,causal_ema_high_pass,0.04,0.06,0.0,16,211.22025462836325,221.2336251920404,10.013370563677118,-10.962844753426577,31.34896767614992,4.224405092567265,False,2.5e-05,0.07211108889199555,0.008712088173899131,-0.06339900071809643,-0.05722015090560727,nan,0.007211108889199555,True,strict_relative_improvement,True,6.935000259295599,0.07211108889199555,0.058291328021574794,-0.013819760870420764,-0.003743449263646258,nan,0.007211108889199555,True,strict_relative_improvement,False,-0.4808774460120811,0.06477286511731495,0.026226648018376465,0.027374071760046224,True,0.24651676910489428,0.16292618739746254,True,0.0,0.0,True,2.0423146860439435e-08,True,-1.5951215646234846,False
HalfCheetah-v5,standard,router_a004_s008_reward,disabled,0.0,0.0,causal_ema_high_pass,0.04,0.08,0.0,16,444.050911094619,427.2813696091054,-16.769541485513564,-123.91494084667201,97.83911279341835,8.88101822189238,False,2.5e-05,0.0033967549568274576,0.0006188263390961018,-0.0027779286177313555,-0.0017722332675088228,nan,0.0003396754956827458,True,strict_relative_improvement,True,4.217430430024527,0.0033967549568274576,0.0023532843698194144,-0.0010434705870080432,-0.00020995005228850456,nan,0.0003396754956827458,True,strict_relative_improvement,False,-0.381909925923546,0.0026954792880911505,0.0584259122351748,0.06617511401172921,True,0.3499967684655637,0.24228282581203003,True,0.0,0.0,True,8.004397448008255e-09,True,-12.952785339547255,False
HalfCheetah-v5,low_frequency,router_a004_s008_reward,disabled,0.0,0.0,causal_ema_high_pass,0.04,0.08,0.0,16,352.19617182480084,343.33774742743583,-8.858424397364974,-83.75659379584515,66.25274580159105,7.043923436496017,False,2.5e-05,0.004516351577449847,0.0006770589818299485,-0.0038392925956198987,-0.0023231623753037917,nan,0.0004516351577449847,True,strict_relative_improvement,True,4.1438917796022485,0.004516351577449847,0.0031652685513653524,-0.001351083026084495,0.00037053438407363086,nan,0.0004516351577449847,True,strict_relative_improvement,False,-1.820428564338768,0.003644073866230009,0.056839263001345244,0.0643993037786228,True,0.34758183339876536,0.23959750609480635,True,0.0,0.0,True,7.592049110937391e-09,True,-10.890616721057047,False
HalfCheetah-v5,high_frequency,router_a004_s008_reward,disabled,0.0,0.0,causal_ema_high_pass,0.04,0.08,0.0,16,448.7323826309547,337.04664582271363,-111.68573680824107,-181.1385864681979,-37.395586054042056,8.974647652619094,False,2.5e-05,0.00416928934992062,0.0006626781041854898,-0.00350661124573513,-0.0023626989744356852,nan,0.000416928934992062,True,strict_relative_improvement,True,4.666910535918235,0.00416928934992062,0.003370524380679833,-0.0007987649692407873,0.001241516384047085,nan,0.000416928934992062,True,strict_relative_improvement,False,-3.977764985466222,0.0038853014971580047,0.059204785800720354,0.06538746998547137,True,0.34727916530409986,0.2392782968848239,True,0.0,0.0,True,8.466576255263882e-09,True,-19.18336468232664,False
HalfCheetah-v5,mixed,router_a004_s008_reward,disabled,0.0,0.0,causal_ema_high_pass,0.04,0.08,0.0,16,365.9829770819041,285.6012108970247,-80.38176618487942,-144.8235302092892,-12.446932207961238,7.319659541638082,False,2.5e-05,0.004806508929987631,0.0007420211512349438,-0.004064487778752688,-0.002685852856431012,nan,0.00048065089299876315,True,strict_relative_improvement,True,4.587949373554838,0.004806508929987631,0.0029566842094195214,-0.0018498247205681099,-0.00016166566213907736,nan,0.00048065089299876315,True,strict_relative_improvement,False,-0.6636526333479768,0.003387890919253283,0.058062717032562175,0.06428388166587809,True,0.34504085707944077,0.2377355395106855,True,0.0,0.0,True,8.591666594952989e-09,True,-18.785555514632424,False
HalfCheetah-v5,ood_chirp,router_a004_s008_reward,disabled,0.0,0.0,causal_ema_high_pass,0.04,0.08,0.0,16,401.5782352544745,361.27039281244276,-40.307842442031735,-115.72503536794059,37.04895470201871,8.03156470508949,False,2.5e-05,0.004566701522065933,0.0006909197623342344,-0.0038757817597316986,-0.0022947258971164125,nan,0.00045667015220659336,True,strict_relative_improvement,True,4.024908866998383,0.004566701522065933,0.0028875436708059735,-0.00167915785125996,-6.663149396003532e-05,nan,0.00045667015220659336,True,strict_relative_improvement,False,-0.854092732712928,0.0033151358389633175,0.057242848688970956,0.0648302514047718,True,0.3479816106739242,0.24025989586888327,True,0.0,0.0,True,8.127831522018617e-09,True,-13.408778316211192,False
Hopper-v5,standard,router_a004_s008_reward,disabled,0.0,0.0,causal_ema_high_pass,0.04,0.08,0.0,16,197.40764823994976,193.757542280318,-3.650105959631764,-26.589965773044398,21.626922460615532,3.9481529647989952,False,2.5e-05,0.06707362823251521,0.03348941201220433,-0.03358421622031089,-0.02083650457881371,nan,0.006707362823251521,True,strict_relative_improvement,True,2.106512220657361,0.06707362823251521,0.06564373152960946,-0.0014298967029057496,0.01554806756192762,nan,0.006707362823251521,True,strict_relative_improvement,False,-3.3180597161121517,0.07162898861980796,0.09399248072105369,0.10662834310377597,False,0.2796973687874389,0.18753673468251775,True,0.0,0.0,True,1.7085935129308964e-08,True,-5.734786116474117,False
Hopper-v5,low_frequency,router_a004_s008_reward,disabled,0.0,0.0,causal_ema_high_pass,0.04,0.08,0.0,16,196.7542388808438,192.837126515612,-3.917112365231757,-25.651218476592383,20.033050364039255,3.935084777616876,False,2.5e-05,0.06969358079140504,0.03436823158628775,-0.0353253492051173,-0.022573314019828504,nan,0.006969358079140505,True,strict_relative_improvement,True,2.238937325862349,0.06969358079140504,0.06769482785803792,-0.001998752933367123,0.014705463048132928,nan,0.006969358079140505,True,strict_relative_improvement,False,-3.11001685967992,0.0738707236364846,0.09541318356312435,0.10679865346744495,False,0.2855246809709557,0.1923067837796158,True,0.0,0.0,True,1.5860812828975166e-08,True,-5.5185936075631385,False
Hopper-v5,high_frequency,router_a004_s008_reward,disabled,0.0,0.0,causal_ema_high_pass,0.04,0.08,0.0,16,198.0937660246662,192.95991476922381,-5.133851255442378,-26.926700975829462,18.424816046647933,3.961875320493324,False,2.5e-05,0.06716781463804333,0.033454134390456136,-0.033713680247587204,-0.020652023146227858,nan,0.006716781463804333,True,strict_relative_improvement,True,2.074690349465488,0.06716781463804333,0.0655458600935542,-0.0016219545444891318,0.01536322210789376,nan,0.006716781463804333,True,strict_relative_improvement,False,-3.2872892605906148,0.07152380865605912,0.094620559910505,0.1061682033396429,False,0.28242343630942546,0.1892968655781509,True,0.0,0.0,True,1.6123809256284864e-08,True,-5.796453395831904,False
Hopper-v5,mixed,router_a004_s008_reward,disabled,0.0,0.0,causal_ema_high_pass,0.04,0.08,0.0,16,196.0903811061316,192.8508199249542,-3.2395611811774003,-24.254427138772147,19.43604889571616,3.921807622122632,False,2.5e-05,0.06969185978768258,0.034383800934457635,-0.03530805885322495,-0.022590953624234043,nan,0.006969185978768258,True,strict_relative_improvement,True,2.241548395043232,0.06969185978768258,0.06779476054960651,-0.0018970992380760766,0.01497362755095129,nan,0.006969185978768258,True,strict_relative_improvement,False,-3.148547563025107,0.07398258385440026,0.0951775715095891,0.10656203000376416,False,0.28827840323528475,0.19424170352207507,True,0.0,0.0,True,1.7388861553261576e-08,True,-5.184502014314696,False
Hopper-v5,ood_chirp,router_a004_s008_reward,disabled,0.0,0.0,causal_ema_high_pass,0.04,0.08,0.0,16,196.51693166707946,192.00200646527392,-4.514925201805532,-26.315909112033058,18.965284583939304,3.9303386333415893,False,2.5e-05,0.06858299886666383,0.03390008250407692,-0.03468291636258691,-0.022028352708766623,nan,0.0068582998866663835,True,strict_relative_improvement,True,2.2119261439111484,0.06858299886666383,0.06678427091189143,-0.0017987279547724028,0.014784208018549239,nan,0.0068582998866663835,True,strict_relative_improvement,False,-3.155666602927654,0.07286778342194727,0.09400299535882552,0.1052153548284725,False,0.2837678569648125,0.19114183557309536,True,0.0,0.0,True,1.751927589909585e-08,True,-5.695583146142084,False
Walker2d-v5,standard,router_a004_s008_reward,disabled,0.0,0.0,causal_ema_high_pass,0.04,0.08,0.0,16,219.00473110490128,228.27463275840788,9.269901653506597,-20.47884331089176,38.54972240235111,4.380094622098026,False,2.5e-05,0.07221405689977402,0.006989717775398295,-0.06522433912437572,-0.05925784093571282,nan,0.007221405689977402,True,strict_relative_improvement,True,7.2058595624889,0.07221405689977402,0.046627961831080485,-0.02558609506869354,-0.01771088540769137,nan,0.007221405689977402,True,strict_relative_improvement,True,1.4525537226460397,0.0537161845651809,0.024114430550384664,0.02562637410065754,True,0.22120563934304696,0.13989864518367906,True,0.0,0.0,True,1.9994290816272628e-08,True,-3.675433998063397,False
Walker2d-v5,low_frequency,router_a004_s008_reward,disabled,0.0,0.0,causal_ema_high_pass,0.04,0.08,0.0,16,222.0128978575521,217.65372198679665,-4.359175870755449,-29.17519169516113,20.14922824962206,4.440257957151042,False,2.5e-05,0.07077932596053835,0.007107252445423997,-0.06367207351511436,-0.05788531136224863,nan,0.007077932596053835,True,strict_relative_improvement,True,7.178279543735902,0.07077932596053835,0.046301241384668484,-0.024478084575869866,-0.016769851246939707,nan,0.007077932596053835,True,strict_relative_improvement,True,1.3693149121382442,0.05331322964900789,0.024553567508621477,0.02592474952422982,True,0.22042102062340757,0.13982396986331855,True,0.0,0.0,True,1.9409416457462e-08,True,-5.570607378378646,False
Walker2d-v5,high_frequency,router_a004_s008_reward,disabled,0.0,0.0,causal_ema_high_pass,0.04,0.08,0.0,16,224.71729805107032,237.74347990281717,13.026181851746845,-17.742910365344834,43.64892533667525,4.4943459610214065,False,2.5e-05,0.07164403253048851,0.00689152016313938,-0.06475251236734914,-0.05906746549500458,nan,0.007164403253048852,True,strict_relative_improvement,True,7.244575773965276,0.07164403253048851,0.04586244596531773,-0.025781586565170787,-0.018066052996625188,nan,0.007164403253048852,True,strict_relative_improvement,True,1.5216410018429767,0.052851245285314534,0.024366347047008657,0.025989562705070118,True,0.2187937272122495,0.1375471526599401,True,0.0,0.0,True,1.9356680399379743e-08,True,-2.947829232379008,False
Walker2d-v5,mixed,router_a004_s008_reward,disabled,0.0,0.0,causal_ema_high_pass,0.04,0.08,0.0,16,225.94240946091506,222.77775589971938,-3.164653561195683,-27.56004770515882,20.641449763799624,4.518848189218302,False,2.5e-05,0.07070582778813803,0.007051953334636831,-0.0636538744535012,-0.058045442118703966,nan,0.007070582778813803,True,strict_relative_improvement,True,7.209428265606412,0.07070582778813803,0.04581543089294785,-0.024890396895190167,-0.017228208868657512,nan,0.007070582778813803,True,strict_relative_improvement,True,1.436603800224202,0.0527575559089863,0.024677337660352874,0.02607793585216921,True,0.21897841745912686,0.13822595512130806,True,0.0,0.0,True,1.9938199560530793e-08,True,-5.098909844087134,False
Walker2d-v5,ood_chirp,router_a004_s008_reward,disabled,0.0,0.0,causal_ema_high_pass,0.04,0.08,0.0,16,211.22025462836325,215.42738617183915,4.207131543475873,-16.682872432745935,24.459245685112787,4.224405092567265,False,2.5e-05,0.07211108889199555,0.0071049147863167855,-0.06500617410567877,-0.059271252957937545,nan,0.007211108889199555,True,strict_relative_improvement,True,7.219436687013715,0.07211108889199555,0.04654269552249568,-0.025568393369499877,-0.01802485040421927,nan,0.007211108889199555,True,strict_relative_improvement,True,1.4995948169935427,0.053587351734150926,0.024396672618145477,0.0258471892049731,True,0.22116572218871308,0.1400070460643382,True,0.0,0.0,True,1.959535355588362e-08,True,-2.9491649278851195,False
HalfCheetah-v5,standard,router_a004_s010_reward,disabled,0.0,0.0,causal_ema_high_pass,0.04,0.1,0.0,16,444.050911094619,658.7270012262858,214.6760901316668,110.71838316969597,322.71177740344575,8.88101822189238,True,2.5e-05,0.0033967549568274576,0.0006484122016060051,-0.002748342755221452,-0.0017834495789214697,nan,0.0003396754956827458,True,strict_relative_improvement,True,4.2504510969704965,0.0033967549568274576,0.0021862798448056752,-0.0012104751120217826,-0.00037899715441935757,nan,0.0003396754956827458,True,strict_relative_improvement,True,0.11576242394988041,0.0025814770796304754,0.05803761089716358,0.0688213946918601,True,0.38386644383360335,0.27111007314011343,True,0.0,0.0,True,6.826999086337205e-09,True,0.11576242394988041,True
HalfCheetah-v5,low_frequency,router_a004_s010_reward,disabled,0.0,0.0,causal_ema_high_pass,0.04,0.1,0.0,16,352.19617182480084,478.51414252864714,126.31797070384634,20.393307902461792,237.99997260510145,7.043923436496017,True,2.5e-05,0.004516351577449847,0.0007611257469176655,-0.0037552258305321817,-0.0023032073057071075,nan,0.0004516351577449847,True,strict_relative_improvement,True,4.099707731362249,0.004516351577449847,0.0026822960841837787,-0.0018340554932660684,-0.00047802308395652066,nan,0.0004516351577449847,True,strict_relative_improvement,True,0.05842752885601497,0.0031719922965479613,0.064125016026635,0.0751338331850961,True,0.3810946456188118,0.26814496934058685,True,0.0,0.0,True,7.726931678757745e-09,True,0.05842752885601497,True
HalfCheetah-v5,high_frequency,router_a004_s010_reward,disabled,0.0,0.0,causal_ema_high_pass,0.04,0.1,0.0,16,448.7323826309547,524.410153658747,75.6777710277923,-11.74197931343634,167.46637275179822,8.974647652619094,False,2.5e-05,0.00416928934992062,0.0007383166390687653,-0.0034309727108518544,-0.0022969899940347583,nan,0.000416928934992062,True,strict_relative_improvement,True,4.509308184807301,0.00416928934992062,0.0025576118189786353,-0.0016116775309419848,-0.0005737874506436861,nan,0.000416928934992062,True,strict_relative_improvement,True,0.37622362586710495,0.003020442206248965,0.0612778889397626,0.0692703276972564,True,0.3778943179299314,0.26384375264028276,True,0.0,0.0,True,7.411324798305618e-09,True,-0.30834989494096177,False
HalfCheetah-v5,mixed,router_a004_s010_reward,disabled,0.0,0.0,causal_ema_high_pass,0.04,0.1,0.0,16,365.9829770819041,387.51522007491934,21.5322429930152,-58.65170119974354,103.50844560651304,7.319659541638082,False,2.5e-05,0.004806508929987631,0.0008209872826018575,-0.003985521647385774,-0.002637536338329819,nan,0.00048065089299876315,True,strict_relative_improvement,True,4.487426272890761,0.004806508929987631,0.0025993014952714606,-0.002207207434716171,-0.0009817922757744044,nan,0.00048065089299876315,True,strict_relative_improvement,True,1.0426307119685947,0.003058931363931663,0.0633148824248325,0.0717722046594367,True,0.37668008971720546,0.2632814037872098,True,0.0,0.0,True,6.8025451664873585e-09,True,-7.012900171941297,False
HalfCheetah-v5,ood_chirp,router_a004_s010_reward,disabled,0.0,0.0,causal_ema_high_pass,0.04,0.1,0.0,16,401.5782352544745,513.8714003046234,112.2931650501489,6.550961963739264,222.29578864791122,8.03156470508949,True,2.5e-05,0.004566701522065933,0.0007580723817727961,-0.003808629140293137,-0.002292168464997659,nan,0.00045667015220659336,True,strict_relative_improvement,True,4.019308693423658,0.004566701522065933,0.0024060716243619364,-0.0021606298977039965,-0.0007871125163627738,nan,0.00045667015220659336,True,strict_relative_improvement,True,0.7235908950026831,0.0028341126099213207,0.06054455528212711,0.07010745546621572,True,0.3812423695779829,0.26820268373867756,True,0.0,0.0,True,6.84855434823253e-09,True,0.2989254453378429,True
Hopper-v5,standard,router_a004_s010_reward,disabled,0.0,0.0,causal_ema_high_pass,0.04,0.1,0.0,16,197.40764823994976,190.13144905117665,-7.276199188773127,-26.22699265146838,11.41577487835695,3.9481529647989952,False,2.5e-05,0.06707362823251521,0.03010043141225041,-0.0369731968202648,-0.024985168909155437,nan,0.006707362823251521,True,strict_relative_improvement,True,2.725036138278174,0.06707362823251521,0.05843024694967872,-0.008643381282836494,0.0059156709968234385,nan,0.006707362823251521,True,strict_relative_improvement,False,-1.8819667509734779,0.06489847850096517,0.08957676962092666,0.10006144602183602,False,0.278549823411819,0.18858565913503034,True,0.0,0.0,True,1.7363805543772074e-08,True,-5.642851197839449,False
Hopper-v5,low_frequency,router_a004_s010_reward,disabled,0.0,0.0,causal_ema_high_pass,0.04,0.1,0.0,16,196.7542388808438,189.73194729056303,-7.022291590280746,-24.9675747258922,11.004789690619646,3.935084777616876,False,2.5e-05,0.06969358079140504,0.030928517799825167,-0.03876506299157988,-0.026709970933856644,nan,0.006969358079140505,True,strict_relative_improvement,True,2.832486526097773,0.06969358079140504,0.061211601021417324,-0.008481979769987722,0.006157637991246338,nan,0.006969358079140505,True,strict_relative_improvement,False,-1.8835301503127428,0.06807616988899196,0.0920440138489256,0.1011532542891813,False,0.2848053062791165,0.19283662451874092,True,0.0,0.0,True,1.8112925538348658e-08,True,-5.344863233420042,False
Hopper-v5,high_frequency,router_a004_s010_reward,disabled,0.0,0.0,causal_ema_high_pass,0.04,0.1,0.0,16,198.0937660246662,190.5180363327079,-7.575729691958282,-26.414492407080612,11.058606117055167,3.961875320493324,False,2.5e-05,0.06716781463804333,0.030153267035677736,-0.0370145476023656,-0.025104314755800154,nan,0.006716781463804333,True,strict_relative_improvement,True,2.7375512201912944,0.06716781463804333,0.05858858769435989,-0.00857922694368345,0.005797632543156851,nan,0.006716781463804333,True,strict_relative_improvement,False,-1.8631563456991074,0.06508294445760278,0.09109911358119302,0.1017623756131259,False,0.2815223410231581,0.19060644524451809,True,0.0,0.0,True,1.7590783218860815e-08,True,-5.667169022318334,False
Hopper-v5,mixed,router_a004_s010_reward,disabled,0.0,0.0,causal_ema_high_pass,0.04,0.1,0.0,16,196.0903811061316,189.5869648463429,-6.503416259788699,-23.76979851930567,11.343576373023629,3.921807622122632,False,2.5e-05,0.06969185978768258,0.030964357180590076,-0.03872750260709251,-0.026791956791571574,nan,0.006969185978768258,True,strict_relative_improvement,True,2.8443452181063495,0.06969185978768258,0.061267995804864,-0.008423863982818585,0.006083646057280375,nan,0.006969185978768258,True,strict_relative_improvement,False,-1.8729349562221906,0.06813675010687777,0.09194241708260689,0.10112797034549445,False,0.28730222368973724,0.1940980240728883,True,0.0,0.0,True,1.746366497072146e-08,True,-5.060929247325127,False
Hopper-v5,ood_chirp,router_a004_s010_reward,disabled,0.0,0.0,causal_ema_high_pass,0.04,0.1,0.0,16,196.51693166707946,189.41653506500177,-7.10039660207771,-24.95469502526135,11.18384327385735,3.9303386333415893,False,2.5e-05,0.06858299886666383,0.030460880592255886,-0.03812211827440795,-0.026130050568785475,nan,0.0068582998866663835,True,strict_relative_improvement,True,2.809989501856927,0.06858299886666383,0.0600750586788553,-0.008507940187808538,0.006109037501177781,nan,0.0068582998866663835,True,strict_relative_improvement,False,-1.8907510027455512,0.06677426501518316,0.09187701936828693,0.10159789954437191,False,0.28243043852027505,0.1911471338244276,True,0.0,0.0,True,1.8838044319555058e-08,True,-5.349248080958554,False
Walker2d-v5,standard,router_a004_s010_reward,disabled,0.0,0.0,causal_ema_high_pass,0.04,0.1,0.0,16,219.00473110490128,221.85610864150976,2.851377536608469,-13.110900815484401,19.001932601618485,4.380094622098026,False,2.5e-05,0.07221405689977402,0.0071756111159806835,-0.06503844578379334,-0.05913863216549871,nan,0.007221405689977402,True,strict_relative_improvement,True,7.189351866434715,0.07221405689977402,0.05167109081860376,-0.020542966081170264,-0.01152093594698993,nan,0.007221405689977402,True,strict_relative_improvement,True,0.5953868874836726,0.06179174902859626,0.023696499565035858,0.024879376223741447,True,0.22983081033838026,0.1444360701542112,True,0.0,0.0,True,2.0299923140136034e-08,True,-1.9932916858322107,False
Walker2d-v5,low_frequency,router_a004_s010_reward,disabled,0.0,0.0,causal_ema_high_pass,0.04,0.1,0.0,16,222.0128978575521,231.12612094552964,9.113223087977557,-10.261217891811127,28.1158183070685,4.440257957151042,False,2.5e-05,0.07077932596053835,0.007386167185614178,-0.06339315877492419,-0.05746745452265394,nan,0.007077932596053835,True,strict_relative_improvement,True,7.119242977065622,0.07077932596053835,0.050102371575684285,-0.02067695438485407,-0.011663695486149801,nan,0.007077932596053835,True,strict_relative_improvement,True,0.6478958124937032,0.0598518291665746,0.025933130695531353,0.027689423147882815,True,0.22552598809547264,0.14031957270217504,True,0.0,0.0,True,2.001715068133891e-08,True,-1.3109508480887737,False
Walker2d-v5,high_frequency,router_a004_s010_reward,disabled,0.0,0.0,causal_ema_high_pass,0.04,0.1,0.0,16,224.71729805107032,230.75798930067967,6.0406912496093454,-10.646162653123563,22.65883202887805,4.4943459610214065,False,2.5e-05,0.07164403253048851,0.007191134468910749,-0.06445289806157775,-0.05882055594049481,nan,0.007164403253048852,True,strict_relative_improvement,True,7.2101123935846845,0.07164403253048851,0.05073552321095051,-0.020908509319538,-0.012163380370911183,nan,0.007164403253048852,True,strict_relative_improvement,True,0.6977520585172239,0.06066606066066269,0.024056383100315895,0.025385403385713868,True,0.22725026191683606,0.14213573232238716,True,0.0,0.0,True,1.987271355870425e-08,True,-1.368790196717314,False
Walker2d-v5,mixed,router_a004_s010_reward,disabled,0.0,0.0,causal_ema_high_pass,0.04,0.1,0.0,16,225.94240946091506,224.66927768556195,-1.2731317753530913,-19.276839602703046,16.78334718568335,4.518848189218302,False,2.5e-05,0.07070582778813803,0.007399379410549003,-0.06330644837758902,-0.057633676182422815,nan,0.007070582778813803,True,strict_relative_improvement,True,7.151191773769423,0.07070582778813803,0.05040805472406512,-0.02029777306407289,-0.011528172857893591,nan,0.007070582778813803,True,strict_relative_improvement,True,0.6304416790701396,0.060214661892102374,0.02560407737395583,0.027126744675310777,True,0.2263545648180066,0.14140247238726786,True,0.0,0.0,True,1.9171534356210347e-08,True,-3.265874575892241,False
Walker2d-v5,ood_chirp,router_a004_s010_reward,disabled,0.0,0.0,causal_ema_high_pass,0.04,0.1,0.0,16,211.22025462836325,225.86841531908414,14.648160690720875,-3.2317018044922006,32.73241126990115,4.224405092567265,True,2.5e-05,0.07211108889199555,0.007323631219557705,-0.06478745767243785,-0.0591488859651888,nan,0.007211108889199555,True,strict_relative_improvement,True,7.20246745320669,0.07211108889199555,0.050825359685615724,-0.021285729206379837,-0.012641581601913808,nan,0.007211108889199555,True,strict_relative_improvement,True,0.7530704079157295,0.06073681085950103,0.02490138985757022,0.026502621675445,True,0.22747183033108218,0.14171212928417726,True,0.0,0.0,True,2.001667189559329e-08,True,0.23499244658655036,True
HalfCheetah-v5,standard,router_a004_s015_reward,disabled,0.0,0.0,causal_ema_high_pass,0.04,0.15,0.0,16,444.050911094619,474.21756420531494,30.166653110695968,-110.00520876268087,172.29316449634678,8.88101822189238,False,2.5e-05,0.0033967549568274576,0.0005260979151915294,-0.002870657041635928,-0.0018324239389009244,nan,0.0003396754956827458,True,strict_relative_improvement,True,4.394630940974305,0.0033967549568274576,0.0023872643065178498,-0.0010094906503096079,0.0003400725205347246,nan,0.0003396754956827458,True,strict_relative_improvement,False,-2.001168835718281,0.003131452316201873,0.06776741130124139,0.07298787405016396,True,0.35657171684685945,0.2541668675162302,True,0.0,0.0,True,7.496996422145684e-09,True,-11.386553660199654,False
HalfCheetah-v5,low_frequency,router_a004_s015_reward,disabled,0.0,0.0,causal_ema_high_pass,0.04,0.15,0.0,16,352.19617182480084,397.8881110468082,45.691939222007385,-73.96243336709833,169.2973895684197,7.043923436496017,False,2.5e-05,0.004516351577449847,0.0005700581306257985,-0.003946293446824048,-0.0024063515723933794,nan,0.0004516351577449847,True,strict_relative_improvement,True,4.3280873535361994,0.004516351577449847,0.0024593179953084207,-0.0020570335821414264,-0.00023012070136154553,nan,0.0004516351577449847,True,strict_relative_improvement,False,-0.4904721268589038,0.003217892328766605,0.06611353014504537,0.07137694420048109,True,0.3551379962802165,0.25229074596123596,True,0.0,0.0,True,7.722323460297218e-09,True,-9.500175652660241,False
HalfCheetah-v5,high_frequency,router_a004_s015_reward,disabled,0.0,0.0,causal_ema_high_pass,0.04,0.15,0.0,16,448.7323826309547,414.99877596176907,-33.73360666918568,-141.95529606324996,74.26618879665546,8.974647652619094,False,2.5e-05,0.00416928934992062,0.0006104085722290425,-0.0035588807776915773,-0.0023808601865142795,nan,0.000416928934992062,True,strict_relative_improvement,True,4.7104700266476085,0.00416928934992062,0.0027804052660831274,-0.0013888840838374925,9.990252615288829e-05,nan,0.000416928934992062,True,strict_relative_improvement,False,-1.2396152383973789,0.0036474798010285602,0.06623496003259641,0.07160278602760901,True,0.3517922497474301,0.24900992969919228,True,0.0,0.0,True,8.80138978108362e-09,True,-14.817367049705043,False
HalfCheetah-v5,mixed,router_a004_s015_reward,disabled,0.0,0.0,causal_ema_high_pass,0.04,0.15,0.0,16,365.9829770819041,343.4504169244233,-22.532560157480823,-110.4264706859218,66.66731752231556,7.319659541638082,False,2.5e-05,0.004806508929987631,0.0006401170795559241,-0.004166391850431708,-0.0027242060865232775,nan,0.00048065089299876315,True,strict_relative_improvement,True,4.667743732934847,0.004806508929987631,0.0028561584653080028,-0.0019503504646796292,-0.0001998131560055358,nan,0.00048065089299876315,True,strict_relative_improvement,False,-0.5842863106756987,0.0037415308140806873,0.06505895442116007,0.07002048673825052,True,0.35072186450439924,0.24829963482405631,True,0.0,0.0,True,7.3998997393988115e-09,True,-14.086285100797083,False
HalfCheetah-v5,ood_chirp,router_a004_s015_reward,disabled,0.0,0.0,causal_ema_high_pass,0.04,0.15,0.0,16,401.5782352544745,421.8423558343109,20.26412057983636,-80.98021731183388,125.67622555347577,8.03156470508949,False,2.5e-05,0.004566701522065933,0.0005837224265961068,-0.003982979095469826,-0.0023715689607274313,nan,0.00045667015220659336,True,strict_relative_improvement,True,4.193177065039616,0.004566701522065933,0.0025137233123751746,-0.0020529782096907583,-0.00018746641732426532,nan,0.00045667015220659336,True,strict_relative_improvement,False,-0.5894927303252846,0.0032882580256380686,0.06646876896243951,0.07171459688229201,True,0.3561458966786175,0.2541371528624636,True,0.0,0.0,True,7.872005351800312e-09,True,-9.082744805693697,False
Hopper-v5,standard,router_a004_s015_reward,disabled,0.0,0.0,causal_ema_high_pass,0.04,0.15,0.0,16,197.40764823994976,204.18513736560544,6.777489125655668,-16.933831508651906,30.631820170952036,3.9481529647989952,False,2.5e-05,0.06707362823251521,0.028667037293883483,-0.03840659093863173,-0.02736697891512965,nan,0.006707362823251521,True,strict_relative_improvement,True,3.080139935215699,0.06707362823251521,0.05057709774236675,-0.016496530490148473,-0.0003549000673508975,nan,0.006707362823251521,True,strict_relative_improvement,False,-0.947087987230896,0.05907242959414861,0.09431566981759437,0.10111273093828836,False,0.25567301898157163,0.16248904312958132,True,0.0,0.0,True,1.7473519616543325e-08,True,-3.289051528557994,False
Hopper-v5,low_frequency,router_a004_s015_reward,disabled,0.0,0.0,causal_ema_high_pass,0.04,0.15,0.0,16,196.7542388808438,204.64031093115656,7.8860720503128015,-15.807529379736634,31.257675988415414,3.935084777616876,False,2.5e-05,0.06969358079140504,0.029387997451820858,-0.040305583339584186,-0.029203068921282865,nan,0.006969358079140505,True,strict_relative_improvement,True,3.190209283217706,0.06969358079140504,0.05302416218286911,-0.016669418608535935,-0.0005100810169296782,nan,0.006969358079140505,True,strict_relative_improvement,False,-0.9268109040836393,0.062085457046101473,0.09680116283875755,0.10437475046618218,False,0.26240236585207455,0.1677325122954625,True,0.0,0.0,True,1.6909055549475048e-08,True,-3.0170746687978145,False
Hopper-v5,high_frequency,router_a004_s015_reward,disabled,0.0,0.0,causal_ema_high_pass,0.04,0.15,0.0,16,198.0937660246662,204.08891870062854,5.995152675962361,-17.611375613694776,29.8085138468399,3.961875320493324,False,2.5e-05,0.06716781463804333,0.028830308776723004,-0.03833750586132033,-0.027190483909438855,nan,0.006716781463804333,True,strict_relative_improvement,True,3.0481418155353195,0.06716781463804333,0.05077342975539578,-0.01639438488264756,-0.0004147378014534548,nan,0.006716781463804333,True,strict_relative_improvement,False,-0.93825349184153,0.05930479490700483,0.09551431297768714,0.10222247048407444,False,0.2593238980343674,0.1655707711427264,True,0.0,0.0,True,1.6680573613248908e-08,True,-3.445211973884591,False
Hopper-v5,mixed,router_a004_s015_reward,disabled,0.0,0.0,causal_ema_high_pass,0.04,0.15,0.0,16,196.0903811061316,204.16589993066748,8.075518824535878,-14.872758427900656,30.99934634123717,3.921807622122632,False,2.5e-05,0.06969185978768258,0.029368237007386756,-0.04032362278029583,-0.029111144426177512,nan,0.006969185978768258,True,strict_relative_improvement,True,3.1771226244880104,0.06969185978768258,0.052974772734211556,-0.016717087053471035,-0.0005980697775955405,nan,0.006969185978768258,True,strict_relative_improvement,False,-0.9141836967161487,0.06202529696781191,0.09675451078850056,0.10440905092134413,False,0.26518861545363,0.16968960594065846,True,0.0,0.0,True,1.803092981084064e-08,True,-2.7923222811859785,False
Hopper-v5,ood_chirp,router_a004_s015_reward,disabled,0.0,0.0,causal_ema_high_pass,0.04,0.15,0.0,16,196.51693166707946,203.39980425090926,6.882872583829808,-16.286542972102787,29.89371050079305,3.9303386333415893,False,2.5e-05,0.06858299886666383,0.028747509945052003,-0.03983548892161183,-0.02866155404449307,nan,0.0068582998866663835,True,strict_relative_improvement,True,3.179104809956714,0.06858299886666383,0.05184785129509316,-0.016735147571570675,-0.0006780466904583979,nan,0.0068582998866663835,True,strict_relative_improvement,False,-0.9011348728310018,0.06067039751675349,0.09632664941632223,0.10375876090930346,False,0.25992025676566416,0.16581264801718112,True,0.0,0.0,True,1.8629328200534133e-08,True,-3.143801461263887,False
Walker2d-v5,standard,router_a004_s015_reward,disabled,0.0,0.0,causal_ema_high_pass,0.04,0.15,0.0,16,219.00473110490128,243.9593749894,24.95464388449873,-7.763215527184997,57.47611513389078,4.380094622098026,False,2.5e-05,0.07221405689977402,0.006065607113767119,-0.06614844978600691,-0.05974453866275653,nan,0.007221405689977402,True,strict_relative_improvement,True,7.273256098279599,0.07221405689977402,0.040735410509609264,-0.03147864639016476,-0.02225630735749302,nan,0.007221405689977402,True,strict_relative_improvement,True,2.0819910018879813,0.05365830917992079,0.02331831686535368,0.024434704521198482,True,0.20416859873876833,0.12006537136253292,True,0.0,0.0,True,1.995829345719618e-08,True,-0.7723853471152835,False
Walker2d-v5,low_frequency,router_a004_s015_reward,disabled,0.0,0.0,causal_ema_high_pass,0.04,0.15,0.0,16,222.0128978575521,232.7997261422399,10.7868282846878,-16.075949367555783,37.37437495595533,4.440257957151042,False,2.5e-05,0.07077932596053835,0.006329954960237953,-0.0644493710003004,-0.0582012556078046,nan,0.007077932596053835,True,strict_relative_improvement,True,7.222917471728056,0.07077932596053835,0.040929786654578804,-0.029849539305959558,-0.020904743090753592,nan,0.007077932596053835,True,strict_relative_improvement,True,1.9535097723887098,0.05381135509804609,0.024132189763081537,0.02514675505245005,True,0.20455173874586993,0.12130443320339977,True,0.0,0.0,True,1.9780820224491705e-08,True,-2.6204989716116476,False
Walker2d-v5,high_frequency,router_a004_s015_reward,disabled,0.0,0.0,causal_ema_high_pass,0.04,0.15,0.0,16,224.71729805107032,246.56287037940706,21.84557232833673,-10.47841791427983,54.84035090585522,4.4943459610214065,False,2.5e-05,0.07164403253048851,0.006119468510362287,-0.06552456402012621,-0.059341055626015174,nan,0.007164403253048852,True,strict_relative_improvement,True,7.282763201633333,0.07164403253048851,0.04048170652443661,-0.031162326006051892,-0.02235926122437503,nan,0.007164403253048852,True,strict_relative_improvement,True,2.1208825682529695,0.05330059667224794,0.02411229814281187,0.025349747506472294,True,0.20351404617093838,0.1202131346044605,True,0.0,0.0,True,2.059394471205223e-08,True,-1.3314666928530032,False
Walker2d-v5,mixed,router_a004_s015_reward,disabled,0.0,0.0,causal_ema_high_pass,0.04,0.15,0.0,16,225.94240946091506,235.1548874634579,9.212478002542868,-17.176556166991723,34.511229378374864,4.518848189218302,False,2.5e-05,0.07070582778813803,0.006391030077945673,-0.06431479771019236,-0.05826170750410309,nan,0.007070582778813803,True,strict_relative_improvement,True,7.2400149077778515,0.07070582778813803,0.040654389922549036,-0.030051437865588976,-0.021373271462116466,nan,0.007070582778813803,True,strict_relative_improvement,True,2.0228443864852332,0.05341902701904322,0.024563014010063174,0.025772437864522244,True,0.20397471098867603,0.12080871904368196,True,0.0,0.0,True,2.1702949652958303e-08,True,-2.8010916604753278,False
Walker2d-v5,ood_chirp,router_a004_s015_reward,disabled,0.0,0.0,causal_ema_high_pass,0.04,0.15,0.0,16,211.22025462836325,236.5660400075217,25.345785379158464,-1.7246133670306547,52.377582281044,4.224405092567265,True,2.5e-05,0.07211108889199555,0.006250410412755357,-0.0658606784792402,-0.05969749790147472,nan,0.007211108889199555,True,strict_relative_improvement,True,7.278546173513855,0.07211108889199555,0.041099323151790934,-0.03101176574020463,-0.021885952115127217,nan,0.007211108889199555,True,strict_relative_improvement,True,2.0350328155364457,0.05407187574137173,0.023772509464551863,0.024747414203990757,True,0.20492337811398542,0.12056701127514964,True,0.0,0.0,True,2.0030255077522867e-08,True,0.43839687683819223,True
HalfCheetah-v5,standard,router_a010_s006_reward,disabled,0.0,0.0,causal_ema_high_pass,0.1,0.06,0.0,16,444.050911094619,433.6647635175457,-10.386147577073302,-144.27391774182195,122.9956906203518,8.88101822189238,False,2.5e-05,0.0033967549568274576,0.0006606510430490239,-0.0027361039137784337,-0.0017037953432195215,nan,0.0003396754956827458,True,strict_relative_improvement,True,4.015950119672021,0.0033967549568274576,0.002189082974342052,-0.0012076719824854055,-3.112344440594638e-05,nan,0.0003396754956827458,True,strict_relative_improvement,False,-0.9083730065856284,0.0024253851661501244,0.05348273656537154,0.0589143410715103,True,0.3485627420402364,0.2404564349846673,True,0.0,0.0,True,7.148556277306738e-09,True,-15.245200058949981,False
HalfCheetah-v5,low_frequency,router_a010_s006_reward,disabled,0.0,0.0,causal_ema_high_pass,0.1,0.06,0.0,16,352.19617182480084,372.2065830313634,20.010411206562594,-83.31689207062462,123.37147432635085,7.043923436496017,False,2.5e-05,0.004516351577449847,0.0007334714462671975,-0.0037828801311826496,-0.002229053528072412,nan,0.0004516351577449847,True,strict_relative_improvement,True,3.935518171796193,0.004516351577449847,0.0028554887611897737,-0.0016608628162600734,0.00015339298082619885,nan,0.0004516351577449847,True,strict_relative_improvement,False,-1.3396391494233761,0.0031745015162844645,0.05553417683319345,0.060326653021385214,True,0.34698356993103935,0.23928857491556102,True,0.0,0.0,True,7.370821223561459e-09,True,-10.828193878278498,False
HalfCheetah-v5,high_frequency,router_a010_s006_reward,disabled,0.0,0.0,causal_ema_high_pass,0.1,0.06,0.0,16,448.7323826309547,410.91504488045996,-37.8173377504948,-148.94040169770201,72.86025110611884,8.974647652619094,False,2.5e-05,0.00416928934992062,0.0007136800671381247,-0.0034556092827824946,-0.0022663287096792196,nan,0.000416928934992062,True,strict_relative_improvement,True,4.435767392163291,0.00416928934992062,0.002226798218549017,-0.001942491131371603,-0.000799494925982501,nan,0.000416928934992062,True,strict_relative_improvement,True,0.917580812657492,0.0024597625986262275,0.05703888454028753,0.060753684050550615,True,0.34859251929064194,0.23999668771522634,True,0.0,0.0,True,6.8690983810875204e-09,True,-15.59568235575648,False
HalfCheetah-v5,mixed,router_a010_s006_reward,disabled,0.0,0.0,causal_ema_high_pass,0.1,0.06,0.0,16,365.9829770819041,280.27112781590296,-85.71184926600118,-164.99585095986149,-7.46282346748961,7.319659541638082,False,2.5e-05,0.004806508929987631,0.0007706355069647226,-0.004035873423022909,-0.002611343763148542,nan,0.00048065089299876315,True,strict_relative_improvement,True,4.432932303228368,0.004806508929987631,0.0027639365355176214,-0.00204257239447001,-0.0005254402735805914,nan,0.00048065089299876315,True,strict_relative_improvement,True,0.0931848483675729,0.0030656915188116704,0.057816948275147224,0.061508307374965654,True,0.34563826331443614,0.23730181109139278,True,0.0,0.0,True,6.985765209733848e-09,True,-21.54146521723833,False
HalfCheetah-v5,ood_chirp,router_a010_s006_reward,disabled,0.0,0.0,causal_ema_high_pass,0.1,0.06,0.0,16,401.5782352544745,407.1436721450831,5.565436890608527,-94.58046641427326,109.50720034090288,8.03156470508949,False,2.5e-05,0.004566701522065933,0.0007613242325544774,-0.003805377289511455,-0.0021791632507486757,nan,0.00045667015220659336,True,strict_relative_improvement,True,3.7718539086015026,0.004566701522065933,0.0027664949283687963,-0.001800206593697137,4.189231882403889e-05,nan,0.00045667015220659336,True,strict_relative_improvement,False,-1.0917343045557468,0.0030725061979635245,0.05508639342464047,0.05965629746306536,True,0.3483692801700061,0.24082157495683024,True,0.0,0.0,True,7.122341834526254e-09,True,-10.776094682315009,False
Hopper-v5,standard,router_a010_s006_reward,disabled,0.0,0.0,causal_ema_high_pass,0.1,0.06,0.0,16,197.40764823994976,194.61435113244232,-2.7932971075074278,-20.247459639355583,13.822432092538012,3.9481529647989952,False,2.5e-05,0.06707362823251521,0.034756359636303996,-0.03231726859621122,-0.01938728093639054,nan,0.006707362823251521,True,strict_relative_improvement,True,1.8904476240920258,0.06707362823251521,0.06373635869096617,-0.0033372695415490625,0.01730141542092036,nan,0.006707362823251521,True,strict_relative_improvement,False,-3.5794661593292445,0.06957605673143177,0.10219250616223761,0.11438756168383145,False,0.27561410791922725,0.1755797189405069,True,0.0,0.0,True,2.0138941266392034e-08,True,-4.128337179404699,False
Hopper-v5,low_frequency,router_a010_s006_reward,disabled,0.0,0.0,causal_ema_high_pass,0.1,0.06,0.0,16,196.7542388808438,195.70455086962556,-1.0496880112182083,-17.53419107777562,14.999665152138784,3.935084777616876,False,2.5e-05,0.06969358079140504,0.035384945071181007,-0.034308635720224044,-0.021398151317807073,nan,0.006969358079140505,True,strict_relative_improvement,True,2.0703188263281196,0.06969358079140504,0.06613076552731172,-0.003562815264093331,0.01708036029443973,nan,0.006969358079140505,True,strict_relative_improvement,False,-3.4507795553742246,0.07224134142306546,0.10216280106972295,0.111871736057217,False,0.2821533901949335,0.18090195606284315,True,0.0,0.0,True,1.9211838355310484e-08,True,-3.4558610725521626,False
Hopper-v5,high_frequency,router_a010_s006_reward,disabled,0.0,0.0,causal_ema_high_pass,0.1,0.06,0.0,16,198.0937660246662,194.80548966000813,-3.2882763646580457,-20.3099678502336,13.01489876941088,3.961875320493324,False,2.5e-05,0.06716781463804333,0.03489953904842728,-0.032268275589616056,-0.01920028956792814,nan,0.006716781463804333,True,strict_relative_improvement,True,1.8585550492293736,0.06716781463804333,0.06403172869294987,-0.0031360859450934577,0.017694589130089092,nan,0.006716781463804333,True,strict_relative_improvement,False,-3.634385118146603,0.0699023850774963,0.10384278492556566,0.11584485559689986,False,0.27902289721513174,0.17806756449761946,True,0.0,0.0,True,1.7854942760105994e-08,True,-4.126352095225614,False
Hopper-v5,mixed,router_a010_s006_reward,disabled,0.0,0.0,causal_ema_high_pass,0.1,0.06,0.0,16,196.0903811061316,195.7623307494639,-0.32805035666770976,-16.189680846375374,15.21986210033752,3.921807622122632,False,2.5e-05,0.06969185978768258,0.0354310416970511,-0.03426081809063149,-0.02130313886485399,nan,0.006969185978768258,True,strict_relative_improvement,True,2.0567614251871538,0.06969185978768258,0.06624058071568424,-0.0034512790719983455,0.017104747136684483,nan,0.006969185978768258,True,strict_relative_improvement,False,-3.454339314346666,0.07236370811700542,0.10184996546558431,0.11159337309978373,False,0.2848230956904039,0.18276904408788486,True,0.0,0.0,True,2.0424824618075736e-08,True,-3.454339314346666,False
Hopper-v5,ood_chirp,router_a010_s006_reward,disabled,0.0,0.0,causal_ema_high_pass,0.1,0.06,0.0,16,196.51693166707946,194.51741265692954,-1.9995190101499336,-17.85812546599626,13.519723000919486,3.9303386333415893,False,2.5e-05,0.06858299886666383,0.034870184871143545,-0.03371281399552029,-0.02081847272884033,nan,0.0068582998866663835,True,strict_relative_improvement,True,2.0355150799565824,0.06858299886666383,0.0647679514760406,-0.003815047390623232,0.01637038707560001,nan,0.0068582998866663835,True,strict_relative_improvement,False,-3.386945357613572,0.0707234369341474,0.10246503470781129,0.11255917582240596,False,0.27959844314686133,0.1784941025188537,True,0.0,0.0,True,2.0286510128791136e-08,True,-3.5436607712382306,False
Walker2d-v5,standard,router_a010_s006_reward,disabled,0.0,0.0,causal_ema_high_pass,0.1,0.06,0.0,16,219.00473110490128,207.86291914803343,-11.141811956867857,-41.559807740283794,20.02447881288005,4.380094622098026,False,2.5e-05,0.07221405689977402,0.006414772946407129,-0.0657992839533669,-0.06000391897522746,nan,0.007221405689977402,True,strict_relative_improvement,True,7.309174356248532,0.07221405689977402,0.048186848446287386,-0.024027208453486635,-0.015426865033348195,nan,0.007221405689977402,True,strict_relative_improvement,True,1.1362689891192737,0.05409443368045326,0.023238287044287265,0.024325531802789093,True,0.22121800782395085,0.13579234345236954,True,0.0,0.0,True,2.0449799162460324e-08,True,-8.488335601384113,False
Walker2d-v5,low_frequency,router_a010_s006_reward,disabled,0.0,0.0,causal_ema_high_pass,0.1,0.06,0.0,16,222.0128978575521,207.8880011983506,-14.124896659201482,-43.18363542322878,14.353359896729204,4.440257957151042,False,2.5e-05,0.07077932596053835,0.006498786805966323,-0.06428053915457203,-0.0586610072906178,nan,0.007077932596053835,True,strict_relative_improvement,True,7.287873117543266,0.07077932596053835,0.04784885272419462,-0.022930473236343733,-0.014641204836194141,nan,0.007077932596053835,True,strict_relative_improvement,True,1.068570820292505,0.05370780709628973,0.024055341621228615,0.02501592924126752,True,0.2198062961262095,0.13496897998961252,True,0.0,0.0,True,1.882673014635097e-08,True,-8.725478978914158,False
Walker2d-v5,high_frequency,router_a010_s006_reward,disabled,0.0,0.0,causal_ema_high_pass,0.1,0.06,0.0,16,224.71729805107032,215.08074001473233,-9.636558036337966,-39.29846585525433,19.459083365428192,4.4943459610214065,False,2.5e-05,0.07164403253048851,0.0063589031817092335,-0.06528512934877928,-0.059806540865386344,nan,0.007164403253048852,True,strict_relative_improvement,True,7.3477351501585755,0.07164403253048851,0.04786923867968988,-0.02377479385079863,-0.015441200974114874,nan,0.007164403253048852,True,strict_relative_improvement,True,1.155266869929995,0.05374286065380449,0.023457440487768117,0.024515493152988184,True,0.22012103503407954,0.1345984828082464,True,0.0,0.0,True,1.9076039557345354e-08,True,-7.743978811618492,False
Walker2d-v5,mixed,router_a010_s006_reward,disabled,0.0,0.0,causal_ema_high_pass,0.1,0.06,0.0,16,225.94240946091506,216.86403328548712,-9.07837617542794,-37.217861217858854,18.94509183144707,4.518848189218302,False,2.5e-05,0.07070582778813803,0.006442247428553208,-0.06426358035958482,-0.05875202201727829,nan,0.007070582778813803,True,strict_relative_improvement,True,7.309360607915099,0.07070582778813803,0.04732327133603386,-0.02338255645210416,-0.01530708308643315,nan,0.007070582778813803,True,strict_relative_improvement,True,1.1648969491311358,0.053122216386420035,0.02407003327370419,0.025138004022994823,True,0.21831812574303422,0.13322233946798376,True,0.0,0.0,True,1.914692911643445e-08,True,-7.23613886978067,False
Walker2d-v5,ood_chirp,router_a010_s006_reward,disabled,0.0,0.0,causal_ema_high_pass,0.1,0.06,0.0,16,211.22025462836325,209.5533163060068,-1.6669383223564598,-28.816237093445263,25.742976887682612,4.224405092567265,False,2.5e-05,0.07211108889199555,0.006502182505877004,-0.06560890638611855,-0.060125799838079697,nan,0.007211108889199555,True,strict_relative_improvement,True,7.337940913377853,0.07211108889199555,0.04789153816284073,-0.024219550729154826,-0.01580643449393771,nan,0.007211108889199555,True,strict_relative_improvement,True,1.1919561522100732,0.053755651501048954,0.023998671011327438,0.025002029877978966,True,0.21983751952686326,0.13407130506596465,True,0.0,0.0,True,1.89428027232049e-08,True,-5.82137163979532,False
HalfCheetah-v5,standard,router_a010_s010_reward,disabled,0.0,0.0,causal_ema_high_pass,0.1,0.1,0.0,16,444.050911094619,613.8830904245888,169.8321793299698,25.410502967987618,315.4240252758825,8.88101822189238,True,2.5e-05,0.0033967549568274576,0.0006658417396388307,-0.0027309132171886266,-0.0017074144417383867,nan,0.0003396754956827458,True,strict_relative_improvement,True,4.026604696068799,0.0033967549568274576,0.0032810396363118863,-0.00011571532051557145,0.001350149056527606,nan,0.0003396754956827458,True,strict_relative_improvement,False,-4.97482030257677,0.003952852683828929,0.05543271840901653,0.059550458625034906,True,0.3465393187200202,0.23548843629186392,True,0.0,0.0,True,7.565455497700204e-09,True,-4.97482030257677,False
HalfCheetah-v5,low_frequency,router_a010_s010_reward,disabled,0.0,0.0,causal_ema_high_pass,0.1,0.1,0.0,16,352.19617182480084,500.5183455687019,148.32217374390103,38.16959588498642,258.6069004570618,7.043923436496017,True,2.5e-05,0.004516351577449847,0.0007381596624557493,-0.003778191914994098,-0.0022527897772491455,nan,0.0004516351577449847,True,strict_relative_improvement,True,3.9880744193993434,0.004516351577449847,0.0044712381231042184,-4.51134543456291e-05,0.0025856386316416447,nan,0.0004516351577449847,True,strict_relative_improvement,False,-6.725060565594016,0.005414994007985062,0.05739046737573919,0.061302107956472666,True,0.343283000327553,0.23112032122767084,True,0.0,0.0,True,7.96609881733728e-09,True,-6.725060565594016,False
HalfCheetah-v5,high_frequency,router_a010_s010_reward,disabled,0.0,0.0,causal_ema_high_pass,0.1,0.1,0.0,16,448.7323826309547,458.1012163988513,9.368833767896543,-77.66636757908145,97.5366405524148,8.974647652619094,False,2.5e-05,0.00416928934992062,0.0007340701792692126,-0.0034352191706514077,-0.00222855108848257,nan,0.000416928934992062,True,strict_relative_improvement,True,4.345158134743034,0.00416928934992062,0.0037469947648884087,-0.00042229458503221075,0.0011969518349821925,nan,0.000416928934992062,True,strict_relative_improvement,False,-3.8708773474908416,0.004515259594097561,0.05935223280425589,0.06296553079348045,True,0.34302464401273136,0.23232703118548292,True,0.0,0.0,True,7.005458567173408e-09,True,-7.6539740149481945,False
HalfCheetah-v5,mixed,router_a010_s010_reward,disabled,0.0,0.0,causal_ema_high_pass,0.1,0.1,0.0,16,365.9829770819041,311.8587711849285,-54.12420589697565,-132.5230653694535,24.0444610433398,7.319659541638082,False,2.5e-05,0.004806508929987631,0.0007535730503606436,-0.004052935879626988,-0.002617886667277611,nan,0.00048065089299876315,True,strict_relative_improvement,True,4.446544894454919,0.004806508929987631,0.004329815715964289,-0.0004766932140233429,0.001597267017073348,nan,0.00048065089299876315,True,strict_relative_improvement,False,-4.323133360073583,0.0052335788906171625,0.059886171212376826,0.06381849596764724,True,0.33786600536677164,0.22662005428295404,True,0.0,0.0,True,7.778258242030594e-09,True,-17.105085983247232,False
HalfCheetah-v5,ood_chirp,router_a010_s010_reward,disabled,0.0,0.0,causal_ema_high_pass,0.1,0.1,0.0,16,401.5782352544745,455.84048963257237,54.26225437809783,-66.55390481207907,173.57808164597915,8.03156470508949,False,2.5e-05,0.004566701522065933,0.0007399262312605206,-0.003826775290805413,-0.0022265935839527232,nan,0.00045667015220659336,True,strict_relative_improvement,True,3.8757151593858334,0.004566701522065933,0.004672716273643596,0.0001060147515776625,0.002784811316746315,nan,0.00045667015220659336,True,strict_relative_improvement,False,-7.098080426956592,0.005662054652246,0.0574913869012877,0.06144134214992358,True,0.3424090518891941,0.23026324306489707,True,0.0,0.0,True,7.163637862178733e-09,True,-7.286542816483167,False
Hopper-v5,standard,router_a010_s010_reward,disabled,0.0,0.0,causal_ema_high_pass,0.1,0.1,0.0,16,197.40764823994976,207.22441235752882,9.816764117579062,-11.179450022772444,31.030485283558015,3.9481529647989952,False,2.5e-05,0.06707362823251521,0.028395849473588645,-0.03867777875892657,-0.027235980184842412,nan,0.006707362823251521,True,strict_relative_improvement,True,3.060609348644011,0.06707362823251521,0.052800598860512624,-0.014273029372002588,-0.0028181987127579838,nan,0.006707362823251521,True,strict_relative_improvement,False,-0.579835057828017,0.06137205780119771,0.08114682355180007,0.08737987028079744,True,0.26555874463368545,0.17948397743236816,True,0.0,0.0,True,1.627109762719787e-08,True,-1.83156456258062,False
Hopper-v5,low_frequency,router_a010_s010_reward,disabled,0.0,0.0,causal_ema_high_pass,0.1,0.1,0.0,16,196.7542388808438,206.92892363677652,10.174684755932727,-11.411279285653498,32.01302050852624,3.935084777616876,False,2.5e-05,0.06969358079140504,0.029415188985531335,-0.04027839180587371,-0.028689856212029716,nan,0.006969358079140505,True,strict_relative_improvement,True,3.1165708356841795,0.06969358079140504,0.05532527164503313,-0.014368309146371909,-0.003222390920454206,nan,0.006969358079140505,True,strict_relative_improvement,False,-0.5376344730946,0.0643857223879194,0.08557695238600901,0.09145666383927926,True,0.27357607059547057,0.1866363229155517,True,0.0,0.0,True,1.7922322405592112e-08,True,-1.8998814334476106,False
Hopper-v5,high_frequency,router_a010_s010_reward,disabled,0.0,0.0,causal_ema_high_pass,0.1,0.1,0.0,16,198.0937660246662,207.0589864348587,8.965220410192503,-12.388918382684748,30.461713806002567,3.961875320493324,False,2.5e-05,0.06716781463804333,0.028454815000423284,-0.03871299963762005,-0.027364854224339236,nan,0.006716781463804333,True,strict_relative_improvement,True,3.074102212764265,0.06716781463804333,0.052947054425553634,-0.014220760212489705,-0.002716316826025407,nan,0.006716781463804333,True,strict_relative_improvement,False,-0.5955924960990311,0.061547190167140865,0.08277831556532658,0.08873494467870051,True,0.26883738817504377,0.1818321854070411,True,0.0,0.0,True,1.6727631338727725e-08,True,-2.127033886856921,False
Hopper-v5,mixed,router_a010_s010_reward,disabled,0.0,0.0,causal_ema_high_pass,0.1,0.1,0.0,16,196.0903811061316,206.4496418087801,10.35926070264851,-11.572434940366728,32.38337776438276,3.921807622122632,False,2.5e-05,0.06969185978768258,0.029502673738163634,-0.04018918604951896,-0.028558946793005118,nan,0.006969185978768258,True,strict_relative_improvement,True,3.097888459284976,0.06969185978768258,0.05543667161462032,-0.014255188173062271,-0.003003209841937954,nan,0.006969185978768258,True,strict_relative_improvement,False,-0.5690730809757003,0.06451366855485514,0.08549928779201685,0.0914812620721248,True,0.2762178419428797,0.18849720859938665,True,0.0,0.0,True,1.6947301813533998e-08,True,-1.9507910778406017,False
Hopper-v5,ood_chirp,router_a010_s010_reward,disabled,0.0,0.0,causal_ema_high_pass,0.1,0.1,0.0,16,196.51693166707946,206.46152585678368,9.944594189704242,-10.716391542965424,31.51786183418287,3.9303386333415893,False,2.5e-05,0.06858299886666383,0.028680673635211963,-0.03990232523145187,-0.028546580047642208,nan,0.0068582998866663835,True,strict_relative_improvement,True,3.162340597433084,0.06858299886666383,0.054010738914078316,-0.014572259952585516,-0.0035279074303891664,nan,0.0068582998866663835,True,strict_relative_improvement,False,-0.48560029618302714,0.06282928358381976,0.08421228326316789,0.09032963328821902,True,0.27004775125784575,0.18358575295195914,True,0.0,0.0,True,1.587601174268213e-08,True,-1.7265822471521506,False
Walker2d-v5,standard,router_a010_s010_reward,disabled,0.0,0.0,causal_ema_high_pass,0.1,0.1,0.0,16,219.00473110490128,215.94796123720207,-3.056769867699229,-34.605982002507986,27.94852197945273,4.380094622098026,False,2.5e-05,0.07221405689977402,0.007159259829841159,-0.06505479706993286,-0.058891237999458564,nan,0.007221405689977402,True,strict_relative_improvement,True,7.155093416395895,0.07221405689977402,0.04732821623041139,-0.02488584066936264,-0.017050323165127265,nan,0.007221405689977402,True,strict_relative_improvement,True,1.3610809165300644,0.057532074268198216,0.02402111274418214,0.02503649605977194,True,0.2222855289180301,0.14107720699035708,True,0.0,0.0,True,1.897461659763906e-08,True,-6.900738451611812,False
Walker2d-v5,low_frequency,router_a010_s010_reward,disabled,0.0,0.0,causal_ema_high_pass,0.1,0.1,0.0,16,222.0128978575521,212.99787762734707,-9.015020230205003,-40.18782099388348,22.23284144793606,4.440257957151042,False,2.5e-05,0.07077932596053835,0.007383187674407484,-0.06339613828613087,-0.05743708519298907,nan,0.007077932596053835,True,strict_relative_improvement,True,7.114952270810266,0.07077932596053835,0.047052329119218625,-0.023726996841319722,-0.016359053315492526,nan,0.007077932596053835,True,strict_relative_improvement,True,1.3112756576140894,0.057163915315880706,0.02425996550098039,0.02510230885486954,True,0.22157609017318458,0.1412771996586571,True,0.0,0.0,True,1.8710700871385497e-08,True,-8.050785197999799,False
Walker2d-v5,high_frequency,router_a010_s010_reward,disabled,0.0,0.0,causal_ema_high_pass,0.1,0.1,0.0,16,224.71729805107032,221.8931219643676,-2.8241760867027104,-33.43994365064957,27.762056520418817,4.4943459610214065,False,2.5e-05,0.07164403253048851,0.007086373770808554,-0.06455765875967995,-0.058429108727484504,nan,0.007164403253048852,True,strict_relative_improvement,True,7.155474596243542,0.07164403253048851,0.04724129839903826,-0.024402734131450242,-0.01663189156067656,nan,0.007164403253048852,True,strict_relative_improvement,True,1.3214622311493656,0.05743855586213112,0.023611802042647942,0.024519224918468474,True,0.22186516865684067,0.14088220876755234,True,0.0,0.0,True,1.8996419956351176e-08,True,-6.440447161982574,False
Walker2d-v5,mixed,router_a010_s010_reward,disabled,0.0,0.0,causal_ema_high_pass,0.1,0.1,0.0,16,225.94240946091506,218.07405975403967,-7.868349706875396,-36.79574444234459,21.313436649345608,4.518848189218302,False,2.5e-05,0.07070582778813803,0.007389518819616597,-0.06331630896852142,-0.05744507725613012,nan,0.007070582778813803,True,strict_relative_improvement,True,7.12451802816845,0.07070582778813803,0.04663415779127787,-0.024071669996860147,-0.016649162184012196,nan,0.007070582778813803,True,strict_relative_improvement,True,1.354708615236005,0.05665155231980584,0.02473131906474735,0.025639864059307356,True,0.22048059152382832,0.14057436368693263,True,0.0,0.0,True,1.893691527479994e-08,True,-7.142726398761749,False
Walker2d-v5,ood_chirp,router_a010_s010_reward,disabled,0.0,0.0,causal_ema_high_pass,0.1,0.1,0.0,16,211.22025462836325,209.19580437322696,-2.0244502551363084,-29.508432054776048,25.4109025474843,4.224405092567265,False,2.5e-05,0.07211108889199555,0.007404477015091091,-0.06470661187690446,-0.05871509618135909,nan,0.007211108889199555,True,strict_relative_improvement,True,7.1423116865285,0.07211108889199555,0.0472516158408038,-0.024859473051191763,-0.01757618437113481,nan,0.007211108889199555,True,strict_relative_improvement,True,1.437376087533438,0.057402005287655475,0.024193125512213042,0.02512144445115516,True,0.2221774007122645,0.14154236829570718,True,0.0,0.0,True,1.9526367161156032e-08,True,-5.985227838754242,False
HalfCheetah-v5,standard,router_a010_s015_reward,disabled,0.0,0.0,causal_ema_high_pass,0.1,0.15,0.0,16,444.050911094619,473.27590149217485,29.224990397555878,-76.56379287415183,136.85110125541144,8.88101822189238,False,2.5e-05,0.0033967549568274576,0.0006519487521985307,-0.0027448062046289265,-0.0016934418971918835,nan,0.0003396754956827458,True,strict_relative_improvement,True,3.9854697165836916,0.0033967549568274576,0.005011726538476815,0.0016149715816493578,0.004718128124920095,nan,0.0003396754956827458,True,strict_relative_improvement,False,-14.890104481739801,0.006768979965674084,0.06346341386051171,0.07018801709817472,True,0.33481250498791804,0.22245984170437527,True,0.0,0.0,True,9.784796905462292e-09,True,-14.890104481739801,False
HalfCheetah-v5,low_frequency,router_a010_s015_reward,disabled,0.0,0.0,causal_ema_high_pass,0.1,0.15,0.0,16,352.19617182480084,400.5319927979496,48.335820973148785,-29.732504712987584,127.46871111684891,7.043923436496017,False,2.5e-05,0.004516351577449847,0.0006936126532490547,-0.0038227389242007923,-0.002282088678249203,nan,0.0004516351577449847,True,strict_relative_improvement,True,4.052947360528079,0.004516351577449847,0.0046874806673588435,0.0001711290899089965,0.0029582063822666963,nan,0.0004516351577449847,True,strict_relative_improvement,False,-7.549991362579094,0.00631487015058412,0.06246645359363178,0.06912150697467288,True,0.33344441391015023,0.22164292324495558,True,0.0,0.0,True,9.885687370903622e-09,True,-7.549991362579094,False
HalfCheetah-v5,high_frequency,router_a010_s015_reward,disabled,0.0,0.0,causal_ema_high_pass,0.1,0.15,0.0,16,448.7323826309547,382.18790437110556,-66.54447825984914,-139.99381748131282,4.4368972315462925,8.974647652619094,False,2.5e-05,0.00416928934992062,0.0006930473790358604,-0.0034762419708847594,-0.0022868676001463633,nan,0.000416928934992062,True,strict_relative_improvement,True,4.485029721407806,0.00416928934992062,0.004056957638044711,-0.00011233171187590893,0.001972691701669882,nan,0.000416928934992062,True,strict_relative_improvement,False,-5.731481881216617,0.00543844523883903,0.06478981240571202,0.07075331765051678,True,0.33669734030766085,0.22584307089688557,True,0.0,0.0,True,9.38125259077923e-09,True,-14.598809323779754,False
HalfCheetah-v5,mixed,router_a010_s015_reward,disabled,0.0,0.0,causal_ema_high_pass,0.1,0.15,0.0,16,365.9829770819041,306.9150653492837,-59.06791173262048,-114.209149795659,-1.7838478305677568,7.319659541638082,False,2.5e-05,0.004806508929987631,0.0007205129968125425,-0.0040859959331750895,-0.0026580539717980444,nan,0.00048065089299876315,True,strict_relative_improvement,True,4.530113457637713,0.004806508929987631,0.004248223490762888,-0.0005582854392247432,0.0017250754876376654,nan,0.00048065089299876315,True,strict_relative_improvement,False,-4.589040429894935,0.005701684348956171,0.0651355732184698,0.07089098182654675,True,0.33215789216123487,0.2206857126531445,True,0.0,0.0,True,9.790538832151569e-09,True,-14.603068577981963,False
HalfCheetah-v5,ood_chirp,router_a010_s015_reward,disabled,0.0,0.0,causal_ema_high_pass,0.1,0.15,0.0,16,401.5782352544745,374.6811546845385,-26.897080569936,-97.45802446936192,47.029592055789784,8.03156470508949,False,2.5e-05,0.004566701522065933,0.0007438178197895066,-0.0038228837022764263,-0.0021885504153296115,nan,0.00045667015220659336,True,strict_relative_improvement,True,3.792409586557633,0.004566701522065933,0.004652076467786852,8.537494572091839e-05,0.003126119062929674,nan,0.00045667015220659336,True,strict_relative_improvement,False,-7.8454639477192,0.00625792216163128,0.06354889558984468,0.07014264881964347,True,0.3314528311995485,0.21987538823234307,True,0.0,0.0,True,9.47690226055487e-09,True,-11.1343758094365,False
Hopper-v5,standard,router_a010_s015_reward,disabled,0.0,0.0,causal_ema_high_pass,0.1,0.15,0.0,16,197.40764823994976,213.5721855784032,16.164537338453428,-12.156735080129293,46.319491316944315,3.9481529647989952,False,2.5e-05,0.06707362823251521,0.027532522792897696,-0.039541105439617516,-0.029258370683245945,nan,0.006707362823251521,True,strict_relative_improvement,True,3.3621273299574383,0.06707362823251521,0.05213082938775819,-0.014942798844757021,-0.0026083830547042187,nan,0.006707362823251521,True,strict_relative_improvement,False,-0.6111164516608399,0.0655879967872435,0.09904302801745384,0.10751297759450773,False,0.25576669359784193,0.16618882259083145,True,0.0,0.0,True,1.757138490202832e-08,True,-2.0790942469849836,False
Hopper-v5,low_frequency,router_a010_s015_reward,disabled,0.0,0.0,causal_ema_high_pass,0.1,0.15,0.0,16,196.7542388808438,209.1900064530262,12.43576757218242,-12.94389201495639,39.48123011646392,3.935084777616876,False,2.5e-05,0.06969358079140504,0.02879371496679553,-0.04089986582460951,-0.03066212457551834,nan,0.006969358079140505,True,strict_relative_improvement,True,3.399562230457205,0.06969358079140504,0.05506562323080301,-0.014627957560602034,-0.0023768401445384813,nan,0.006969358079140505,True,strict_relative_improvement,False,-0.6589585270912633,0.06939854884794396,0.09981425073967562,0.10695242439917313,False,0.26300354173139884,0.17163565861472357,True,0.0,0.0,True,1.743301314508812e-08,True,-2.2893553116269407,False
Hopper-v5,high_frequency,router_a010_s015_reward,disabled,0.0,0.0,causal_ema_high_pass,0.1,0.15,0.0,16,198.0937660246662,212.58819741624936,14.494431391583174,-12.985568367868755,43.435037036667424,3.961875320493324,False,2.5e-05,0.06716781463804333,0.027609855088733495,-0.039557959549309844,-0.02932052410892876,nan,0.006716781463804333,True,strict_relative_improvement,True,3.3652639686034744,0.06716781463804333,0.05219609227037692,-0.014971722367666418,-0.002604230543724319,nan,0.006716781463804333,True,strict_relative_improvement,False,-0.6122799948519834,0.06566293784243463,0.10022406867353151,0.10859037005429747,False,0.25932081934556706,0.16868729832497137,True,0.0,0.0,True,1.8233712121161886e-08,True,-2.2776317570366706,False
Hopper-v5,mixed,router_a010_s015_reward,disabled,0.0,0.0,causal_ema_high_pass,0.1,0.15,0.0,16,196.0903811061316,208.69782982040076,12.607448714269141,-11.833558712724951,38.824926007499236,3.921807622122632,False,2.5e-05,0.06969185978768258,0.028878321958953217,-0.040813537828729374,-0.03062073082457516,nan,0.006969185978768258,True,strict_relative_improvement,True,3.393731336466228,0.06969185978768258,0.05523774097638606,-0.014454118811296527,-0.0023391973637981044,nan,0.006969185978768258,True,strict_relative_improvement,False,-0.6643514219702978,0.06961971606041881,0.09948948216650998,0.10659159087674237,False,0.2662832426649007,0.17395904293833894,True,0.0,0.0,True,1.6515759506744733e-08,True,-2.0173735820116994,False
Hopper-v5,ood_chirp,router_a010_s015_reward,disabled,0.0,0.0,causal_ema_high_pass,0.1,0.15,0.0,16,196.51693166707946,211.0233941655843,14.506462498504822,-12.308709013702892,43.13350330361441,3.9303386333415893,False,2.5e-05,0.06858299886666383,0.028028685604121598,-0.04055431326254224,-0.03051852936422675,nan,0.0068582998866663835,True,strict_relative_improvement,True,3.4498680239339756,0.06858299886666383,0.053722125783219055,-0.014860873083444777,-0.0025791720726841593,nan,0.0068582998866663835,True,strict_relative_improvement,False,-0.6239341942893929,0.06764309703748203,0.09977357323449774,0.10735621049918789,False,0.2601271494670202,0.16940892639643762,True,0.0,0.0,True,1.8863369333458352e-08,True,-2.1317171780788717,False
Walker2d-v5,standard,router_a010_s015_reward,disabled,0.0,0.0,causal_ema_high_pass,0.1,0.15,0.0,16,219.00473110490128,221.01606074650607,2.011329641604794,-23.458609575386166,26.828525439043883,4.380094622098026,False,2.5e-05,0.07221405689977402,0.00587787709787114,-0.06633617980190289,-0.06004891217595795,nan,0.007221405689977402,True,strict_relative_improvement,True,7.315404888455431,0.07221405689977402,0.03901798398240477,-0.03319607291736926,-0.02448642897607748,nan,0.007221405689977402,True,strict_relative_improvement,True,2.390811986932437,0.05268050077896745,0.022921522111009517,0.024613865758262504,True,0.20330865747995333,0.12079667151109473,True,0.0,0.0,True,1.9494749458337776e-08,True,-4.35573123398638,False
Walker2d-v5,low_frequency,router_a010_s015_reward,disabled,0.0,0.0,causal_ema_high_pass,0.1,0.15,0.0,16,222.0128978575521,218.66548606050395,-3.3474117970481316,-19.25692346190721,13.779743015397168,4.440257957151042,False,2.5e-05,0.07077932596053835,0.006154085218467116,-0.06462524074207124,-0.05836799093896816,nan,0.007077932596053835,True,strict_relative_improvement,True,7.246474538555243,0.07077932596053835,0.0383334167132004,-0.03244590924733796,-0.02369675498621615,nan,0.007077932596053835,True,strict_relative_improvement,True,2.3479769218808078,0.051674099061944506,0.024313388267799847,0.02630521468425394,True,0.20166990286610068,0.11920718921546594,True,0.0,0.0,True,2.054378163612259e-08,True,-3.3368929570620796,False
Walker2d-v5,high_frequency,router_a010_s015_reward,disabled,0.0,0.0,causal_ema_high_pass,0.1,0.15,0.0,16,224.71729805107032,224.32760029381376,-0.38969775725652234,-22.8232862154643,22.11584951033834,4.4943459610214065,False,2.5e-05,0.07164403253048851,0.005913155575026507,-0.06573087695546201,-0.0595271712254199,nan,0.007164403253048852,True,strict_relative_improvement,True,7.308741024604915,0.07164403253048851,0.03880072274576245,-0.032843309784726056,-0.024256302064769333,nan,0.007164403253048852,True,strict_relative_improvement,True,2.385669567726653,0.052374954678458055,0.02303155496203714,0.02458953356820146,True,0.20274087287846085,0.1199956729624292,True,0.0,0.0,True,2.0049796402189235e-08,True,-4.078221928931651,False
Walker2d-v5,mixed,router_a010_s015_reward,disabled,0.0,0.0,causal_ema_high_pass,0.1,0.15,0.0,16,225.94240946091506,220.93797303997889,-5.004436420936155,-23.00482988248901,13.208592363689426,4.518848189218302,False,2.5e-05,0.07070582778813803,0.006113803949652609,-0.0645920238384854,-0.05852226365733648,nan,0.007070582778813803,True,strict_relative_improvement,True,7.276865640084405,0.07070582778813803,0.03828454536851137,-0.03242128241962665,-0.02388443818848568,nan,0.007070582778813803,True,strict_relative_improvement,True,2.3780013523146466,0.05161467786386981,0.02417610408833634,0.026223323353142397,True,0.20163474560791872,0.11961805429298222,True,0.0,0.0,True,2.0309288167977922e-08,True,-4.090861414060588,False
Walker2d-v5,ood_chirp,router_a010_s015_reward,disabled,0.0,0.0,causal_ema_high_pass,0.1,0.15,0.0,16,211.22025462836325,219.04225521827,7.822000589906729,-12.223779109890367,28.445829706996633,4.224405092567265,False,2.5e-05,0.07211108889199555,0.006076688990156049,-0.06603439990183951,-0.059874427142347926,nan,0.007211108889199555,True,strict_relative_improvement,True,7.303081823105584,0.07211108889199555,0.03854525185017057,-0.03356583704182499,-0.025078195770893402,nan,0.007211108889199555,True,strict_relative_improvement,True,2.477716971997787,0.051982570176128576,0.02311635514679732,0.024688147448280445,True,0.20224620192859194,0.11950404917862519,True,0.0,0.0,True,1.9566824108599228e-08,True,-1.8936095952061514,False
