check,claim,status,metric,treatment,control,direction,n_common,delta_mean,delta_ci95_low,delta_ci95_high,improvement_mean,improvement_ci95_low,improvement_ci95_high,noninferiority_margin,win_rate,sign_p_value
transit_full_reward_vs_base,integrated Transit Freq-HRL improves task reward,supported,reward_mean,full_freqhrl,base_ema_direct,increase,3,0.0564648403113918,0.04848341915777432,0.06080840183590652,0.0564648403113918,0.04848341915777432,0.06080840183590652,,1.0,0.25
transit_full_wait_vs_base,integrated Transit Freq-HRL lowers passenger wait proxy,supported,wait_proxy,full_freqhrl,base_ema_direct,decrease,3,-0.07576636031861295,-0.08145783113171134,-0.0651045149148004,0.07576636031861295,0.0651045149148004,0.08145783113171134,,1.0,0.25
transit_full_lower_lf_vs_base,integrated Transit Freq-HRL reduces lower low-frequency drift,supported,RawLowerLFDriftAbs,full_freqhrl,base_ema_direct,decrease,3,-0.019869233696650623,-0.019929650820731407,-0.019750900455039796,0.019869233696650623,0.019750900455039796,0.019929650820731407,,1.0,0.25
transit_wait_credit_vs_no_wait,frequency-attributed wait credit improves wait proxy,supported,wait_proxy,full_freqhrl,full_no_wait,decrease,3,-0.1250987727771958,-0.14678289126867217,-0.10198934755207123,0.1250987727771958,0.10198934755207123,0.14678289126867217,,1.0,0.25
transit_learned_promotion_reward_vs_interval,learned promotion gate improves Transit reward after persistent shocks,supported,reward_mean,learned_gate,interval_only,increase,10,0.004653848073200795,0.0016189522844217929,0.007562367055446361,0.004653848073200795,0.0018948725265907362,0.007480071818040604,,0.7,0.34375
transit_learned_promotion_wait_vs_interval,learned promotion gate lowers Transit wait after persistent shocks,supported,wait_proxy,learned_gate,interval_only,decrease,10,-0.00786163493657197,-0.009634420896740811,-0.006195855116323389,0.00786163493657197,0.006355749720244377,0.009645134594436456,,1.0,0.001953125
transit_learned_promotion_replans_vs_interval,learned promotion gate increases shock-triggered replans,supported,promotion_replan_count,learned_gate,interval_only,increase,10,20.1,14.9,25.5,20.1,15.2,25.5,,1.0,0.001953125
transit_learned_promotion_raw_lf_vs_interval,learned promotion gate does not increase lower LF drift,supported,RawLowerLFDriftAbs,learned_gate,interval_only,decrease,10,-0.00027577265937969286,-0.00029593533384446796,-0.0002540575532143807,0.00027577265937969286,0.00025448565436201183,0.000296624643108806,,1.0,0.001953125
transit_native_promotion_reward_vs_interval,native promotion replanning improves Transit episode reward,not_supported,ep_reward,native_promotion_replan,interval_only,increase,76,-2.3508421052633164,-38.77076578947401,28.56892598684182,-2.3508421052633164,-36.22011940789486,28.661710197368155,,0.4605263157894737,0.5665734423986847
transit_native_promotion_wait_vs_interval,native promotion replanning lowers Transit wait,not_supported,avg_wait_min,native_promotion_replan,interval_only,decrease,76,0.022263157894736863,-0.08046644736842107,0.15530756578947358,-0.022263157894736863,-0.15270460526315796,0.08451447368421046,,0.35526315789473684,1.0
transit_native_promotion_replans_vs_interval,native promotion replanning increases upper timetable replans,supported,upper_plan_decisions,native_promotion_replan,interval_only,increase,76,57.026315789473685,50.223026315789475,64.21118421052631,57.026315789473685,49.93355263157895,64.38157894736842,,1.0,2.6469779601696886e-23
transit_native_learned_gate_reward_vs_interval,native learned promotion gate improves Transit episode reward,positive_mixed,ep_reward,native_learned_gate,interval_only,increase,76,5.202276315789408,-5.438260526315868,16.26581776315782,5.202276315789408,-5.950370394736978,16.61221282894726,,0.5,0.39612484029702977
transit_native_learned_gate_wait_vs_interval,native learned promotion gate lowers Transit wait,not_supported,avg_wait_min,native_learned_gate,interval_only,decrease,76,0.01692105263157888,-0.0028562500000000575,0.04719999999999998,-0.01692105263157888,-0.0475950657894738,0.00299046052631576,,0.3026315789473684,0.8854334972865132
transit_native_learned_gate_score_vs_interval,native learned promotion gate improves Transit wait/headway control score,not_supported,score,native_learned_gate,interval_only,increase,76,-0.014300000000000002,-0.0485242763157894,0.014554078947368211,-0.014300000000000002,-0.04889348684210517,0.01495026315789472,,0.35526315789473684,1.0
transit_native_learned_gate_replans_vs_interval,native learned promotion gate increases upper timetable replans,not_supported,upper_plan_decisions,native_learned_gate,interval_only,increase,76,0.0,0.0,0.0,0.0,0.0,0.0,,0.0,1.0
transit_native_learned_gate_gate_replans_vs_interval,native learned promotion gate fires gate-triggered replans,supported,shared_ppo_gate_replans,native_learned_gate,interval_only,increase,76,1.736842105263158,1.5921052631578947,1.868421052631579,1.736842105263158,1.5921052631578947,1.868421052631579,,0.8947368421052632,6.776263578034403e-21
transit_native_learned_gate_reward_noninferiority,native learned promotion gate keeps Transit reward noninferior,supported,ep_reward,native_learned_gate,interval_only,increase,76,5.202276315789408,-5.438260526315868,16.26581776315782,5.202276315789408,-5.950370394736978,16.61221282894726,15.0,0.5,0.39612484029702977
transit_native_learned_gate_wait_noninferiority,native learned promotion gate keeps Transit wait noninferior,inconclusive,avg_wait_min,native_learned_gate,interval_only,decrease,76,0.01692105263157888,-0.0028562500000000575,0.04719999999999998,-0.01692105263157888,-0.0475950657894738,0.00299046052631576,0.01,0.3026315789473684,0.8854334972865132
transit_native_wait_credit_final_wait_vs_no_wait,native frequency-attributed wait credit lowers final Transit wait,supported,final_avg_wait_min,native_wait_credit,no_wait_credit,decrease,5,-8.590799999999998,-20.4276,-0.9074000000000002,8.590799999999998,0.9234000000000002,20.4276,,0.8,0.375
transit_native_wait_credit_mean_wait_vs_no_wait,native frequency-attributed wait credit lowers mean Transit wait,supported,avg_wait_min_mean,native_wait_credit,no_wait_credit,decrease,5,-6.164866666666668,-16.19546666666667,-0.46313333333333323,6.164866666666668,0.46313333333333323,16.19546666666667,,0.8,0.375
transit_native_wait_credit_reward_vs_no_wait,native frequency-attributed wait credit improves episode reward,positive_mixed,final_ep_reward,native_wait_credit,no_wait_credit,increase,5,2037.3278000000005,-66.85979999999981,6165.121000000001,2037.3278000000005,-79.41719999999978,6165.777,,0.6,1.0
transit_native_wait_credit_score_vs_no_wait,native frequency-attributed wait credit improves wait/headway score,supported,final_score,native_wait_credit,no_wait_credit,increase,5,8.672360000000001,1.0541600000000002,20.480719999999998,8.672360000000001,1.0547600000000001,20.480719999999998,,0.8,0.375
transit_native_wait_credit_active_vs_no_wait,native frequency-attributed wait credit is active in PPO rewards,supported,freq_wait_upper_credit_std,native_wait_credit,no_wait_credit,increase,5,0.45,0.45,0.45,0.45,0.45,0.45,,1.0,0.0625
transit_real_demand_control_objective_vs_base,Freq-HRL improves the composite control objective under real AFC/APC demand traces,supported,control_objective,full_real_freqhrl,base_real_ema,increase,6,1.8114274241451875,1.28256587126095,2.4538887158636626,1.8114274241451875,1.28256587126095,2.455658168688026,,1.0,0.03125
transit_real_demand_control_reward_vs_base,Freq-HRL improves reward under real AFC/APC demand traces,supported,reward_mean,full_real_freqhrl,base_real_ema,increase,6,1.6834868920214543,1.1721058685448769,2.3034313883274398,1.6834868920214543,1.1721058685448769,2.305312231872156,,1.0,0.03125
transit_real_demand_control_wait_vs_base,Freq-HRL lowers wait proxy under real AFC/APC demand traces,supported,wait_proxy,full_real_freqhrl,base_real_ema,decrease,6,-1.674093575629235,-2.281750974403621,-1.1727880039632244,1.674093575629235,1.1727880039632244,2.2830341124267717,,1.0,0.03125
transit_real_demand_control_lower_lf_vs_base,Freq-HRL lowers lower-LF drift under real AFC/APC demand traces,supported,LowerLFDrift,full_real_freqhrl,base_real_ema,decrease,6,-0.30257772016495865,-0.3978236653688718,-0.19692228663199698,0.30257772016495865,0.19692228663199704,0.3995897428706634,,1.0,0.03125
transit_real_demand_control_raw_lower_lf_vs_base,Freq-HRL lowers raw lower-LF drift under real AFC/APC demand traces,supported,RawLowerLFDriftAbs,full_real_freqhrl,base_real_ema,decrease,6,-0.018490157797068665,-0.01908985879641734,-0.01788757381986503,0.018490157797068665,0.01786805835206781,0.019090903227680728,,1.0,0.03125
transit_native_real_demand_control_score_vs_interval,Native Freq-HRL improves control score under real AFC/APC demand profiles,supported,control_score,native_real_freqhrl,native_real_interval,increase,6,99.67253356386679,62.30438793805423,137.02988725357832,99.67253356386679,61.692953753100056,139.5113618436438,,1.0,0.03125
transit_native_real_demand_reward_vs_interval,Native Freq-HRL improves reward under real AFC/APC demand profiles,supported,ep_reward,native_real_freqhrl,native_real_interval,increase,6,98.76583333333367,59.99974166666679,137.15153333333404,98.76583333333367,59.40466666666665,140.21650000000076,,1.0,0.03125
transit_native_real_demand_wait_vs_interval,Native Freq-HRL lowers wait under real AFC/APC demand profiles,positive_mixed,avg_wait_min,native_real_freqhrl,native_real_interval,decrease,6,-0.0829999999999993,-0.22483333333333042,0.05666666666666635,0.0829999999999993,-0.05842916666666717,0.22487499999999688,,0.6666666666666666,0.6875
transit_native_real_demand_board_wait_vs_interval,Native Freq-HRL lowers actual boarded passenger wait under real AFC/APC demand profiles,positive_mixed,native_avg_board_wait_min,native_real_freqhrl,native_real_interval,decrease,6,-0.08326712773411948,-0.2250987895954791,0.05639255668876212,0.08326712773411948,-0.05816675255229837,0.22514081451292828,,0.6666666666666666,0.6875
transit_native_real_demand_alighted_vs_interval,Native Freq-HRL preserves or improves completed passenger alightings under real AFC/APC demand profiles,not_supported,native_alighted_pax,native_real_freqhrl,native_real_interval,increase,6,-4.833333333333333,-9.833333333333334,-0.8333333333333334,-4.833333333333333,-9.666666666666666,-0.8333333333333334,,0.16666666666666666,0.375
transit_native_real_demand_wait_noninferiority,Native Freq-HRL keeps boarded passenger wait noninferior under real AFC/APC demand profiles,supported,native_avg_board_wait_min,native_real_freqhrl,native_real_interval,decrease,6,-0.08326712773411948,-0.2250987895954791,0.05639255668876212,0.08326712773411948,-0.05816675255229837,0.22514081451292828,0.1,0.6666666666666666,0.6875
transit_native_real_demand_alighted_noninferiority,Native Freq-HRL keeps completed passenger alightings noninferior under real AFC/APC demand profiles,supported,native_alighted_pax,native_real_freqhrl,native_real_interval,increase,6,-4.833333333333333,-9.833333333333334,-0.8333333333333334,-4.833333333333333,-9.666666666666666,-0.8333333333333334,19.706833333333332,0.16666666666666666,0.375
demand_nb_vs_fourier_mse,dynamic harmonic count estimator is competitive with Fourier,not_supported,mse,dynamic_harmonic_nb,fourier,decrease,89,4202.465942081741,1172.4725638818998,8434.56132908367,-4202.465942081741,-8330.249779927652,-1351.4142154727226,,0.5730337078651685,0.20311681873649556
demand_nb_vs_fourier_mae,dynamic harmonic count estimator is competitive with Fourier,positive_mixed,mae,dynamic_harmonic_nb,fourier,decrease,89,-0.06931300573150355,-0.9109736441201556,0.7818117479501405,0.06931300573150355,-0.7756743220889424,0.8974005541544734,,0.6067415730337079,0.05577832765373429
demand_nb_vs_fourier_poisson_nll_no_const,dynamic harmonic count estimator is competitive with Fourier,not_supported,poisson_nll_no_const,dynamic_harmonic_nb,fourier,decrease,89,70.64362369108265,45.43026685608164,98.75330292504552,-70.64362369108265,-101.25306873334641,-45.75687168580995,,0.2696629213483146,1.611384920056498e-05
demand_afc_nb_vs_fourier_mse,dynamic harmonic count estimator on real AFC station-hour ridership,not_supported,mse,dynamic_harmonic_nb,fourier,decrease,24,16121.734715965664,6009.5750796315515,31280.093908684594,-16121.734715965664,-30826.26519082925,-5997.633837898743,,0.08333333333333333,3.5881996154785156e-05
demand_afc_nb_vs_fourier_mae,dynamic harmonic count estimator on real AFC station-hour ridership,not_supported,mae,dynamic_harmonic_nb,fourier,decrease,24,3.88590028156284,2.708004870838958,5.378863563080352,-3.88590028156284,-5.410756583999486,-2.6817539341653043,,0.0,1.1920928955078125e-07
demand_afc_nb_vs_fourier_poisson_nll_no_const,dynamic harmonic count estimator on real AFC station-hour ridership,not_supported,poisson_nll_no_const,dynamic_harmonic_nb,fourier,decrease,24,168.75362266682833,97.1531132120462,257.568021175977,-168.75362266682833,-259.6783231756346,-95.9214907333252,,0.125,0.0002771615982055664
demand_afc_profile_vs_fourier_mse,AFC-calibrated causal station-hour profile on real AFC ridership,supported,mse,afc_daily_profile,fourier,decrease,24,-7186235.182789865,-10935870.193830037,-4496470.474680746,7186235.182789865,4408500.6104646,10879621.410372201,,1.0,1.1920928955078125e-07
demand_afc_profile_vs_fourier_mae,AFC-calibrated causal station-hour profile on real AFC ridership,supported,mae,afc_daily_profile,fourier,decrease,24,-1487.0750954324758,-1840.2423363898527,-1211.6739699228253,1487.0750954324758,1219.0216634888027,1840.6963086052262,,1.0,1.1920928955078125e-07
demand_afc_profile_vs_fourier_poisson_nll_no_const,AFC-calibrated causal station-hour profile on real AFC ridership,supported,poisson_nll_no_const,afc_daily_profile,fourier,decrease,24,-6612.499261306569,-8039.111365479392,-5475.071577343052,6612.499261306569,5463.980465147414,8055.390939626745,,1.0,1.1920928955078125e-07
demand_apc_nb_vs_fourier_mse,dynamic harmonic count estimator on real APC route-halfhour boardings,supported,mse,dynamic_harmonic_nb,fourier,decrease,24,-377.70094853091314,-767.6740288201171,-71.23343768243005,377.70094853091314,58.759900735033,765.287046180404,,0.7083333333333334,0.06391465663909912
demand_apc_nb_vs_fourier_mae,dynamic harmonic count estimator on real APC route-halfhour boardings,positive_mixed,mae,dynamic_harmonic_nb,fourier,decrease,24,-0.9748569657398436,-2.4697389194557746,0.6107337393255627,0.9748569657398436,-0.6081685663391212,2.532063268790609,,0.75,0.022655844688415527
demand_apc_nb_vs_fourier_poisson_nll_no_const,dynamic harmonic count estimator on real APC route-halfhour boardings,not_supported,poisson_nll_no_const,dynamic_harmonic_nb,fourier,decrease,24,51.491210955745025,18.71508904776746,94.39150217454969,-51.491210955745025,-92.36892314028395,-19.684331055520623,,0.125,0.0002771615982055664
demand_apc_profile_vs_fourier_mse,APC-calibrated causal route-halfhour profile on real APC boardings,supported,mse,apc_route_profile,fourier,decrease,24,-5034.999341152179,-8843.959760054579,-2369.06352169709,5034.999341152179,2276.2438938598248,8649.450303141979,,0.9583333333333334,2.9802322387695312e-06
demand_apc_profile_vs_fourier_mae,APC-calibrated causal route-halfhour profile on real APC boardings,supported,mae,apc_route_profile,fourier,decrease,24,-30.313588193259438,-41.54144858011833,-20.96932966294692,30.313588193259438,20.79173518121257,41.44968921402525,,1.0,1.1920928955078125e-07
demand_apc_profile_vs_fourier_poisson_nll_no_const,APC-calibrated causal route-halfhour profile on real APC boardings,supported,poisson_nll_no_const,apc_route_profile,fourier,decrease,24,-136.5008225225836,-180.46188080552355,-100.64437364148544,136.5008225225836,99.79178418216038,179.6741090151191,,1.0,1.1920928955078125e-07
trading_constraint_lower_lf,primal-dual constraint lowers trading lower-LF drift,supported,LowerLFDrift,trading_constrained,trading_plan,decrease,5,-1.0781856879544436,-1.2589940220658022,-0.8371210591584954,1.0781856879544436,0.8371210591584954,1.2589940220658022,,1.0,0.0625
trading_constraint_return_tradeoff,trading leakage constraint has no return tradeoff,supported,total_return,trading_constrained,trading_plan,increase,5,-0.00027452167478689835,-0.0011136398649986001,0.0005908910430237668,-0.00027452167478689835,-0.0011072366285058254,0.000590999735674898,,0.4,1.0
trading_constraint_raw_lower_lf,primal-dual constraint lowers raw trading lower-LF drift,supported,RawLowerLFDriftAbs,trading_constrained,trading_plan,decrease,5,-3.217010853443971e-05,-4.035299953310249e-05,-2.3019279835034452e-05,3.217010853443971e-05,2.2816045690793945e-05,4.067072309433585e-05,,1.0,0.0625
transit_constraint_lower_lf,primal-dual constraint lowers Transit lower-LF drift,supported,LowerLFDrift,transit_constrained,transit_plan,decrease,5,-0.3089563241370127,-0.33821777083336013,-0.2833995091642844,0.3089563241370127,0.2833995091642844,0.33812474026948364,,1.0,0.0625
transit_constraint_reward_tradeoff,Transit leakage constraint has no reward tradeoff,supported,reward_mean,transit_constrained,transit_plan,increase,5,0.03155868269103461,0.030815755572117888,0.032217688477581594,0.03155868269103461,0.030815755572117888,0.0322341909921656,,1.0,0.0625
transit_constraint_raw_lower_lf,primal-dual constraint lowers raw Transit lower-LF drift,supported,RawLowerLFDriftAbs,transit_constrained,transit_plan,decrease,5,-0.019235836846717553,-0.019288789602960838,-0.019188828935758327,0.019235836846717553,0.019188828935758327,0.019288789602960838,,1.0,0.0625
order_book_depth_adaptive_wavelet_vs_ema_sharpe,order-book stress encoder paired check,positive_mixed,sharpe,adaptive_wavelet,ema,increase,25,0.28065559236702625,-0.3942395298372984,0.9004117959183352,0.28065559236702625,-0.3885824903078145,0.9056350670634463,,0.68,0.10775214433670044
order_book_depth_adaptive_wavelet_vs_ema_total_return,order-book stress encoder paired check,not_supported,total_return,adaptive_wavelet,ema,increase,25,-7.44580738905043e-07,-1.5535900484043851e-06,-4.397484172158361e-08,-7.44580738905043e-07,-1.5789857411933061e-06,-5.7314236163508866e-08,,0.4,0.42435622215270996
order_book_depth_adaptive_wavelet_vs_ema_max_drawdown,order-book stress encoder paired check,supported,max_drawdown,adaptive_wavelet,ema,decrease,25,-4.277279525264355e-06,-7.241862510522168e-06,-1.9901332532069607e-06,4.277279525264355e-06,2.0269340724909936e-06,7.046933468918935e-06,,0.68,0.10775214433670044
order_book_depth_adaptive_wavelet_vs_ema_turnover,order-book stress encoder paired check,not_supported,turnover,adaptive_wavelet,ema,decrease,25,0.0010838248478154478,0.0006373151796118565,0.0015873172508191866,-0.0010838248478154478,-0.0015902012317298192,-0.0006299298239302116,,0.0,5.960464477539063e-08
order_book_depth_neural_state_space_vs_ema_sharpe,order-book stress encoder paired check,not_supported,sharpe,neural_state_space,ema,increase,25,-1.1349102066066425,-2.4474914452192738,0.02539214762732812,-1.1349102066066425,-2.4001700927544465,-0.03637164580064378,,0.48,1.0
order_book_depth_neural_state_space_vs_ema_total_return,order-book stress encoder paired check,not_supported,total_return,neural_state_space,ema,increase,25,-5.583518520042574e-06,-6.814422120841157e-06,-4.364354495823954e-06,-5.583518520042574e-06,-6.795479151679662e-06,-4.33149817801759e-06,,0.04,1.5497207641601562e-06
order_book_depth_neural_state_space_vs_ema_max_drawdown,order-book stress encoder paired check,supported,max_drawdown,neural_state_space,ema,decrease,25,-8.470580298887143e-06,-1.3459352121003131e-05,-4.374168224703275e-06,8.470580298887143e-06,4.317284647503028e-06,1.3295705428913336e-05,,0.84,0.0009105205535888672
order_book_depth_neural_state_space_vs_ema_turnover,order-book stress encoder paired check,not_supported,turnover,neural_state_space,ema,decrease,25,0.0054965999894867335,0.004965937005920457,0.0061037932395830155,-0.0054965999894867335,-0.006114976626746197,-0.004950197415951948,,0.0,5.960464477539063e-08
order_book_depth_state_space_vs_ema_sharpe,order-book stress encoder paired check,not_supported,sharpe,state_space,ema,increase,25,-71.33842528846323,-128.2308406124595,-16.80176481484385,-71.33842528846323,-131.22938012267238,-14.546632867655937,,0.4,0.42435622215270996
order_book_depth_state_space_vs_ema_total_return,order-book stress encoder paired check,not_supported,total_return,state_space,ema,increase,25,-0.0002886989675939633,-0.00044990370350151543,-0.0001281495551923203,-0.0002886989675939633,-0.00044920658139190853,-0.00012001188217582146,,0.28,0.043285250663757324
order_book_depth_state_space_vs_ema_max_drawdown,order-book stress encoder paired check,not_supported,max_drawdown,state_space,ema,decrease,25,0.0002608887052152431,0.00010024657792325653,0.0004397101286272089,-0.0002608887052152431,-0.00043556282910428356,-9.697207061517627e-05,,0.28,0.043285250663757324
order_book_depth_state_space_vs_ema_turnover,order-book stress encoder paired check,not_supported,turnover,state_space,ema,decrease,25,3.4667756857188037,3.4136304073073607,3.52386308073052,-3.4667756857188037,-3.5276054521303757,-3.4096783830130195,,0.0,5.960464477539063e-08
order_book_matching_adaptive_wavelet_vs_ema_sharpe,L2 order-book matching encoder paired check,positive_mixed,sharpe,adaptive_wavelet,ema,increase,30,1.4779361517297507,-1.3086756574791518,3.8864844322813097,1.4779361517297507,-1.382223241728669,4.120249189483057,,0.5,0.30745625495910645
order_book_matching_adaptive_wavelet_vs_ema_total_return,L2 order-book matching encoder paired check,supported,total_return,adaptive_wavelet,ema,increase,30,1.9689467631385977e-05,1.4232444003354588e-06,3.712119691960806e-05,1.9689467631385977e-05,2.219395091860218e-06,3.8514910516218856e-05,,0.5666666666666667,0.06391465663909912
order_book_matching_adaptive_wavelet_vs_ema_max_drawdown,L2 order-book matching encoder paired check,supported,max_drawdown,adaptive_wavelet,ema,decrease,30,-2.573369432737893e-05,-4.151196204622602e-05,-7.949943249853468e-06,2.573369432737893e-05,9.158479091087394e-06,4.2249863371153956e-05,,0.6666666666666666,0.001543879508972168
order_book_matching_adaptive_wavelet_vs_ema_avg_slippage_bps,L2 order-book matching encoder paired check,inconclusive,avg_slippage_bps,adaptive_wavelet,ema,decrease,30,-7.975102060224041e-16,-4.17633520359099e-15,2.383278759528669e-15,7.975102060224041e-16,-2.383325018821362e-15,3.989401401819729e-15,,0.2,1.0
order_book_matching_adaptive_wavelet_vs_ema_partial_fill_rate,L2 order-book matching encoder paired check,not_supported,partial_fill_rate,adaptive_wavelet,ema,decrease,30,0.0,0.0,0.0,0.0,0.0,0.0,,0.0,1.0
order_book_matching_adaptive_wavelet_vs_ema_fill_rate,L2 order-book matching encoder paired check,not_supported,fill_rate,adaptive_wavelet,ema,increase,30,0.0,0.0,0.0,0.0,0.0,0.0,,0.0,1.0
order_book_matching_neural_state_space_vs_ema_sharpe,L2 order-book matching encoder paired check,supported,sharpe,neural_state_space,ema,increase,30,2.292473181667461,-0.020502212897556753,4.485247617591384,2.292473181667461,0.10465944320530396,4.658385472772606,,0.5666666666666667,0.06391465663909912
order_book_matching_neural_state_space_vs_ema_total_return,L2 order-book matching encoder paired check,supported,total_return,neural_state_space,ema,increase,30,2.971113079914082e-05,1.2653232228638326e-05,4.622267084986706e-05,2.971113079914082e-05,1.3189172148157236e-05,4.6336559300407716e-05,,0.6,0.022655844688415527
order_book_matching_neural_state_space_vs_ema_max_drawdown,L2 order-book matching encoder paired check,supported,max_drawdown,neural_state_space,ema,decrease,30,-4.202533971711849e-05,-5.775890151208644e-05,-2.6206978159026958e-05,4.202533971711849e-05,2.678643948289196e-05,5.8077864820297765e-05,,0.6666666666666666,0.001543879508972168
order_book_matching_neural_state_space_vs_ema_avg_slippage_bps,L2 order-book matching encoder paired check,not_supported,avg_slippage_bps,neural_state_space,ema,decrease,30,3.978299171573478e-16,-2.581268532253489e-15,2.9902006796570883e-15,-3.978299171573478e-16,-2.990246938949781e-15,2.385129131236378e-15,,0.13333333333333333,1.0
order_book_matching_neural_state_space_vs_ema_partial_fill_rate,L2 order-book matching encoder paired check,not_supported,partial_fill_rate,neural_state_space,ema,decrease,30,0.0,0.0,0.0,0.0,0.0,0.0,,0.0,1.0
order_book_matching_neural_state_space_vs_ema_fill_rate,L2 order-book matching encoder paired check,not_supported,fill_rate,neural_state_space,ema,increase,30,0.0,0.0,0.0,0.0,0.0,0.0,,0.0,1.0
order_book_matching_state_space_vs_ema_sharpe,L2 order-book matching encoder paired check,supported,sharpe,state_space,ema,increase,30,366.2082691979319,299.1325947627686,432.6356899415424,366.2082691979319,297.58510934842104,432.1808407193529,,0.9666666666666667,5.774199962615967e-08
order_book_matching_state_space_vs_ema_total_return,L2 order-book matching encoder paired check,supported,total_return,state_space,ema,increase,30,0.0011499998756797562,0.0008016393994268114,0.0015002462955136884,0.0011499998756797562,0.0007766627427250206,0.0015027505709397722,,0.8666666666666667,5.947612226009369e-05
order_book_matching_state_space_vs_ema_max_drawdown,L2 order-book matching encoder paired check,supported,max_drawdown,state_space,ema,decrease,30,-0.0012245231371146377,-0.0015659101181755976,-0.000886848039487425,0.0012245231371146377,0.0008769301614794876,0.0015531911512552566,,0.9333333333333333,8.67992639541626e-07
order_book_matching_state_space_vs_ema_avg_slippage_bps,L2 order-book matching encoder paired check,not_supported,avg_slippage_bps,state_space,ema,decrease,30,0.0015867517395915557,0.00017527438056867036,0.003104987637230599,-0.0015867517395915557,-0.003178173107661155,-0.00021183356156447735,,0.43333333333333335,0.3017578125
order_book_matching_state_space_vs_ema_partial_fill_rate,L2 order-book matching encoder paired check,not_supported,partial_fill_rate,state_space,ema,decrease,30,0.003081232492997201,0.00028011204481793545,0.006022408963585442,-0.003081232492997201,-0.006302521008403359,-0.00042016806722688926,,0.06666666666666667,0.109375
order_book_matching_state_space_vs_ema_fill_rate,L2 order-book matching encoder paired check,not_supported,fill_rate,state_space,ema,increase,30,-0.0030812324929972027,-0.0060224089635854405,-0.0002801120448179335,-0.0030812324929972027,-0.006302521008403365,-0.0004201680672268911,,0.06666666666666667,0.109375
order_book_l3_adaptive_wavelet_vs_ema_sharpe,L3 order-event replay encoder paired check,positive_mixed,sharpe,adaptive_wavelet,ema,increase,10,21.543768392237325,-7.282625387210329,53.62764300617215,21.543768392237325,-6.789201154527278,52.495811403601216,,0.5,1.0
order_book_l3_adaptive_wavelet_vs_ema_total_return,L3 order-event replay encoder paired check,not_supported,total_return,adaptive_wavelet,ema,increase,10,-3.2350424838956116e-08,-1.1370612986043028e-05,9.607101307451404e-06,-3.2350424838956116e-08,-1.2530885793308744e-05,9.640990520646535e-06,,0.7,0.34375
order_book_l3_adaptive_wavelet_vs_ema_max_drawdown,L3 order-event replay encoder paired check,positive_mixed,max_drawdown,adaptive_wavelet,ema,decrease,10,-2.885306841293733e-06,-9.851202437468897e-06,3.401397405723978e-06,2.885306841293733e-06,-3.460922439997016e-06,1.03480491269392e-05,,0.5,1.0
order_book_l3_adaptive_wavelet_vs_ema_fill_rate,L3 order-event replay encoder paired check,positive_mixed,fill_rate,adaptive_wavelet,ema,increase,10,0.0029288702928870316,-0.0033472803347280367,0.009623430962343105,0.0029288702928870316,-0.0033472803347280367,0.010041841004184104,,0.5,0.7265625
order_book_l3_adaptive_wavelet_vs_ema_avg_spread_capture_bps,L3 order-event replay encoder paired check,not_supported,avg_spread_capture_bps,adaptive_wavelet,ema,increase,10,-0.002790202424093524,-0.007429673947156758,0.0006520555779870181,-0.002790202424093524,-0.0074211167012422875,0.0005158206654461162,,0.5,1.0
order_book_l3_neural_state_space_vs_ema_sharpe,L3 order-event replay encoder paired check,not_supported,sharpe,neural_state_space,ema,increase,10,-15.882726997333299,-75.49246208679028,46.69493442707767,-15.882726997333299,-74.85656311418958,41.87481071284492,,0.5,1.0
order_book_l3_neural_state_space_vs_ema_total_return,L3 order-event replay encoder paired check,positive_mixed,total_return,neural_state_space,ema,increase,10,8.907345784558984e-06,-9.299138054487398e-06,2.6739623331675473e-05,8.907345784558984e-06,-9.585547083163226e-06,2.637000872636962e-05,,0.7,0.34375
order_book_l3_neural_state_space_vs_ema_max_drawdown,L3 order-event replay encoder paired check,inconclusive,max_drawdown,neural_state_space,ema,decrease,10,-1.3203567366004698e-06,-1.6028199700838517e-05,1.1891784682066528e-05,1.3203567366004698e-06,-1.2145589443063876e-05,1.6215903018992616e-05,,0.4,0.75390625
order_book_l3_neural_state_space_vs_ema_fill_rate,L3 order-event replay encoder paired check,inconclusive,fill_rate,neural_state_space,ema,increase,10,0.0041841004184100476,-0.008786610878661083,0.022175732217573223,0.0041841004184100476,-0.008368200836820078,0.022186192468619217,,0.4,0.75390625
order_book_l3_neural_state_space_vs_ema_avg_spread_capture_bps,L3 order-event replay encoder paired check,positive_mixed,avg_spread_capture_bps,neural_state_space,ema,increase,10,0.004215834153957576,-0.0034713633175789075,0.012955594311914538,0.004215834153957576,-0.003328789071283525,0.012652064992028365,,0.5,1.0
order_book_l3_state_space_vs_ema_sharpe,L3 order-event replay encoder paired check,not_supported,sharpe,state_space,ema,increase,10,-79.29000812890114,-135.28682808646278,-25.65411324218559,-79.29000812890114,-134.40465572381373,-28.113698450245256,,0.2,0.109375
order_book_l3_state_space_vs_ema_total_return,L3 order-event replay encoder paired check,positive_mixed,total_return,state_space,ema,increase,10,5.148629442763842e-06,-3.598801542481489e-05,4.8564751543109203e-05,5.148629442763842e-06,-3.802006645160838e-05,4.954868837563018e-05,,0.5,1.0
order_book_l3_state_space_vs_ema_max_drawdown,L3 order-event replay encoder paired check,positive_mixed,max_drawdown,state_space,ema,decrease,10,-1.4586620639245318e-05,-3.1710722924061515e-05,-3.912242525722088e-07,1.4586620639245318e-05,-2.4413757183622263e-07,3.279557453451819e-05,,0.6,0.75390625
order_book_l3_state_space_vs_ema_fill_rate,L3 order-event replay encoder paired check,inconclusive,fill_rate,state_space,ema,increase,10,0.007949790794979084,-0.009623430962343088,0.02677824267782426,0.007949790794979084,-0.010041841004184093,0.028462343096234268,,0.4,1.0
order_book_l3_state_space_vs_ema_avg_spread_capture_bps,L3 order-event replay encoder paired check,positive_mixed,avg_spread_capture_bps,state_space,ema,increase,10,0.019324589472422913,-0.0038325822047729228,0.04791960250803226,0.019324589472422913,-0.004558302291530755,0.05131443607095439,,0.6,0.75390625
