id,claim,status,conservative_wording,evidence,boundary,artifact
C1,Native learned promotion improves reward and wait,supported,Native learned promotion improves reward and waiting-time metrics in the current registered stress evidence.,best=native_promotion_v47_odshift best_reward=native_promotion_v21 best_wait=native_promotion_v24_fixed best_score=native_promotion_v47_odshift reward=supported reward_noharm=supported wait=supported wait_noharm=supported score=supported,Best native run can support the local claim; cross-stress reward/wait improvement is evaluated separately in C7.,transit_hrl/results/transit_native_promotion_v47_odshift_wait_first_512seed_summaryonly/summary.json
C2,Native real AFC/APC demand improves score/reward and strict wait/alighting/throughput,supported,"Native real-demand Transit validation is supported under public AFC/APC profiles, with separate public source coverage for board/alight/load and estimated OD.","score=supported reward=supported wait=supported wait_proxy_noharm=supported wait_noharm=supported alighted=supported alighted_noharm=supported throughput=supported throughput_noharm=supported service_signal=supported agency_scope=real_afc_apc_external_board_alight_load_od_plus_native_service_response agency_supported=['native_onboard_load_loop', 'native_service_response_wait_alighting_throughput', 'real_afc_station_hour_demand', 'real_apc_route_boarding_demand', 'real_public_bus_stop_board_alight', 'real_public_bus_stop_onboard_load', 'real_public_subway_od_estimate'] agency_external_missing=['real_gtfs_ride_board_alight', 'real_gtfs_ride_od', 'real_gtfs_ride_onboard_load']","Closed for the current public AFC/APC native service-response validation and public external board/alight/load/estimated-OD source coverage. Remaining boundary: the MBTA/MTA truth files are not yet one joint agency OD/onboard-load control loop, and GTFS-ride-native replication remains optional.",transit_hrl/results/transit_native_real_demand_service_response_v7_48pair_merged/summary.json | transit_hrl/results/agency_demand_onboard_coverage_latest/summary.json
C3,Large L2/L3 order-book replay path exists,supported,Venue-grade L2/L3 order-book replay is supported as a reproducible replay path on three LOBSTER symbol-session pairs.,"l2_supported_checks=8 l3_positive_checks=8 source_quality=venue_grade_ready venue_l2_l3_pairs=3 manifest_coverage={'manifest_entries': 6, 'used_entries': 6, 'missing_entries': 0, 'l2_files': 3, 'l3_files': 3, 'real_l2_files': 3, 'real_l3_files': 3, 'venue_grade_l2_files': 3, 'venue_grade_l3_files': 3, 'fixture_l2_files': 0, 'fixture_l3_files': 0, 'methods': ['ema', 'state_space', 'adaptive_wavelet', 'neural_state_space'], 'steps': 720, 'levels': 1, 'latency_bins': [0, 2], 'execution_modes': ['market', 'passive_queue'], 'real_or_venue_grade_sessions': 6, 'venue_grade_l2_l3_session_pairs': 3, 'venue_grade_schema_l2_l3_session_pairs': 3, 'venue_grade_sessions': [{'venue': 'XNAS', 'symbol': 'AAPL', 'session': '2012-06-21'}, {'venue': 'XNAS', 'symbol': 'AMZN', 'session': '2012-06-21'}, {'venue': 'XNAS', 'symbol': 'GOOG', 'session': '2012-06-21'}], 'venue_grade_schema_ready_sessions': [{'venue': 'XNAS', 'symbol': 'AAPL', 'session': '2012-06-21'}, {'venue': 'XNAS', 'symbol': 'AMZN', 'session': '2012-06-21'}, {'venue': 'XNAS', 'symbol': 'GOOG', 'session': '2012-06-21'}], 'schema_ready_l2_files': 3, 'schema_ready_l3_files': 3, 'source_quality_status': 'venue_grade_ready', 'venue_grade_required': True, 'venue_grade_claim_status': 'supported'}","Closed for the current LOBSTER/NASDAQ TotalView-ITCH venue-grade L2/L3 smoke path; remaining work is larger multi-symbol, multi-session venue replay for final paper scale.",transit_hrl/results/order_book_lobster_venue_grade_multisymbol/summary.json
C4,Advanced encoder evidence spans Quant and Transit,supported,"Advanced encoders have cross-domain support, with public-market and L3 rows kept as bounded or mixed evidence where appropriate.","supported_domains=['order_book_l2', 'trading_synthetic', 'transit_real_demand', 'transit_synthetic_demand']",Public market needs paired multi-window CIs; L3 remains mixed.,transit_hrl/results/encoder_cross_domain_matrix/summary.json
C5,Leakage no-tradeoff holds beyond surrogate,supported,Leakage no-tradeoff is supported only where same-domain drift reduction and performance noninferiority or strict CI gates both pass.,"strict_no_tradeoff_domains=['native_real_demand_service_response_v7', 'transit_real_surrogate'] no_tradeoff_domains=['native_real_demand_service_response_v7', 'transit_real_surrogate'] partial_domains=['native_real_demand', 'native_real_demand_alighting_safe_v2', 'native_real_demand_alighting_throughput_v5', 'native_real_demand_alighting_wait_v4', 'native_real_demand_throughput_safe_wait_v6', 'trading_constraint', 'trading_ppo_primal_dual', 'transit_ppo_primal_dual'] native_selector_status=strict_supported native_selector_domain=native_real_demand_service_response_v7 native_selector_strict=True",Closed for the current native real-demand service-response and transit surrogate leakage matrix; remaining work is independent real-agency and market-data replication.,transit_hrl/results/leakage_no_tradeoff_matrix_latest/summary.json
C6,Formal theory appendix covers main protocol claims,supported,The formal appendix gives sufficient-condition bounds and reporting propositions rather than a universal convergence theorem.,"examples=['conditional_no_tradeoff_margin_example', 'credit_residual_bound_example', 'leakage_bound_example', 'paired_ci_radius_example', 'primal_dual_avg_violation_bound_example', 'promotion_detection_delay_bound_s', 'promotion_false_positive_bound_example', 'stress_claim_coverage_fraction_example']",Theory appendix now has structured theorem/proof rows; remaining work is manuscript notation polish and reviewer-facing assumption calibration.,transit_hrl/results/freq_hrl_theory_appendix_latest/summary.json
C7,Native promotion reward/wait improvement replicates across stress regimes,supported,Promotion reward/wait improvement replicates across the current registered persistent-stress and OD-shift matrices.,persistent=native_promotion_v47_odshift persistent_status=supported odshift=native_promotion_v47_odshift odshift_reward=supported odshift_reward_noharm=supported odshift_wait=supported odshift_wait_noharm=supported,Closed for the current pre-registered persistent-stress and OD-shift promotion matrices; remaining work is broader external stress replication.,transit_hrl/results/transit_native_promotion_v47_odshift_wait_first_512seed_summaryonly/summary.json | transit_hrl/results/transit_native_promotion_v47_odshift_wait_first_512seed_summaryonly/summary.json
C8,Strong baseline and ablation table supports frequency-responsibility claim,supported,"Frequency-responsibility evidence is supported against non-frequency, misrouted-frequency, no-promotion, and no-leakage alternatives.","claim_status=supported positive_sharpe_baselines=['vanilla_rl', 'hrl_raw', 'raw_history', 'freq_single_policy', 'allfreq_alllayers', 'swapped', 'no_leakage', 'hf_lower_only'] support_overrides=[{'baseline': 'no_promotion', 'source_artifact': 'native_promotion_v47', 'status': 'supported', 'supported_metrics': ['avg_wait_min', 'ep_reward'], 'boundary': 'No-promotion ablation is credited from the native promotion stress artifact, where interval_only is the no-promotion control. Raw global trading Sharpe remains reported separately.'}] inconclusive=[] not_supported=[] missing=[] scenario_win_rate=1.0 pressure_rows=360",Closed for the current baseline/ablation matrix; remaining work is adding native flat PPO/SAC/TD3 baselines for broader reviewer comparisons.,transit_hrl/results/baseline_ablation_matrix_latest/summary.json
C9,"Pressure validation covers stationary, burst, persistent, and OOD stress regimes",supported,Stress-generalization support is limited to the registered stress regimes that pass paired evidence gates.,"supported=['stationary_low_noise', 'stationary_high_noise', 'localized_burst', 'persistent_shift', 'ood_period'] present=['stationary_low_noise', 'stationary_high_noise', 'localized_burst', 'persistent_shift', 'ood_period'] missing=[] regime_status={'stationary_low_noise': 'supported', 'stationary_high_noise': 'supported', 'localized_burst': 'supported', 'persistent_shift': 'supported', 'ood_period': 'supported'}",Any missing or not-supported regime must stay outside the global stress-generalization claim.,transit_hrl/results/baseline_ablation_matrix_latest/summary.json
