timestamp,ask_price_1,ask_size_1,bid_price_1,bid_size_1
34200.015105074,580.23,100.0,579.4,496.0
34200.05990197,580.23,100.0,579.4,196.0
34200.113246707,580.23,100.0,579.4,196.0
34200.113246707,580.23,100.0,579.4,196.0
34200.113246707,580.23,100.0,579.4,196.0
34200.113246707,580.23,100.0,579.4,196.0
34200.113246707,580.23,100.0,579.4,29.0
34200.154178213,580.23,100.0,579.4,129.0
34200.202322801,579.89,25.0,579.4,129.0
34200.203135277,579.89,25.0,579.4,100.0
34200.203135277,579.89,25.0,579.12,100.0
34200.2070117,579.4,1.0,579.12,100.0
34200.207763353,579.89,25.0,579.12,100.0
34200.207763353,579.89,25.0,579.4,99.0
34200.236450238,579.89,25.0,579.4,88.0
34200.249457498,579.89,25.0,579.4,59.0
34200.35865663,579.89,25.0,579.4,59.0
34200.501687061,579.79,100.0,579.4,59.0
34200.502444619,579.79,110.0,579.4,59.0
34200.633496578,579.79,110.0,579.4,159.0
34200.696339803,579.79,110.0,579.4,159.0
34200.696339803,579.79,110.0,579.4,100.0
34200.696339803,579.79,110.0,579.4,88.0
34200.763732578,579.79,210.0,579.4,88.0
34201.44557354,579.79,210.0,579.19,75.0
34201.44557354,579.79,210.0,579.12,100.0
34201.44557354,579.79,210.0,579.12,100.0
34202.184836108,579.79,210.0,579.12,100.0
34202.184836108,579.79,210.0,579.12,100.0
34202.472695361,579.73,100.0,579.12,100.0
34202.472885056,579.73,200.0,579.12,100.0
34203.650345438,579.73,100.0,579.12,100.0
34203.650507021,579.79,210.0,579.12,100.0
34204.320392912,579.73,100.0,579.12,100.0
34204.320575651,579.73,200.0,579.12,100.0
34204.414461644,579.73,200.0,579.12,100.0
34204.414627059,579.73,100.0,579.12,100.0
34204.635971,579.66,2300.0,579.12,100.0
34204.636163856,579.66,2700.0,579.12,100.0
34205.266040346,579.66,2700.0,579.12,100.0
34205.266040346,579.66,2700.0,579.12,100.0
34205.266211854,579.66,2300.0,579.12,100.0
34205.621656362,579.66,2300.0,579.12,100.0
34206.021458868,579.66,2300.0,579.12,100.0
34206.02684287,579.66,2300.0,579.12,128.0
34206.027107895,579.66,2300.0,579.12,206.0
34206.027622462,579.66,2300.0,579.12,206.0
34206.027622462,579.66,2300.0,579.12,134.0
34206.028440622,579.66,2300.0,579.12,156.0
34206.029089693,579.66,2300.0,579.12,160.0
34206.029818156,579.66,2300.0,579.12,166.0
34206.029906382,579.66,2300.0,579.12,138.0
34206.029906382,579.66,2300.0,579.12,110.0
34206.029906382,579.66,2300.0,579.12,66.0
34206.030220796,579.66,2300.0,579.12,73.0
34206.030430451,579.66,2300.0,579.12,83.0
34206.030813614,579.66,2300.0,579.12,92.0
34206.031174657,579.66,2300.0,579.12,116.0
34206.335544635,579.66,2300.0,579.12,82.0
34206.335544635,579.66,2300.0,579.12,60.0
34206.335544635,579.66,2300.0,579.12,56.0
34206.335544635,579.66,2300.0,579.12,50.0
34206.335544635,579.66,2300.0,579.12,43.0
34206.335544635,579.66,2300.0,579.12,33.0
34206.335544635,579.66,2300.0,579.12,24.0
34206.335544635,579.66,2300.0,579.0,41.0
34206.390765275,579.52,260.0,579.0,41.0
34206.391593154,579.66,2300.0,579.0,41.0
34206.3930235,579.52,260.0,579.0,41.0
34206.393843671,579.66,2300.0,579.0,41.0
34206.394630495,579.52,260.0,579.0,41.0
34206.395347138,579.66,2300.0,579.0,41.0
34206.396762991,579.52,260.0,579.0,41.0
34206.39748654,579.66,2300.0,579.0,41.0
34206.399114575,579.52,260.0,579.0,41.0
34206.400382181,579.66,2300.0,579.0,41.0
34206.401290662,579.52,260.0,579.0,41.0
34206.402542165,579.66,2300.0,579.0,41.0
34206.403385601,579.52,260.0,579.0,41.0
34206.404791532,579.66,2300.0,579.0,41.0
34206.405614357,579.52,260.0,579.0,41.0
34206.407029767,579.66,2300.0,579.0,41.0
34206.407833095,579.52,260.0,579.0,41.0
34206.408787399,579.66,2300.0,579.0,41.0
34206.409965877,579.52,260.0,579.0,41.0
34206.410680711,579.66,2300.0,579.0,41.0
34206.411525433,579.52,260.0,579.0,41.0
34206.412552465,579.66,2300.0,579.0,41.0
34206.413597384,579.52,260.0,579.0,41.0
34206.414562858,579.66,2300.0,579.0,41.0
34207.657108304,579.52,260.0,579.0,41.0
34207.658433819,579.66,2300.0,579.0,41.0
34207.659935516,579.52,260.0,579.0,41.0
34207.661271153,579.66,2300.0,579.0,41.0
34207.662749793,579.52,260.0,579.0,41.0
34207.664086215,579.66,2300.0,579.0,41.0
34207.665049651,579.52,260.0,579.0,41.0
34207.666381883,579.66,2300.0,579.0,41.0
34207.667950288,579.52,260.0,579.0,41.0
34207.669279653,579.66,2300.0,579.0,41.0
34207.670204865,579.52,260.0,579.0,41.0
34207.671404663,579.66,2300.0,579.0,41.0
34207.673650976,579.52,260.0,579.0,41.0
34207.675070224,579.66,2300.0,579.0,41.0
34207.67645084,579.52,260.0,579.0,41.0
34207.677857238,579.66,2300.0,579.0,41.0
34207.678675572,579.52,260.0,579.0,41.0
34207.680038855,579.66,2300.0,579.0,41.0
34207.68143834,579.52,260.0,579.0,41.0
34207.682373702,579.66,2300.0,579.0,41.0
34207.683828361,579.52,260.0,579.0,41.0
34207.685155565,579.66,2300.0,579.0,41.0
34207.686630374,579.52,260.0,579.0,41.0
34207.687969395,579.66,2300.0,579.0,41.0
34207.689494057,579.52,260.0,579.0,41.0
34207.690330524,579.66,2300.0,579.0,41.0
34207.691780207,579.52,260.0,579.0,41.0
34207.693269535,579.66,2300.0,579.0,41.0
34207.695127956,579.52,260.0,579.0,41.0
34207.696489237,579.66,2300.0,579.0,41.0
34207.697920734,579.52,260.0,579.0,41.0
34207.698908035,579.66,2300.0,579.0,41.0
34208.145807111,579.66,2302.0,579.0,41.0
34208.146115376,579.66,2300.0,579.0,41.0
34208.146115376,579.52,2.0,579.0,41.0
34209.135238134,579.45,100.0,579.0,41.0
34209.153478631,579.45,102.0,579.0,41.0
34209.745480497,579.45,112.0,579.0,41.0
34210.172085995,579.45,131.0,579.0,41.0
34210.740131279,579.45,231.0,579.0,41.0
34211.015012413,579.45,212.0,579.0,41.0
34211.058977504,579.45,212.0,579.0,22.0
34212.141429731,579.45,212.0,579.0,1.0
34212.141429731,579.45,212.0,578.99,1.0
34212.141429731,579.45,212.0,578.5,9.0
34212.141429731,579.45,212.0,578.5,9.0
34212.141429731,579.45,212.0,578.5,9.0
34212.150479521,578.9,2171.0,578.5,9.0
34212.1715959,579.45,212.0,578.5,9.0
34212.171759523,578.51,2171.0,578.5,9.0
34212.171865865,578.51,2071.0,578.5,9.0
34212.171969276,578.51,2071.0,578.21,10.0
34212.204258788,579.45,212.0,578.21,10.0
34212.204573984,579.45,212.0,578.0,174.0
34212.204573984,579.45,212.0,578.0,169.0
34212.204573984,579.45,212.0,578.0,164.0
34212.204573984,579.45,212.0,578.0,136.0
34212.204573984,579.45,212.0,578.0,86.0
34212.204573984,579.45,212.0,578.0,84.0
34212.204791502,579.45,212.0,578.0,84.0
34212.204962809,579.45,212.0,578.0,84.0
34212.204962809,579.45,212.0,578.0,84.0
34212.204962809,579.45,212.0,577.99,1.0
34212.204962809,578.0,1278.0,577.99,1.0
34212.205124171,578.0,1678.0,577.99,1.0
34212.205187242,578.0,400.0,577.99,1.0
34212.20522105,578.0,400.0,577.51,110.0
34212.205259616,578.0,400.0,577.51,110.0
34212.205259616,578.0,400.0,577.51,110.0
34212.205324774,578.0,400.0,577.51,110.0
34212.205324774,578.0,399.0,577.51,110.0
34212.205330204,579.45,212.0,577.51,110.0
34212.206090682,579.45,212.0,578.0,200.0
34212.206550349,579.45,212.0,578.0,200.0
34212.206876537,579.45,212.0,578.0,200.0
34212.206876537,579.45,212.0,578.0,200.0
34212.207179106,579.45,212.0,578.0,200.0
34212.207179106,579.45,212.0,578.0,100.0
34212.207361737,579.45,212.0,577.51,110.0
34212.208156427,578.0,578.0,577.51,110.0
34212.245781202,579.45,210.0,577.51,110.0
34212.24593772,579.45,210.0,577.51,110.0
34212.246235883,579.45,210.0,577.51,110.0
34212.24640177,579.45,210.0,577.51,110.0
34212.246573827,579.45,210.0,577.51,100.0
34212.246573827,579.45,210.0,577.51,10.0
34212.24678587,579.45,210.0,577.45,3.0
34212.246816706,579.45,210.0,577.51,66.0
34212.246961714,579.45,210.0,577.45,3.0
34212.246961714,577.51,102.0,577.45,3.0
34212.2765606,577.51,104.0,577.45,3.0
34212.278004576,577.51,2.0,577.45,3.0
34212.28018577,577.51,2.0,577.45,1.0
34212.280250969,577.51,2.0,577.24,20.0
34212.284162466,579.45,210.0,577.24,20.0
34212.295288066,577.51,2.0,577.24,20.0
34212.29557982,579.45,210.0,577.24,20.0
34212.29557982,579.45,210.0,577.51,98.0
34212.317876704,579.11,100.0,577.51,98.0
34212.34250483,579.11,102.0,577.51,98.0
34212.705131581,579.11,102.0,577.24,20.0
34212.705131581,579.11,102.0,577.24,20.0
34212.719680789,579.11,102.0,577.45,100.0
34212.725440621,579.11,102.0,577.45,108.0
34213.294061275,579.11,102.0,577.45,708.0
34213.962547453,579.11,2.0,577.45,708.0
34214.499755316,579.11,2.0,577.45,700.0
34215.471948615,578.59,100.0,577.45,700.0
34215.472129336,578.59,200.0,577.45,700.0
34216.113710965,578.59,200.0,577.45,100.0
34216.113867794,578.59,100.0,577.45,100.0
34216.116067882,578.59,100.0,577.55,600.0
34217.147886513,578.8,2.0,577.55,600.0
34217.148068157,578.44,100.0,577.55,600.0
34217.148236482,578.44,200.0,577.55,600.0
34217.167865699,578.0,100.0,577.55,600.0
34217.168134247,578.44,100.0,577.55,600.0
34217.168134247,578.14,100.0,577.55,600.0
34217.181119739,578.14,100.0,577.55,600.0
34217.206704761,578.14,100.0,577.55,600.0
34217.209297906,578.14,100.0,577.55,600.0
34217.210470267,578.14,100.0,577.55,600.0
34217.362201857,578.14,100.0,577.55,600.0
34217.728212546,578.14,100.0,577.55,600.0
34217.728212546,578.14,100.0,577.55,600.0
34218.873259746,578.14,100.0,577.24,20.0
34218.873398948,578.44,100.0,577.24,20.0
34218.873398948,577.73,100.0,577.24,20.0
34218.874750308,577.73,100.0,577.24,20.0
34218.875598074,577.73,100.0,577.66,600.0
34218.875693752,578.44,100.0,577.66,600.0
34218.875693752,578.2,100.0,577.66,600.0
34218.87584919,578.2,300.0,577.66,600.0
34218.875913862,578.2,400.0,577.66,600.0
34218.87594306,578.2,300.0,577.66,600.0
34218.87594306,577.94,100.0,577.66,600.0
34218.876263775,578.2,100.0,577.66,600.0
34218.876263775,577.99,100.0,577.66,600.0
34218.876515253,578.44,100.0,577.66,600.0
34218.876515253,578.2,100.0,577.66,600.0
34218.99336589,578.07,100.0,577.66,600.0
34218.993476937,577.96,100.0,577.66,600.0
34218.993694445,578.07,100.0,577.66,600.0
34218.993694445,577.87,100.0,577.66,600.0
34219.843969867,577.87,100.0,577.66,700.0
34219.844087745,578.07,100.0,577.66,700.0
34219.844087745,577.96,100.0,577.66,700.0
34220.034122811,577.96,110.0,577.66,700.0
34220.034238605,577.96,10.0,577.66,700.0
34220.034238605,577.95,100.0,577.66,700.0
34221.015874097,577.95,100.0,577.66,600.0
34221.015994018,577.96,10.0,577.66,600.0
34221.016439156,577.96,10.0,577.66,700.0
34221.12249655,577.96,10.0,577.69,140.0
34221.123725961,577.96,10.0,577.66,700.0
34221.124559524,577.96,10.0,577.69,140.0
34222.150970581,577.89,100.0,577.69,140.0
34222.15149298,577.89,100.0,577.66,700.0
34222.389890414,577.89,100.0,577.66,600.0
34222.390311795,577.89,100.0,577.7,100.0
34222.39780826,577.92,100.0,577.7,100.0
34222.397908912,577.96,10.0,577.7,100.0
34222.793555904,577.96,10.0,577.7,100.0
34222.836870745,577.96,10.0,577.8,600.0
34223.647338812,577.98,200.0,577.8,600.0
34223.68071871,578.07,100.0,577.8,600.0
34223.681087941,578.8,2.0,577.8,600.0
34223.681338927,578.07,75.0,577.8,600.0
34223.681445643,578.8,2.0,577.8,600.0
34223.713770608,578.8,2.0,577.8,600.0
34223.713770608,578.8,2.0,577.8,600.0
34224.448191619,578.8,2.0,577.92,200.0
34225.021027413,578.8,2.0,577.92,200.0
34225.669376887,578.8,2.0,577.93,300.0
34226.583003127,578.8,2.0,578.28,600.0
34226.583373372,578.8,2.0,578.28,500.0
34226.585368555,578.8,2.0,578.28,350.0
34227.030929578,578.8,2.0,578.28,450.0
34227.611297106,578.8,2.0,578.31,100.0
34227.625525691,578.8,2.0,578.31,100.0
34227.62566495,578.8,2.0,578.31,100.0
34227.625791487,578.8,2.0,578.31,100.0
34227.625912851,578.8,2.0,578.31,100.0
34227.626038965,578.8,2.0,578.31,100.0
34227.626161087,578.8,2.0,578.31,100.0
34227.626283595,578.8,2.0,578.31,100.0
34227.626401978,578.8,2.0,578.31,100.0
34227.62653247,579.59,500.0,578.31,100.0
34227.626585868,579.59,500.0,578.28,450.0
34227.626671762,579.59,500.0,578.39,100.0
34227.627976057,579.48,120.0,578.39,100.0
34227.628142799,579.48,220.0,578.39,100.0
34227.63219829,579.48,220.0,578.28,450.0
34227.641269781,579.48,220.0,578.39,100.0
34227.642466737,579.48,220.0,578.28,450.0
34227.642484988,579.48,100.0,578.28,450.0
34227.642693692,579.59,500.0,578.28,450.0
34227.644070595,579.59,500.0,578.38,100.0
34227.647561103,579.59,500.0,578.28,450.0
34227.648374599,579.48,100.0,578.28,450.0
34227.648589408,579.48,100.0,578.39,100.0
34227.650171854,579.59,500.0,578.39,100.0
34227.650233056,579.59,500.0,578.28,450.0
34227.650283827,579.49,100.0,578.28,450.0
34227.651560764,579.59,500.0,578.28,450.0
34227.651632851,579.48,120.0,578.28,450.0
34227.651694643,579.48,120.0,578.39,100.0
34227.65277775,579.59,500.0,578.39,100.0
34227.652835224,579.59,500.0,578.28,450.0
34227.652999438,579.49,100.0,578.28,450.0
34227.653161961,579.49,200.0,578.28,450.0
34227.654038724,579.49,100.0,578.28,450.0
34227.654069909,579.49,100.0,578.38,100.0
34227.65419539,579.59,500.0,578.38,100.0
34227.655297571,579.59,500.0,578.28,450.0
34227.655387983,579.49,100.0,578.28,450.0
34227.656597624,579.59,500.0,578.28,450.0
34227.656746934,579.48,120.0,578.28,450.0
34227.656779339,579.48,120.0,578.39,100.0
34227.657615827,579.59,500.0,578.39,100.0
34227.657634471,579.59,500.0,578.28,450.0
34227.661069108,579.48,100.0,578.28,450.0
34227.6611596,579.48,100.0,578.39,100.0
34227.662235291,579.59,500.0,578.39,100.0
34227.662320098,579.59,500.0,578.28,450.0
34227.662334274,579.49,100.0,578.28,450.0
34227.663471075,579.59,500.0,578.28,450.0
34227.663641656,579.59,500.0,578.39,100.0
34227.663680779,579.48,120.0,578.39,100.0
34227.664689706,579.59,500.0,578.39,100.0
34227.664741803,579.59,500.0,578.28,450.0
34227.664882511,579.49,100.0,578.28,450.0
34227.665031707,579.49,200.0,578.28,450.0
34227.666169443,579.49,200.0,578.38,100.0
34227.666299928,579.49,100.0,578.38,100.0
34227.666441454,579.59,500.0,578.38,100.0
34227.667521701,579.59,500.0,578.28,450.0
34227.667675897,579.49,100.0,578.28,450.0
34227.668841643,579.59,500.0,578.28,450.0
34227.668991383,579.48,120.0,578.28,450.0
34227.669007357,579.48,120.0,578.39,100.0
34227.670220778,579.48,120.0,578.28,450.0
34227.670313926,579.59,500.0,578.28,450.0
34227.670315095,579.49,100.0,578.28,450.0
34227.671431489,579.59,500.0,578.28,450.0
34227.671561598,579.48,120.0,578.28,450.0
34227.6715713,579.48,120.0,578.39,100.0
34227.672678239,579.48,120.0,578.28,450.0
34227.672697997,579.59,500.0,578.28,450.0
34227.672762534,579.49,100.0,578.28,450.0
34227.674463053,579.59,500.0,578.28,450.0
34227.674596045,579.59,500.0,578.39,100.0
34227.674606595,579.48,120.0,578.39,100.0
34227.675646226,579.48,120.0,578.28,450.0
34227.675674644,579.59,500.0,578.28,450.0
34227.694037307,579.48,105.0,578.28,450.0
34227.694146523,579.48,105.0,578.39,100.0
34227.694199564,579.48,205.0,578.39,100.0
34227.695355492,579.48,100.0,578.39,100.0
34227.69550641,579.59,500.0,578.39,100.0
34227.695549634,579.59,500.0,578.28,450.0
34227.696730654,579.48,100.0,578.28,450.0
34227.696778766,579.48,100.0,578.39,100.0
34227.697976452,579.48,100.0,578.28,450.0
34227.697993382,579.59,500.0,578.28,450.0
34227.698110219,579.49,100.0,578.28,450.0
34227.6990804,579.59,500.0,578.28,450.0
34227.699256147,579.59,500.0,578.38,100.0
34227.700321759,579.59,500.0,578.28,450.0
34227.700393583,579.49,100.0,578.28,450.0
34227.701572958,579.59,500.0,578.28,450.0
34227.701602028,579.48,120.0,578.28,450.0
34227.701727135,579.48,120.0,578.39,100.0
34227.702691425,579.59,500.0,578.39,100.0
34227.702779698,579.59,500.0,578.28,450.0
34227.702805792,579.49,100.0,578.28,450.0
34227.703862019,579.59,500.0,578.28,450.0
34227.703989472,579.48,120.0,578.28,450.0
34227.704051697,579.48,120.0,578.39,100.0
34227.705024207,579.59,500.0,578.39,100.0
34227.705138096,579.59,500.0,578.28,450.0
34227.705140219,579.49,100.0,578.28,450.0
34227.706344825,579.48,120.0,578.28,450.0
34227.706423084,579.48,120.0,578.39,100.0
34227.706505402,579.48,220.0,578.39,100.0
34227.7075037,579.48,220.0,578.28,450.0
34227.707535357,579.48,100.0,578.28,450.0
34227.707683895,579.59,500.0,578.28,450.0
34227.708807204,579.48,100.0,578.28,450.0
34227.708914297,579.48,100.0,578.39,100.0
34227.709807509,579.48,100.0,578.28,450.0
34227.709914677,579.59,500.0,578.28,450.0
34227.715165698,579.48,100.0,578.28,450.0
34227.71518973,579.48,100.0,578.39,100.0
34227.716410235,579.48,100.0,578.28,450.0
34227.716603585,579.49,100.0,578.28,450.0
34227.717685566,579.59,500.0,578.28,450.0
34227.717828682,579.59,500.0,578.39,100.0
34227.718949005,579.59,500.0,578.28,450.0
34227.718987819,579.49,100.0,578.28,450.0
34227.719155393,579.49,200.0,578.28,450.0
34227.719902492,579.49,100.0,578.28,450.0
34227.720015787,579.48,120.0,578.28,450.0
34227.720145033,579.48,120.0,578.39,100.0
34227.720202737,579.48,220.0,578.39,100.0
34227.7211385,579.48,100.0,578.39,100.0
34227.721249206,579.48,100.0,578.28,450.0
34227.721265992,579.48,100.0,578.38,100.0
34227.721309697,579.59,500.0,578.38,100.0
34227.723045084,579.59,500.0,578.28,450.0
34227.72318075,579.48,120.0,578.28,450.0
34227.723284998,579.48,120.0,578.39,100.0
34227.724203094,579.59,500.0,578.39,100.0
34227.724336873,579.59,500.0,578.28,450.0
34227.726738872,579.49,100.0,578.28,450.0
34227.728814795,579.59,500.0,578.28,450.0
34227.728977864,579.59,500.0,578.39,100.0
34227.729006182,579.48,100.0,578.39,100.0
34227.730069472,579.48,100.0,578.28,450.0
34227.730184709,579.49,100.0,578.28,450.0
34227.731159644,579.59,500.0,578.28,450.0
34227.731296706,579.59,500.0,578.39,100.0
34227.731313206,579.48,105.0,578.39,100.0
34227.732223393,579.48,105.0,578.28,450.0
34227.733284272,579.59,500.0,578.28,450.0
34227.961767321,579.59,500.0,578.68,200.0
34228.330026154,579.51,100.0,578.68,200.0
34228.330197395,579.51,200.0,578.68,200.0
34228.33109119,579.51,100.0,578.68,200.0
34228.331235727,579.59,500.0,578.68,200.0
34228.338222246,579.51,100.0,578.68,200.0
34228.339288782,579.59,500.0,578.68,200.0
34228.339994194,579.51,100.0,578.68,200.0
34228.341078514,579.59,500.0,578.68,200.0
34228.342391017,579.51,100.0,578.68,200.0
34228.342544144,579.51,200.0,578.68,200.0
34228.343588817,579.51,100.0,578.68,200.0
34228.343734724,579.59,500.0,578.68,200.0
34228.344892715,579.51,100.0,578.68,200.0
34228.346216818,579.59,500.0,578.68,200.0
34228.347410987,579.51,100.0,578.68,200.0
34228.34867141,579.59,500.0,578.68,200.0
34228.350319583,579.51,100.0,578.68,200.0
34228.351389599,579.59,500.0,578.68,200.0
34228.352591423,579.51,100.0,578.68,200.0
34228.353778872,579.59,500.0,578.68,200.0
34228.355529409,579.51,100.0,578.68,200.0
34228.355687737,579.51,200.0,578.68,200.0
34228.3565977,579.51,100.0,578.68,200.0
34228.356739497,579.59,500.0,578.68,200.0
34228.357990092,579.51,100.0,578.68,200.0
34228.359087387,579.59,500.0,578.68,200.0
34228.360998965,579.51,100.0,578.68,200.0
34228.362048984,579.59,500.0,578.68,200.0
34228.363925035,579.51,100.0,578.68,200.0
34228.364961292,579.59,500.0,578.68,200.0
34228.36636015,579.51,100.0,578.68,200.0
34228.36741584,579.59,500.0,578.68,200.0
34228.368816815,579.51,100.0,578.68,200.0
34228.368969213,579.51,200.0,578.68,200.0
34228.369983216,579.51,100.0,578.68,200.0
34228.370124172,579.59,500.0,578.68,200.0
34228.371237855,579.51,100.0,578.68,200.0
34228.372434523,579.59,500.0,578.68,200.0
34228.375426894,579.51,100.0,578.68,200.0
34228.376090776,579.59,500.0,578.68,200.0
34228.991274332,579.51,100.0,578.68,200.0
34228.991440142,579.51,200.0,578.68,200.0
34228.992493265,579.51,100.0,578.68,200.0
34228.992639699,579.59,500.0,578.68,200.0
34228.994326982,579.51,100.0,578.68,200.0
34228.995407798,579.59,500.0,578.68,200.0
34228.996135569,579.51,100.0,578.68,200.0
34228.997215886,579.59,500.0,578.68,200.0
34228.997989879,579.51,100.0,578.68,200.0
34228.999180038,579.59,500.0,578.68,200.0
34229.00025984,579.51,100.0,578.68,200.0
34229.001442318,579.59,500.0,578.68,200.0
34229.002195495,579.51,105.0,578.68,200.0
34229.003271135,579.59,500.0,578.68,200.0
34229.004495987,579.51,100.0,578.68,200.0
34229.004659178,579.51,200.0,578.68,200.0
34229.005578502,579.51,100.0,578.68,200.0
34229.005719148,579.59,500.0,578.68,200.0
34229.00687463,579.51,100.0,578.68,200.0
34229.007906032,579.59,500.0,578.68,200.0
34229.008658552,579.51,100.0,578.68,200.0
34229.009706492,579.59,500.0,578.68,200.0
34229.010464521,579.51,100.0,578.68,200.0
34229.011557287,579.59,500.0,578.68,200.0
34229.012810723,579.51,100.0,578.68,200.0
34229.019291625,579.59,500.0,578.68,200.0
34229.021893445,579.51,100.0,578.68,200.0
34229.022054084,579.51,200.0,578.68,200.0
34229.023145861,579.51,100.0,578.68,200.0
34229.023298018,579.59,500.0,578.68,200.0
34229.025032221,579.51,100.0,578.68,200.0
34229.026235472,579.59,500.0,578.68,200.0
34229.027619455,579.51,100.0,578.68,200.0
34229.028791421,579.59,500.0,578.68,200.0
34229.03064502,579.51,100.0,578.68,200.0
34229.031711796,579.59,500.0,578.68,200.0
34229.032510972,579.51,100.0,578.68,200.0
34229.033299771,579.59,500.0,578.68,200.0
34229.301777106,579.59,500.0,578.68,200.0
34229.352211213,579.59,500.0,578.68,100.0
34229.448227718,579.5,100.0,578.68,100.0
34229.448397333,579.5,200.0,578.68,100.0
34229.449294485,579.5,100.0,578.68,100.0
34229.449439945,579.59,500.0,578.68,100.0
34229.450580533,579.5,105.0,578.68,100.0
34229.451663984,579.59,500.0,578.68,100.0
34229.452925409,579.5,100.0,578.68,100.0
34229.454019471,579.59,500.0,578.68,100.0
34229.455335815,579.5,100.0,578.68,100.0
34229.456417092,579.59,500.0,578.68,100.0
34229.457955485,579.5,100.0,578.68,100.0
34229.45911944,579.59,500.0,578.68,100.0
34229.461970399,579.5,100.0,578.68,100.0
34229.462141777,579.5,200.0,578.68,100.0
34229.46262187,579.5,100.0,578.68,100.0
34229.462773292,579.59,500.0,578.68,100.0
34229.46379701,579.5,100.0,578.68,100.0
34229.464853356,579.59,500.0,578.68,100.0
34229.465613689,579.5,100.0,578.68,100.0
34229.466718596,579.59,500.0,578.68,100.0
34229.469277975,579.5,100.0,578.68,100.0
34229.47035692,579.59,500.0,578.68,100.0
34229.471130052,579.5,100.0,578.68,100.0
34229.472187176,579.59,500.0,578.68,100.0
34229.473428637,579.5,100.0,578.68,100.0
34229.473585766,579.5,200.0,578.68,100.0
34229.474525136,579.5,100.0,578.68,100.0
34229.474672094,579.59,500.0,578.68,100.0
34229.475745915,579.5,100.0,578.68,100.0
34229.4768852,579.59,500.0,578.68,100.0
34229.478152996,579.5,100.0,578.68,100.0
34229.478803826,579.59,500.0,578.68,100.0
34229.481795144,579.5,100.0,578.68,100.0
34229.482876105,579.59,500.0,578.68,100.0
34229.483612623,579.5,100.0,578.68,100.0
34229.485102498,579.56,200.0,578.68,100.0
34229.515645685,579.56,200.0,578.28,450.0
34229.516336666,579.56,200.0,578.39,100.0
34229.51726743,579.56,200.0,578.28,450.0
34229.518357054,579.56,200.0,578.39,100.0
34229.519461883,579.56,200.0,578.28,450.0
34229.520647676,579.56,200.0,578.39,100.0
34229.521744476,579.56,200.0,578.28,450.0
34229.523003448,579.56,200.0,578.39,100.0
34229.524187231,579.56,200.0,578.28,450.0
34229.5254497,579.56,200.0,578.39,100.0
34229.526535748,579.56,200.0,578.28,450.0
34229.527348905,579.56,200.0,578.39,100.0
34229.528568249,579.56,200.0,578.28,450.0
34229.52984459,579.56,200.0,578.39,100.0
34229.530935266,579.56,200.0,578.28,450.0
34229.532124691,579.56,200.0,578.39,100.0
34229.532783048,579.56,200.0,578.28,450.0
34229.534045651,579.56,200.0,578.39,100.0
34229.535282679,579.56,200.0,578.28,450.0
34229.536440267,579.56,200.0,578.39,100.0
34229.537843444,579.56,200.0,578.28,450.0
34229.539023598,579.56,200.0,578.39,100.0
34229.540224363,579.56,200.0,578.28,450.0
34229.541455789,579.56,200.0,578.39,100.0
34229.542548457,579.56,200.0,578.28,450.0
34229.543804037,579.56,200.0,578.39,100.0
34229.544939627,579.56,200.0,578.28,450.0
34229.546220472,579.56,200.0,578.39,100.0
34229.547295038,579.56,200.0,578.28,450.0
34229.548044085,579.56,200.0,578.39,100.0
34229.549162726,579.56,200.0,578.28,450.0
34229.549913798,579.56,200.0,578.39,100.0
34229.550568455,579.56,200.0,578.28,450.0
34229.812848759,579.56,200.0,578.28,450.0
34230.002481853,579.56,200.0,578.28,100.0
34230.223348832,579.56,200.0,579.02,350.0
34230.223475193,579.56,200.0,579.02,259.0
34230.223548023,579.56,200.0,578.28,100.0
34232.540694487,579.56,200.0,577.93,300.0
34232.540740456,579.56,200.0,577.93,300.0
34232.540994955,579.56,200.0,578.28,100.0
34232.558800822,579.56,200.0,577.93,300.0
34232.558800822,579.56,200.0,577.93,300.0
34232.559118042,579.56,200.0,578.28,100.0
34232.559215782,579.56,200.0,577.93,300.0
34232.559215782,579.56,200.0,577.93,300.0
34232.55952806,579.56,200.0,578.28,100.0
34232.559735463,579.56,200.0,577.93,300.0
34232.559735463,579.56,200.0,577.93,300.0
34232.5599823,579.56,200.0,578.28,100.0
34232.800556946,579.56,200.0,578.28,200.0
34233.01388213,579.56,200.0,578.28,100.0
34233.014156599,579.56,200.0,578.28,200.0
34233.014172506,579.56,200.0,578.28,100.0
34233.05248325,579.56,200.0,578.28,200.0
34233.320121892,579.57,100.0,578.28,200.0
34233.320291096,579.59,500.0,578.28,200.0
34233.320305976,579.57,200.0,578.28,200.0
34233.320354507,579.57,400.0,578.28,200.0
34233.320464621,579.57,200.0,578.28,200.0
34233.320504774,579.58,100.0,578.28,200.0
34233.323655167,578.63,200.0,578.28,200.0
34233.32997973,578.63,200.0,578.28,200.0
34233.32997973,578.63,200.0,578.28,100.0
34233.33021984,578.63,200.0,578.28,200.0
34233.330225647,578.63,200.0,578.28,140.0
34233.330264837,578.63,200.0,578.28,100.0
34233.564581837,578.63,200.0,577.93,300.0
34233.564581837,578.63,200.0,577.93,300.0
34234.849006784,578.63,200.0,577.28,100.0
34236.217344815,578.63,200.0,577.3,100.0
34236.24609577,578.63,200.0,577.28,100.0
34236.24609577,578.63,200.0,577.32,100.0
34236.298731154,578.63,200.0,577.28,100.0
34236.327331665,578.63,200.0,577.36,100.0
34236.349253811,578.63,200.0,577.28,100.0
34236.349253811,578.63,200.0,577.38,100.0
34236.411980165,578.63,200.0,577.28,100.0
34236.411980165,578.63,200.0,577.4,100.0
34236.445706855,578.63,200.0,577.28,100.0
34236.445706855,578.63,200.0,577.42,100.0
34236.468933187,578.63,200.0,577.28,100.0
34236.468933187,578.63,200.0,577.44,100.0
34236.507989743,578.63,200.0,577.28,100.0
34236.520730988,578.63,200.0,577.3,100.0
34236.578460655,578.63,200.0,577.28,100.0
34236.607337569,578.63,200.0,577.34,100.0
34236.636153441,578.63,200.0,577.28,100.0
34236.636153441,578.63,200.0,577.36,100.0
34236.667265251,578.63,200.0,577.28,100.0
34236.667265251,578.63,200.0,577.38,100.0
34236.685497401,578.63,200.0,577.28,100.0
34236.685497401,578.63,200.0,577.4,100.0
34236.720333522,578.63,200.0,577.28,100.0
34236.720333522,578.63,200.0,577.42,100.0
34236.743343071,578.63,200.0,577.28,100.0
34236.743343071,578.63,200.0,577.44,100.0
34236.777268766,578.63,200.0,577.28,100.0
34236.816298451,578.63,200.0,577.3,100.0
34236.843714145,578.63,200.0,577.28,100.0
34236.843714145,578.63,200.0,577.32,100.0
34236.871928946,578.63,200.0,577.28,100.0
34236.871928946,578.63,200.0,577.34,100.0
34236.894805627,578.63,200.0,577.28,100.0
34236.929442331,578.63,200.0,577.3,100.0
34236.953909561,578.63,200.0,577.28,100.0
34236.953909561,578.63,200.0,577.32,100.0
34236.98830792,578.63,200.0,577.28,100.0
34236.98830792,578.63,200.0,577.34,100.0
34237.010415155,578.63,200.0,577.28,100.0
34237.046216038,578.63,200.0,577.3,100.0
34237.087609198,578.63,200.0,577.28,100.0
34237.087609198,578.63,200.0,577.32,100.0
34237.118619931,578.63,200.0,577.28,100.0
34237.118619931,578.63,200.0,577.34,100.0
34237.150454218,578.63,200.0,577.28,100.0
34237.150454218,578.63,200.0,577.36,100.0
34237.179920537,578.63,200.0,577.28,100.0
34237.179920537,578.63,200.0,577.38,100.0
34237.204551717,578.63,200.0,577.28,100.0
34237.239697919,578.63,200.0,577.3,100.0
34237.295790554,578.63,200.0,577.28,100.0
34237.35320967,578.63,200.0,577.3,100.0
34237.377077647,578.63,200.0,577.28,100.0
34237.444576954,578.63,200.0,577.3,100.0
34237.475712033,578.63,200.0,577.28,100.0
34237.494158171,578.63,200.0,577.3,100.0
34237.544448444,578.63,200.0,577.28,100.0
34237.580042976,578.63,200.0,577.34,100.0
34237.633686386,578.63,200.0,577.28,100.0
34237.639985706,578.63,200.0,577.28,100.0
34237.758605615,578.63,200.0,577.24,20.0
34237.758763103,578.63,200.0,577.28,400.0
34237.918268841,579.58,100.0,577.28,400.0
34237.918436135,579.58,200.0,577.28,400.0
34237.918486224,579.58,300.0,577.28,400.0
34237.918558615,579.58,500.0,577.28,400.0
34237.928797996,579.58,500.0,577.28,400.0
34237.928944641,579.58,400.0,577.28,400.0
34237.928993079,579.58,300.0,577.28,400.0
34237.929054007,579.58,100.0,577.28,400.0
34240.104069363,579.58,100.0,577.28,400.0
34243.035414864,578.15,200.0,577.28,400.0
34243.035590727,578.15,400.0,577.28,400.0
34243.136097462,578.15,200.0,577.28,400.0
34243.136243612,579.58,100.0,577.28,400.0
34243.151415922,579.58,100.0,577.28,400.0
34243.16231741,579.58,100.0,577.29,30.0
34245.255457099,578.04,13.0,577.29,30.0
34245.699886722,578.04,13.0,577.29,30.0
34245.699886722,578.04,13.0,577.28,400.0
34245.699886722,578.04,13.0,577.28,385.0
34245.70971711,578.04,13.0,577.36,3.0
34251.132113003,578.04,13.0,577.36,3.0
34251.132817272,579.58,100.0,577.36,3.0
34251.133658918,577.8,13.0,577.36,3.0
34251.150184642,577.8,13.0,577.36,3.0
34251.154558112,577.8,13.0,577.36,3.0
34251.156562692,577.8,13.0,577.36,3.0
34251.156562692,577.8,13.0,577.36,3.0
34251.158185259,577.8,13.0,577.36,3.0
34251.21643073,577.8,13.0,577.36,3.0
34251.216674662,577.8,13.0,577.36,3.0
34251.222189493,577.8,13.0,577.36,3.0
34251.237905132,577.8,13.0,577.36,3.0
34251.757232864,577.8,13.0,577.36,3.0
34251.761441498,577.8,13.0,577.36,3.0
34254.054588635,577.8,13.0,577.43,100.0
34257.587050397,577.8,13.0,577.43,100.0
34257.713401181,577.8,13.0,577.28,385.0
34259.507617627,577.8,13.0,577.28,385.0
34259.5076196,577.8,13.0,577.28,385.0
34259.507775779,577.8,13.0,577.28,385.0
34259.507891039,577.8,13.0,577.28,385.0
34259.508008648,577.8,13.0,577.28,385.0
34259.509229885,577.8,13.0,577.28,385.0
34259.509366122,577.8,13.0,577.28,385.0
34259.509508025,577.8,13.0,577.28,385.0
34259.509629471,579.59,500.0,577.28,385.0
34259.538853183,578.85,100.0,577.28,385.0
34259.539007621,578.85,200.0,577.28,385.0
34259.549148335,578.1,100.0,577.28,385.0
34259.54952459,578.1,100.0,577.28,385.0
34261.379343675,577.51,8.0,577.28,385.0
34261.37945997,578.1,100.0,577.28,385.0
34263.256699352,578.1,100.0,577.28,385.0
34263.35598571,578.1,100.0,577.28,385.0
34263.35598571,578.1,100.0,577.28,385.0
34263.611635898,577.51,6.0,577.28,385.0
34263.611742748,578.1,100.0,577.28,385.0
34268.710478237,579.59,500.0,577.28,385.0
34268.731169894,578.86,100.0,577.28,385.0
34268.73134783,578.86,200.0,577.28,385.0
34268.748543651,578.86,100.0,577.28,385.0
34268.944087088,578.86,100.0,577.43,100.0
34268.965037521,579.59,500.0,577.43,100.0
34269.868445896,577.96,2.0,577.43,100.0
34273.783262355,577.96,2.0,577.45,300.0
34274.215683904,577.96,2.0,577.43,100.0
34274.21583879,577.96,2.0,577.46,300.0
34274.367080149,577.96,2.0,577.43,100.0
34274.367257299,577.96,2.0,577.47,300.0
34274.719225034,577.96,2.0,577.43,100.0
34274.719363432,577.96,2.0,577.48,300.0
34274.878956295,577.96,2.0,577.43,100.0
34274.879094946,577.96,2.0,577.49,300.0
34275.281019829,577.96,2.0,577.43,100.0
34275.281170091,577.96,2.0,577.5,300.0
34278.032284851,577.96,2.0,577.0,7.0
34278.032524806,577.96,2.0,577.5,400.0
34280.400752578,577.96,2.0,577.51,100.0
34280.815268055,577.96,2.0,577.51,200.0
34281.292087631,577.96,2.0,577.54,100.0
34281.375355425,579.59,500.0,577.54,100.0
34281.375357868,579.59,500.0,577.54,100.0
34281.467153301,579.59,500.0,577.55,100.0
34281.669075023,579.59,500.0,577.55,200.0
34281.850410703,578.51,100.0,577.55,200.0
34281.850590773,578.51,200.0,577.55,200.0
34281.907951529,578.51,100.0,577.55,200.0
34281.908097977,579.59,500.0,577.55,200.0
34283.013064321,578.51,100.0,577.55,200.0
34283.01323278,578.51,200.0,577.55,200.0
34283.232319561,578.51,200.0,577.56,100.0
34283.232477704,578.51,100.0,577.56,100.0
34283.23350722,578.51,100.0,577.58,100.0
34283.263305766,579.59,500.0,577.58,100.0
34283.52636703,579.59,500.0,577.56,100.0
34283.527867267,579.59,500.0,577.55,100.0
34283.537705409,578.51,100.0,577.55,100.0
34283.537864709,578.51,200.0,577.55,100.0
34283.723091038,578.51,200.0,577.55,100.0
34283.723253345,578.51,100.0,577.55,100.0
34284.268502344,579.59,500.0,577.55,100.0
34284.293055091,578.51,100.0,577.55,100.0
34284.293222977,578.51,200.0,577.55,100.0
34284.53900007,578.51,100.0,577.55,100.0
34293.305556619,578.51,100.0,577.56,200.0
34293.339267584,579.59,500.0,577.56,200.0
34293.399839699,579.59,500.0,577.56,300.0
34298.383548936,579.59,500.0,577.56,300.0
34298.383845517,579.59,500.0,577.56,200.0
34302.238694119,578.5,100.0,577.56,200.0
34302.238871243,578.5,200.0,577.56,200.0
34302.50574014,578.5,200.0,577.56,300.0
34302.505893339,578.5,100.0,577.56,300.0
34304.417910483,578.5,100.0,577.56,100.0
34306.229804083,578.5,100.0,577.57,100.0
34306.976729335,578.5,100.0,577.55,100.0
34306.997836925,578.5,100.0,577.55,200.0
34306.998572394,578.5,100.0,577.55,100.0
34307.275814742,579.59,500.0,577.55,100.0
34308.02160299,579.59,500.0,577.54,100.0
34308.052913807,579.59,500.0,577.54,100.0
34308.751818481,579.59,500.0,577.57,100.0
34309.396295704,579.59,500.0,577.57,100.0
34312.005149305,578.17,2.0,577.57,100.0
34313.817734315,578.17,2.0,577.82,300.0
34314.011658762,579.59,500.0,577.82,300.0
34314.011873064,579.58,100.0,577.82,300.0
34314.012055658,579.58,200.0,577.82,300.0
34314.290648862,579.58,200.0,577.82,300.0
34314.290814586,579.58,100.0,577.82,300.0
34314.434401746,579.58,100.0,577.82,300.0
34318.271721333,579.58,100.0,577.82,300.0
34318.67053777,578.45,100.0,577.82,300.0
34318.670714916,578.45,200.0,577.82,300.0
34318.741686074,578.37,100.0,577.82,300.0
34320.254185099,578.37,100.0,577.57,100.0
34320.840798038,578.37,100.0,577.81,100.0
34321.653254642,578.37,100.0,577.57,100.0
34322.552615166,578.37,100.0,578.0,100.0
34324.36431213,578.37,100.0,578.0,500.0
34324.365502337,578.37,100.0,578.0,500.0
34324.367092511,578.37,100.0,578.0,500.0
34324.482830426,578.37,100.0,578.0,500.0
34325.375599224,579.58,100.0,578.0,500.0
34325.375768708,579.58,200.0,578.0,500.0
34325.38321017,579.58,200.0,578.0,500.0
34325.385711896,579.58,200.0,578.0,500.0
34325.385711896,579.58,200.0,578.0,500.0
34325.385711896,579.58,200.0,578.0,400.0
34325.385711896,579.58,200.0,577.83,300.0
34331.156735221,579.58,200.0,577.83,300.0
34331.713164493,579.58,200.0,577.83,400.0
34333.248237302,579.58,200.0,577.85,300.0
34333.295933256,578.37,5.0,577.85,300.0
34334.143631094,578.37,5.0,577.85,300.0
34335.003415519,579.58,200.0,577.85,300.0
34335.271811534,578.5,100.0,577.85,300.0
34335.430739579,578.31,200.0,577.85,300.0
34335.430909269,578.31,300.0,577.85,300.0
34335.458297734,578.3,100.0,577.85,300.0
34335.467443035,578.3,100.0,577.85,400.0
34336.409588015,578.3,100.0,577.85,300.0
34338.586386305,578.3,100.0,578.03,51.0
34338.58649912,578.3,100.0,577.85,300.0
34339.15643892,578.3,100.0,577.85,400.0
34340.062712195,578.3,100.0,577.85,400.0
34340.062712195,578.3,100.0,577.85,166.0
34340.062831299,578.3,100.0,577.85,103.0
34340.062837618,578.3,100.0,577.85,100.0
34340.062837618,578.3,100.0,577.85,4.0
34340.062974008,578.3,100.0,577.84,100.0
34340.062974008,578.3,100.0,577.84,7.0
34340.064028956,578.3,100.0,577.57,100.0
34343.186054186,578.3,100.0,577.88,100.0
34343.186182491,578.3,100.0,577.88,13.0
34343.186424662,578.3,100.0,577.57,100.0
34343.583987268,578.24,100.0,577.57,100.0
34343.584163965,578.24,200.0,577.57,100.0
34343.74952782,578.24,100.0,577.57,100.0
34344.702805391,578.24,100.0,577.57,100.0
34346.151441151,578.24,100.0,577.57,100.0
34346.362233068,578.24,100.0,577.57,100.0
34346.36316011,578.24,100.0,577.57,100.0
34346.964553113,578.2,100.0,577.57,100.0
34346.964728412,578.2,200.0,577.57,100.0
34347.35146607,578.2,100.0,577.57,100.0
34347.35161412,578.24,100.0,577.57,100.0
34347.433599081,578.18,100.0,577.57,100.0
34347.433765173,578.18,200.0,577.57,100.0
34347.875431978,578.18,100.0,577.57,100.0
34347.875584651,578.3,100.0,577.57,100.0
34348.430923671,578.3,100.0,577.3,100.0
34348.586493797,578.3,100.0,577.42,500.0
34348.809185317,578.3,100.0,577.42,500.0
34348.809185317,578.3,100.0,577.42,113.0
34349.133463286,578.16,200.0,577.42,113.0
34351.613955626,578.16,200.0,577.42,113.0
34353.23598189,578.21,30.0,577.42,113.0
34353.245457042,578.21,30.0,577.42,53.0
34353.246194602,578.21,30.0,577.3,100.0
34353.246912202,578.21,30.0,577.3,42.0
34353.247120658,578.21,30.0,577.0,107.0
34353.548100114,577.78,200.0,577.0,107.0
34359.274874454,578.21,30.0,577.0,107.0
34359.278711514,578.21,30.0,577.02,100.0
34359.335727905,578.21,30.0,577.0,107.0
34361.200463898,577.74,100.0,577.0,107.0
34363.656260867,578.21,30.0,577.0,107.0
34363.659022708,578.21,30.0,577.02,100.0
34363.662409376,578.21,30.0,577.0,107.0
34363.691349625,577.68,100.0,577.0,107.0
34364.226963077,577.68,100.0,577.1,100.0
34364.31336787,577.68,100.0,577.0,107.0
34364.31590427,577.68,100.0,577.17,100.0
34364.815491557,577.68,100.0,577.0,107.0
34364.8185974,577.68,100.0,577.18,100.0
34364.820972467,577.68,100.0,577.0,107.0
34364.824429113,577.68,100.0,577.18,100.0
34364.830554322,577.68,100.0,577.0,107.0
34364.837191954,577.68,100.0,577.18,100.0
34364.844004719,577.68,100.0,577.0,107.0
34364.850717157,577.68,100.0,577.18,100.0
34364.857829021,577.68,100.0,577.0,107.0
34364.864929835,577.68,100.0,577.18,100.0
34364.871495943,577.68,100.0,577.0,107.0
34364.878776847,577.68,100.0,577.18,100.0
34364.885532522,577.68,100.0,577.0,107.0
34364.892428376,577.68,100.0,577.18,100.0
34364.899615411,577.68,100.0,577.0,107.0
34364.906497781,577.68,100.0,577.18,100.0
34364.913149248,577.68,100.0,577.0,107.0
34364.920474698,577.68,100.0,577.18,100.0
34364.927202555,577.68,100.0,577.0,107.0
34364.933957602,577.68,100.0,577.18,100.0
34364.9404832,577.68,100.0,577.0,107.0
34364.947143077,577.68,100.0,577.18,100.0
34364.95362866,577.68,100.0,577.0,107.0
34364.960518839,577.68,100.0,577.18,100.0
34364.967678796,577.68,100.0,577.0,107.0
34364.974448671,577.68,100.0,577.18,100.0
34364.981293361,577.68,100.0,577.0,107.0
34364.988585301,577.68,100.0,577.18,100.0
34364.995669643,577.68,100.0,577.0,107.0
34365.002319332,577.68,100.0,577.18,100.0
34365.008849317,577.68,100.0,577.0,107.0
34365.016321943,577.68,100.0,577.18,100.0
34365.023156677,577.68,100.0,577.0,107.0
34365.030875018,577.68,100.0,577.18,100.0
34365.037317051,577.68,100.0,577.0,107.0
34365.043986761,577.68,100.0,577.18,100.0
34365.051110509,577.68,100.0,577.0,107.0
34365.057242516,577.68,100.0,577.18,100.0
34365.063862593,577.68,100.0,577.0,107.0
34365.070838919,577.68,100.0,577.18,100.0
34365.078114156,577.68,100.0,577.0,107.0
34365.084925208,577.68,100.0,577.18,100.0
34365.091954511,577.68,100.0,577.0,107.0
34365.094419379,577.68,100.0,577.24,100.0
34365.816322301,577.68,100.0,577.0,107.0
34366.201571544,578.21,30.0,577.0,107.0
34366.213194044,578.11,100.0,577.0,107.0
34366.241276759,577.78,100.0,577.0,107.0
34368.683769159,577.78,100.0,577.0,107.0
34368.683769159,577.78,100.0,577.0,107.0
34368.73295339,578.21,30.0,577.0,107.0
34368.733663803,578.12,100.0,577.0,107.0
34369.766914651,578.21,30.0,577.0,107.0
34369.766914651,578.14,100.0,577.0,107.0
34370.546033235,578.14,100.0,577.09,100.0
34370.559023732,578.21,30.0,577.09,100.0
34370.559023732,578.16,100.0,577.09,100.0
34370.559957379,578.21,30.0,577.09,100.0
34370.559957379,578.19,100.0,577.09,100.0
34370.560476404,578.21,30.0,577.09,100.0
34370.560476404,578.12,100.0,577.09,100.0
34370.566072531,578.21,30.0,577.09,100.0
34370.566072531,578.14,100.0,577.09,100.0
34370.566925289,578.21,30.0,577.09,100.0
34370.566925289,578.17,100.0,577.09,100.0
34370.567739661,578.21,30.0,577.09,100.0
34370.567739661,578.12,100.0,577.09,100.0
34370.569350265,578.21,30.0,577.09,100.0
34370.569350265,578.14,100.0,577.09,100.0
34370.56976817,578.21,30.0,577.09,100.0
34370.56976817,578.17,100.0,577.09,100.0
34370.570526383,578.21,30.0,577.09,100.0
34370.570526383,578.21,130.0,577.09,100.0
34370.595159411,578.21,30.0,577.09,100.0
34370.597288012,578.12,100.0,577.09,100.0
34372.805343323,578.21,30.0,577.09,100.0
34372.805343323,578.16,100.0,577.09,100.0
34373.088059677,578.16,100.0,577.0,107.0
34374.015465907,578.21,30.0,577.0,107.0
34374.015465907,578.18,100.0,577.0,107.0
34375.036749992,578.21,30.0,577.0,107.0
34375.036749992,578.19,100.0,577.0,107.0
34375.802448013,578.0,50.0,577.0,107.0
34376.554343306,577.67,100.0,577.0,107.0
34378.703059618,578.0,50.0,577.0,107.0
34378.742053074,577.61,100.0,577.0,107.0
34379.600368604,577.58,20.0,577.0,107.0
34379.600560069,577.58,50.0,577.0,107.0
34382.807318897,577.56,100.0,577.0,107.0
34383.35431402,577.5,20.0,577.0,107.0
34383.354442829,577.5,50.0,577.0,107.0
34384.359533612,577.5,30.0,577.0,107.0
34384.359533612,578.0,50.0,577.0,107.0
34384.386050864,577.51,100.0,577.0,107.0
34384.386155156,578.0,50.0,577.0,107.0
34384.536453378,578.0,50.0,577.18,100.0
34384.55573736,578.0,50.0,577.0,107.0
34385.482014395,578.0,50.0,577.18,100.0
34385.915775068,577.9,100.0,577.18,100.0
34385.93610277,577.9,100.0,577.0,107.0
34385.936265714,577.9,100.0,577.0,407.0
34385.936314278,577.9,100.0,577.0,507.0
34387.49748834,578.0,50.0,577.0,507.0
34387.497649286,578.0,50.0,577.0,207.0
34387.497695582,578.0,50.0,577.0,107.0
34388.004600127,578.0,50.0,577.31,100.0
34394.123792032,577.63,1.0,577.31,100.0
34397.167820826,577.63,1.0,577.31,105.0
34397.909532458,577.63,1.0,577.31,5.0
34397.978725179,577.54,1.0,577.31,5.0
34397.983262026,577.63,1.0,577.31,5.0
34400.302376448,577.63,1.0,577.31,5.0
34400.302556521,577.63,1.0,577.31,5.0
34400.302674642,578.0,50.0,577.31,5.0
34402.474463353,577.96,100.0,577.31,5.0
34404.487518642,577.95,100.0,577.31,5.0
34416.033387793,577.95,200.0,577.31,5.0
34416.037087135,577.95,100.0,577.31,5.0
34417.171005023,577.95,200.0,577.31,5.0
34419.17998631,577.95,100.0,577.31,5.0
34419.18051696,577.96,100.0,577.31,5.0
34419.632733496,577.96,100.0,577.0,107.0
34420.063635141,577.96,200.0,577.0,107.0
34420.096659217,577.96,100.0,577.0,107.0
34420.097867508,577.96,200.0,577.0,107.0
34420.140833058,577.96,100.0,577.0,107.0
34423.642073626,577.19,200.0,577.0,107.0
34424.746297188,577.96,100.0,577.0,107.0
34424.746763708,577.96,200.0,577.0,107.0
34424.778054003,577.96,200.0,577.0,105.0
34424.778054003,577.96,200.0,577.0,103.0
34424.778054003,577.96,200.0,577.0,100.0
34424.778054003,577.96,200.0,577.0,7.0
34424.778202822,577.96,200.0,576.75,100.0
34426.43664004,577.96,200.0,576.75,100.0
34435.826296061,577.42,100.0,576.75,100.0
34439.950177499,577.42,100.0,577.0,500.0
34439.994464353,577.96,200.0,577.0,500.0
34440.461281642,577.96,100.0,577.0,500.0
34444.315994556,578.0,50.0,577.0,500.0
34444.315994556,577.98,100.0,577.0,500.0
34444.316826801,578.0,50.0,577.0,500.0
34444.952715946,578.0,50.0,576.75,100.0
34446.528661508,578.0,150.0,576.75,100.0
34446.529071859,578.0,250.0,576.75,100.0
34447.127137079,578.0,150.0,576.75,100.0
34447.485431182,577.46,100.0,576.75,100.0
34447.486636363,578.0,150.0,576.75,100.0
34453.533315087,578.0,150.0,577.0,50.0
34453.662973938,578.0,50.0,577.0,50.0
34453.662973938,577.82,100.0,577.0,50.0
34453.707804625,578.0,50.0,577.0,50.0
34453.707804625,577.84,100.0,577.0,50.0
34453.70885166,578.0,50.0,577.0,50.0
34453.70885166,577.88,100.0,577.0,50.0
34453.71013296,578.0,50.0,577.0,50.0
34453.71013296,577.82,100.0,577.0,50.0
34455.654117169,577.82,100.0,577.0,150.0
34455.654287506,577.82,100.0,577.0,250.0
34455.657308255,577.82,100.0,577.0,350.0
34457.151031208,578.0,50.0,577.0,350.0
34457.151031208,577.84,100.0,577.0,350.0
34457.151552376,578.0,50.0,577.0,350.0
34457.151552376,577.88,100.0,577.0,350.0
34457.151922955,578.0,50.0,577.0,350.0
34457.151922955,577.9,100.0,577.0,350.0
34457.15303346,578.0,50.0,577.0,350.0
34457.15303346,577.82,100.0,577.0,350.0
34457.27316216,578.0,50.0,577.0,350.0
34457.27316216,577.84,100.0,577.0,350.0
34457.27356498,578.0,50.0,577.0,350.0
34457.27356498,577.88,100.0,577.0,350.0
34457.273933778,578.0,50.0,577.0,350.0
34457.273933778,577.93,100.0,577.0,350.0
34457.274333445,578.0,50.0,577.0,350.0
34457.27466706,577.82,100.0,577.0,350.0
34457.28415419,578.0,50.0,577.0,350.0
34457.28415419,577.84,100.0,577.0,350.0
34457.284560624,578.0,50.0,577.0,350.0
34457.284560624,577.88,100.0,577.0,350.0
34457.285076184,578.0,50.0,577.0,350.0
34457.285076184,577.93,100.0,577.0,350.0
34457.28548877,578.0,50.0,577.0,350.0
34457.286073635,577.82,100.0,577.0,350.0
34458.915522119,577.82,100.0,577.0,350.0
34461.133105184,578.0,50.0,577.0,350.0
34461.133105184,577.84,100.0,577.0,350.0
34461.133459697,578.0,50.0,577.0,350.0
34461.133459697,577.88,100.0,577.0,350.0
34461.134693327,578.0,50.0,577.0,350.0
34461.134693327,577.82,100.0,577.0,350.0
34464.291897059,578.0,50.0,577.0,350.0
34464.291897059,577.84,100.0,577.0,350.0
34464.292943326,578.0,50.0,577.0,350.0
34464.292943326,577.88,100.0,577.0,350.0
34464.546859157,578.0,50.0,577.0,350.0
34464.546859157,577.91,100.0,577.0,350.0
34464.6761406,578.0,50.0,577.0,350.0
34464.6761406,577.99,100.0,577.0,350.0
34465.640286458,578.0,50.0,577.0,350.0
34465.64774411,577.82,100.0,577.0,350.0
34466.785193918,578.0,50.0,577.0,350.0
34466.785193918,577.85,100.0,577.0,350.0
34467.517640797,577.85,100.0,577.0,250.0
34467.517809665,577.85,100.0,577.0,150.0
34467.517953137,577.85,100.0,577.0,50.0
34467.519965221,577.85,100.0,577.1,100.0
34467.520121626,577.85,100.0,577.1,200.0
34468.479083059,577.45,100.0,577.1,200.0
34469.92709425,577.45,100.0,577.1,200.0
34470.005899515,577.45,100.0,577.1,200.0
34470.005899515,577.45,100.0,577.4,11.0
34470.006013813,577.45,100.0,577.1,200.0
34470.313341769,577.85,100.0,577.1,200.0
34470.313836666,578.0,50.0,577.1,200.0
34470.313836666,577.86,100.0,577.1,200.0
34470.315704513,577.86,100.0,577.1,100.0
34470.315968686,577.86,100.0,577.0,50.0
34470.316821392,578.0,50.0,577.0,50.0
34470.316821392,577.91,100.0,577.0,50.0
34470.317806479,577.91,100.0,577.45,100.0
34470.318042402,577.91,100.0,577.45,200.0
34470.318217344,578.0,50.0,577.45,200.0
34470.712418593,578.0,50.0,577.45,100.0
34470.712792226,578.0,50.0,577.0,50.0
34470.715042745,578.0,50.0,577.45,100.0
34470.715397397,578.0,50.0,577.45,200.0
34470.92398922,578.0,50.0,577.45,100.0
34470.924831133,578.0,50.0,577.0,50.0
34470.926480101,578.0,50.0,577.45,100.0
34470.927189926,578.0,50.0,577.45,200.0
34471.60012344,577.8,100.0,577.45,200.0
34474.743797369,577.8,100.0,577.45,200.0
34476.792859807,577.8,100.0,577.45,200.0
34476.792859807,577.8,100.0,577.45,200.0
34476.792859807,577.8,100.0,577.45,200.0
34477.343400666,577.8,100.0,577.45,150.0
34481.747376682,577.8,100.0,577.45,150.0
34481.74953348,577.8,100.0,577.45,100.0
34481.749921634,577.8,200.0,577.45,100.0
34481.750069426,577.8,200.0,577.05,100.0
34481.752923404,577.8,200.0,577.45,100.0
34481.977647397,577.8,200.0,577.45,100.0
34481.98466662,577.8,200.0,577.45,100.0
34482.145131803,577.8,200.0,577.05,100.0
34482.147796891,577.8,200.0,577.45,100.0
34483.985649209,577.8,100.0,577.45,100.0
34485.038235526,577.8,100.0,577.45,100.0
34485.199394444,577.8,100.0,577.45,100.0
34485.199801229,577.8,100.0,577.45,100.0
34486.655981792,577.8,100.0,577.45,100.0
34491.803363028,577.8,140.0,577.45,100.0
34492.629305578,577.8,140.0,577.45,100.0
34492.757942839,577.8,140.0,577.05,100.0
34492.760070953,577.8,140.0,577.45,100.0
34492.958464715,577.8,140.0,577.05,100.0
34492.961854437,577.8,140.0,577.45,100.0
34500.101240563,577.8,140.0,577.5,100.0
34500.11653506,577.8,140.0,577.5,100.0
34500.15958421,577.8,140.0,577.53,100.0
34500.171394741,577.8,140.0,577.56,100.0
34500.18031266,577.8,140.0,577.59,100.0
34500.298623509,577.8,40.0,577.59,100.0
34500.535646653,577.8,40.0,577.59,100.0
34500.535805613,577.8,40.0,577.59,100.0
34500.535934337,577.8,40.0,577.59,100.0
34500.537753113,578.0,50.0,577.59,100.0
34500.555046789,578.0,50.0,577.66,100.0
34500.55515026,578.0,50.0,577.66,100.0
34500.55515026,578.56,100.0,577.66,100.0
34500.55515026,578.56,100.0,577.66,100.0
34500.559272168,578.56,100.0,577.66,200.0
34500.564329811,578.14,100.0,577.66,200.0
34500.564448262,578.56,100.0,577.66,200.0
34500.564448262,578.26,100.0,577.66,200.0
34500.5650724,578.22,100.0,577.66,200.0
34500.565302824,578.22,100.0,577.66,100.0
34500.565311324,578.03,100.0,577.66,100.0
34500.701605152,578.03,100.0,577.66,900.0
34500.783741434,578.22,100.0,577.66,900.0
34500.784256579,578.56,100.0,577.66,900.0
34500.784256579,578.37,100.0,577.66,900.0
34500.785465985,578.37,100.0,577.66,800.0
34500.787472745,578.37,100.0,578.02,100.0
34500.78794434,578.56,100.0,578.02,100.0
34500.78794434,578.42,100.0,578.02,100.0
34500.788600701,578.42,100.0,578.02,200.0
34500.791694111,578.56,100.0,578.02,200.0
34500.791694111,578.49,100.0,578.02,200.0
34500.791869186,578.49,300.0,578.02,200.0
34500.791928414,578.49,400.0,578.02,200.0
34500.792263863,578.49,300.0,578.02,200.0
34500.797066549,578.49,300.0,578.02,200.0
34501.762218289,578.49,300.0,578.02,200.0
34501.762218289,578.49,300.0,578.02,200.0
34501.764190909,578.49,300.0,578.02,200.0
34501.764190909,578.49,300.0,578.02,178.0
34501.767106458,578.49,300.0,578.02,78.0
34501.767190522,578.49,300.0,577.66,800.0
34502.853961216,578.14,200.0,577.66,800.0
34505.703505483,578.14,200.0,577.21,100.0
34506.293156055,578.14,200.0,577.65,100.0
34506.975429416,578.56,100.0,577.65,100.0
34506.975598219,578.56,300.0,577.65,100.0
34506.975648426,578.56,400.0,577.65,100.0
34506.975700438,578.56,500.0,577.65,100.0
34506.987535333,578.56,500.0,577.65,100.0
34506.987686298,578.56,300.0,577.65,100.0
34506.987728508,578.56,200.0,577.65,100.0
34506.98776164,578.56,100.0,577.65,100.0
34506.994552912,578.56,100.0,577.21,100.0
34507.00186021,578.56,100.0,577.66,100.0
34507.008714052,578.56,100.0,577.21,100.0
34507.046535988,578.19,100.0,577.21,100.0
34507.05706604,578.19,100.0,577.52,100.0
34507.061195302,578.19,100.0,577.21,100.0
34507.06358961,578.19,100.0,577.6,100.0
34509.321248613,578.19,100.0,577.6,100.0
34510.001989774,578.19,100.0,577.6,242.0
34511.28443865,577.81,100.0,577.6,242.0
34511.284775099,577.81,200.0,577.6,242.0
34511.288071662,577.81,200.0,577.6,242.0
34511.288182115,577.81,200.0,577.6,242.0
34511.378668085,577.81,100.0,577.6,242.0
34511.399128227,577.81,100.0,577.6,242.0
34511.42186063,577.81,100.0,577.6,242.0
34511.620045658,577.81,100.0,577.6,242.0
34511.622298092,577.81,100.0,577.6,142.0
34511.622442479,577.81,100.0,577.21,100.0
34511.653719125,577.81,100.0,577.6,142.0
34511.661826258,577.81,100.0,577.6,242.0
34511.992236359,577.81,100.0,577.6,242.0
34511.994618796,577.81,100.0,577.6,242.0
34511.994618796,577.81,100.0,577.6,242.0
34511.994618796,577.81,100.0,577.6,100.0
34511.994618796,577.81,100.0,577.21,100.0
34512.023756368,577.81,100.0,577.27,100.0
34512.109438035,577.81,100.0,577.21,100.0
34512.283082097,577.81,100.0,577.21,100.0
34512.28552684,577.81,100.0,577.21,100.0
34512.28552684,577.81,100.0,577.15,100.0
34518.999479043,577.73,100.0,577.15,100.0
34518.999663522,577.73,200.0,577.15,100.0
34522.501660647,577.73,200.0,577.22,100.0
34522.501817984,577.73,100.0,577.22,100.0
34525.028650585,577.81,100.0,577.22,100.0
34525.028830308,577.81,200.0,577.22,100.0
34525.028890826,577.81,300.0,577.22,100.0
34525.028954582,577.81,400.0,577.22,100.0
34525.029020955,577.81,500.0,577.22,100.0
34525.363227112,577.81,600.0,577.22,100.0
34525.363378134,577.81,500.0,577.22,100.0
34525.363424888,577.81,400.0,577.22,100.0
34525.363461463,577.81,300.0,577.22,100.0
34525.363527072,577.81,200.0,577.22,100.0
34525.452351777,577.81,100.0,577.22,100.0
34526.466803321,577.81,200.0,577.22,100.0
34526.471343109,577.81,100.0,577.22,100.0
34527.121971818,577.81,100.0,577.15,100.0
34527.134364591,577.81,100.0,577.22,100.0
34532.13004672,577.81,100.0,577.15,100.0
34532.130214278,577.81,100.0,577.41,100.0
34533.564519891,577.74,100.0,577.41,100.0
34536.004636958,577.81,100.0,577.41,100.0
34536.020532709,577.81,100.0,577.41,100.0
34536.020532709,577.81,100.0,577.41,6.0
34536.022756002,577.81,100.0,577.15,100.0
34537.569927332,577.81,200.0,577.15,100.0
34538.561461517,577.67,100.0,577.15,100.0
34538.561645909,577.67,200.0,577.15,100.0
34538.749352634,577.67,100.0,577.15,100.0
34540.208049602,577.67,100.0,577.15,100.0
34542.460466608,577.67,100.0,577.15,2100.0
34542.461655235,577.67,100.0,577.16,100.0
34548.544126623,577.67,100.0,577.15,2100.0
34556.717049546,577.67,200.0,577.15,2100.0
34557.676316526,577.67,100.0,577.15,2100.0
34559.170471944,577.67,100.0,577.2,100.0
34559.274953421,577.67,100.0,577.22,100.0
34563.153483595,577.93,100.0,577.22,100.0
34563.154016439,578.0,1200.0,577.22,100.0
34563.154016439,578.0,1300.0,577.22,100.0
34563.165083844,578.0,1300.0,577.22,100.0
34563.95565136,578.0,1300.0,577.22,100.0
34563.95565136,578.0,1300.0,577.22,100.0
34563.960981256,578.0,1300.0,577.22,100.0
34563.960981256,578.0,1300.0,577.22,100.0
34563.960981256,578.0,1300.0,577.22,100.0
34563.960981256,578.0,1300.0,577.2,100.0
34563.983262104,577.48,100.0,577.2,100.0
34563.989562411,578.0,1300.0,577.2,100.0
34563.989691181,578.0,1300.0,577.2,100.0
34563.989914726,577.22,100.0,577.2,100.0
34563.99001247,578.0,1300.0,577.2,100.0
34563.99001247,578.0,1300.0,577.2,100.0
34563.990016914,578.0,1300.0,577.2,100.0
34563.990024009,578.0,1300.0,577.2,100.0
34563.990034916,578.0,1300.0,577.2,100.0
34563.990036189,578.0,1300.0,577.2,100.0
34563.990042095,578.0,1300.0,577.2,100.0
34563.990044346,578.0,1300.0,577.2,100.0
34563.990132292,578.0,1300.0,577.2,100.0
34563.990150722,578.0,1300.0,577.2,100.0
34563.990270284,577.22,100.0,577.2,100.0
34563.990360158,578.0,1300.0,577.2,100.0
34563.990368416,578.0,1300.0,577.2,100.0
34563.99037024,578.0,1300.0,577.2,100.0
34563.99038432,578.0,1300.0,577.2,100.0
34563.990389929,578.0,1300.0,577.2,100.0
34563.99051159,578.0,1300.0,577.2,100.0
34563.990615761,577.22,100.0,577.2,100.0
34563.990706564,577.22,46.0,577.2,100.0
34563.990708134,578.0,1300.0,577.2,100.0
34563.990708134,578.0,1300.0,577.2,100.0
34563.990718324,578.0,1300.0,577.2,100.0
34563.990746493,578.0,1300.0,577.15,2100.0
34563.990946609,577.22,100.0,577.15,2100.0
34563.991026983,578.0,1300.0,577.15,2100.0
34563.991256316,577.22,100.0,577.15,2100.0
34563.991504421,578.0,1300.0,577.15,2100.0
34563.991723235,577.22,100.0,577.15,2100.0
34563.991830745,578.0,1300.0,577.15,2100.0
34563.99205442,577.22,100.0,577.15,2100.0
34563.992482989,578.0,1300.0,577.15,2100.0
34563.992703854,577.22,100.0,577.15,2100.0
34563.993438666,577.22,100.0,577.15,2000.0
34563.99598048,578.0,1300.0,577.15,2000.0
34563.996217745,577.22,100.0,577.15,2000.0
34563.996558795,577.22,100.0,577.15,1200.0
34563.997888323,578.0,1300.0,577.15,1200.0
34563.998104535,577.22,100.0,577.15,1200.0
34564.009188404,577.22,100.0,577.15,1200.0
34564.063881034,577.22,100.0,577.15,1200.0
34564.076730461,578.0,1300.0,577.15,1200.0
34564.077111546,577.22,100.0,577.15,1200.0
34564.089204756,578.0,1300.0,577.15,1200.0
34564.089574686,577.22,100.0,577.15,1200.0
34564.092849921,578.0,1300.0,577.15,1200.0
34564.093189746,577.22,100.0,577.15,1200.0
34564.990302791,577.22,100.0,577.15,1200.0
34564.990302791,577.22,100.0,577.15,1200.0
34565.007066888,577.22,100.0,577.15,1200.0
34565.007066888,577.22,100.0,577.15,1200.0
34565.179306031,577.22,100.0,577.15,1200.0
34565.179306031,578.0,1300.0,577.15,1200.0
34565.179306031,578.0,1300.0,577.15,1200.0
34565.179558356,577.22,100.0,577.15,1200.0
34565.180178205,577.22,47.0,577.15,1200.0
34565.180381615,577.22,147.0,577.15,1200.0
34565.180449843,577.22,100.0,577.15,1200.0
34565.180755786,578.0,1300.0,577.15,1200.0
34565.180965477,577.22,100.0,577.15,1200.0
34565.181058962,577.22,87.0,577.15,1200.0
34565.181296973,577.22,187.0,577.15,1200.0
34565.181785042,577.22,100.0,577.15,1200.0
34565.181785042,577.22,87.0,577.15,1200.0
34565.182013771,577.22,187.0,577.15,1200.0
34565.226323539,577.22,100.0,577.15,1200.0
34565.226328312,578.0,1300.0,577.15,1200.0
34565.226674681,577.22,100.0,577.15,1200.0
34565.232441036,578.0,1300.0,577.15,1200.0
34565.232797339,577.22,100.0,577.15,1200.0
34565.23582549,578.0,1300.0,577.15,1200.0
34565.236172538,577.22,100.0,577.15,1200.0
34565.256608528,578.0,1300.0,577.15,1200.0
34565.256954401,577.24,100.0,577.15,1200.0
34565.260086799,578.0,1300.0,577.15,1200.0
34565.26041755,577.22,100.0,577.15,1200.0
34565.448652887,578.0,1300.0,577.15,1200.0
34565.44888453,577.22,100.0,577.15,1200.0
34565.471773162,577.22,100.0,577.15,1100.0
34565.471866128,577.22,100.0,577.15,1000.0
34565.471963769,577.22,100.0,577.15,800.0
34565.472039427,577.22,100.0,577.06,100.0
34565.47276616,577.22,100.0,577.06,100.0
34565.47276616,577.22,100.0,577.06,100.0
34565.47276616,577.22,100.0,577.06,4.0
34565.479339755,577.22,100.0,576.84,65.0
34569.554047262,577.09,60.0,576.84,65.0
34569.848903499,577.09,60.0,576.6,100.0
34569.978485456,577.09,60.0,576.66,1000.0
34571.558925995,577.22,100.0,576.66,1000.0
34571.559107916,577.04,60.0,576.66,1000.0
34572.697564562,577.04,60.0,576.66,1060.0
34574.575544811,577.04,260.0,576.66,1060.0
34574.601831641,577.04,200.0,576.66,1060.0
34574.602028265,577.0,60.0,576.66,1060.0
34574.980477563,577.0,60.0,576.66,60.0
34576.977738038,577.0,60.0,576.66,60.0
34576.978414126,577.04,200.0,576.66,60.0
34576.978881816,577.04,200.0,576.66,60.0
34576.979170404,577.04,200.0,576.66,60.0
34576.979170404,577.04,110.0,576.66,60.0
34576.984096047,577.04,110.0,576.66,60.0
34576.984221484,577.04,110.0,576.66,60.0
34576.984221484,577.04,110.0,576.66,60.0
34577.176353062,577.04,110.0,576.66,60.0
34577.176478842,577.04,110.0,576.66,60.0
34577.176478842,577.04,110.0,576.66,60.0
34577.186712481,577.04,110.0,576.66,60.0
34577.186804247,577.04,110.0,576.66,60.0
34577.186804247,577.04,70.0,576.66,60.0
34577.187043555,577.04,170.0,576.66,60.0
34577.187734185,577.04,100.0,576.66,60.0
34577.187734185,577.04,70.0,576.66,60.0
34577.59326713,577.22,100.0,576.66,60.0
34583.547969932,577.1,70.0,576.66,60.0
34585.088071776,577.1,70.0,576.67,50.0
34585.642257342,577.1,70.0,576.68,100.0
34585.642420023,577.1,70.0,576.68,200.0
34585.644801784,577.1,70.0,576.68,203.0
34585.645403828,577.1,70.0,576.69,50.0
34585.65875005,577.22,100.0,576.69,50.0
34588.678418608,578.0,1200.0,576.69,50.0
34588.678681073,577.22,100.0,576.69,50.0
34588.680969395,578.0,1200.0,576.69,50.0
34588.680969395,578.0,1200.0,576.69,50.0
34588.681268214,577.22,100.0,576.69,50.0
34588.695183941,577.22,100.0,576.82,100.0
34588.697050766,578.0,1200.0,576.82,100.0
34588.697425738,577.77,100.0,576.82,100.0
34588.697502455,577.22,100.0,576.82,100.0
34588.698550427,577.22,100.0,576.83,50.0
34588.713266714,577.22,100.0,576.84,3.0
34588.715964904,577.22,100.0,576.85,50.0
34588.726269221,577.22,97.0,576.85,50.0
34588.726555777,577.22,197.0,576.85,50.0
34588.728637765,577.22,197.0,576.89,100.0
34588.731216479,577.22,197.0,576.9,50.0
34590.436440012,577.22,100.0,576.9,50.0
34590.436440012,577.22,97.0,576.9,50.0
34590.436712831,577.22,197.0,576.9,50.0
34591.454696053,577.22,100.0,576.9,50.0
34591.454696053,577.77,100.0,576.9,50.0
34591.454696053,577.77,100.0,576.9,50.0
34591.454827803,577.77,100.0,576.9,50.0
34591.454842869,577.77,100.0,576.9,50.0
34591.455016506,577.22,100.0,576.9,50.0
34591.455152855,577.77,100.0,576.9,50.0
34591.455440107,577.22,100.0,576.9,50.0
34591.455953836,577.22,88.0,576.9,50.0
34591.456187105,577.22,188.0,576.9,50.0
34591.456922075,577.22,100.0,576.9,50.0
34591.456922075,577.22,88.0,576.9,50.0
34591.45721589,577.22,188.0,576.9,50.0
34591.462197697,577.22,188.0,577.16,100.0
34591.465662561,577.22,100.0,577.16,100.0
34591.465662561,577.78,100.0,577.16,100.0
34591.465958994,577.22,100.0,577.16,100.0
34591.939426482,577.22,100.0,576.66,60.0
34592.603197727,577.17,200.0,576.66,60.0
34592.604554354,577.17,300.0,576.66,60.0
34592.695821325,577.17,200.0,576.66,60.0
34598.069911624,577.22,100.0,576.66,60.0
34599.005800727,577.22,200.0,576.66,60.0
34599.89970667,577.2,100.0,576.66,60.0
34603.468124549,577.2,100.0,576.72,100.0
34605.324944644,577.13,100.0,576.72,100.0
34607.54154583,577.13,100.0,576.66,60.0
34607.541698045,577.13,100.0,576.6,300.0
34607.541698045,577.13,100.0,576.6,300.0
34607.541901795,577.13,100.0,576.6,300.0
34607.541901795,577.13,100.0,576.6,266.0
34607.542885809,577.13,100.0,576.6,200.0
34607.542885809,577.13,100.0,576.6,166.0
34607.542977905,577.13,100.0,576.6,66.0
34607.542990993,577.13,100.0,576.25,1.0
34607.542990993,577.13,100.0,576.25,1.0
34607.543187255,577.13,100.0,576.6,66.0
34607.546156712,577.13,100.0,576.25,1.0
34607.743667465,577.13,100.0,576.26,100.0
34607.754631141,577.13,100.0,576.27,100.0
34607.75597322,577.13,100.0,576.32,100.0
34607.827858606,577.13,100.0,576.41,100.0
34608.882892951,577.12,100.0,576.41,100.0
34610.261520584,577.12,100.0,576.25,1.0
34610.262100325,577.12,100.0,576.32,100.0
34610.280763876,577.12,100.0,576.4,100.0
34610.306297089,577.12,100.0,576.25,1.0
34610.306911623,577.12,100.0,576.32,100.0
34610.320825865,577.12,100.0,576.4,100.0
34610.322691669,577.12,100.0,576.25,1.0
34610.323294981,577.12,100.0,576.32,100.0
34610.35380242,577.12,100.0,576.4,100.0
34611.944907789,577.12,100.0,576.4,100.0
34611.946608098,577.12,100.0,576.25,1.0
34611.94719853,577.12,100.0,576.32,100.0
34611.955033986,577.12,100.0,576.41,10.0
34612.00481228,577.12,100.0,576.44,100.0
34612.005482952,577.12,100.0,576.41,10.0
34613.659348051,577.07,100.0,576.41,10.0
34615.407592235,577.07,200.0,576.41,10.0
34617.579178039,577.07,200.0,576.42,100.0
34617.579852132,577.07,200.0,576.33,100.0
34617.580481515,577.07,200.0,576.34,100.0
34617.608876315,577.07,200.0,576.42,100.0
34617.612422593,577.07,200.0,576.33,100.0
34617.613013139,577.07,200.0,576.34,100.0
34617.642045222,577.07,200.0,576.41,100.0
34617.7502607,577.07,200.0,576.33,100.0
34618.578407583,577.07,200.0,576.34,100.0
34618.719873629,577.07,200.0,576.42,100.0
34618.724898081,577.07,200.0,576.33,100.0
34618.725516909,577.07,200.0,576.34,100.0
34618.755136648,577.07,200.0,576.42,100.0
34618.755889005,577.07,200.0,576.33,100.0
34618.756478089,577.07,200.0,576.34,100.0
34618.785124106,577.07,200.0,576.42,100.0
34618.788612133,577.07,200.0,576.33,100.0
34618.789195851,577.07,200.0,576.34,100.0
34618.820136257,577.07,200.0,576.41,100.0
34619.549769927,577.07,200.0,576.25,1.0
34619.550353618,577.07,200.0,576.32,100.0
34619.581113566,577.07,200.0,576.4,100.0
34619.665090624,577.07,200.0,576.25,1.0
34619.665682196,577.07,200.0,576.32,100.0
34619.695807113,577.07,200.0,576.4,100.0
34619.696565061,577.07,200.0,576.25,1.0
34619.697148251,577.07,200.0,576.32,100.0
34619.716904031,577.07,200.0,576.4,100.0
34619.717647253,577.07,200.0,576.25,1.0
34619.718230108,577.07,200.0,576.32,100.0
34619.746831808,577.07,200.0,576.4,100.0
34619.747605422,577.07,200.0,576.25,1.0
34619.748210795,577.07,200.0,576.32,100.0
34619.777839061,577.07,200.0,576.4,100.0
34619.778637557,577.07,200.0,576.25,1.0
34619.77921825,577.07,200.0,576.32,100.0
34619.808940507,577.07,200.0,576.4,100.0
34619.80970016,577.07,200.0,576.25,1.0
34619.810327462,577.07,200.0,576.32,100.0
34619.840108484,577.07,200.0,576.4,100.0
34619.840872195,577.07,200.0,576.25,1.0
34619.841473337,577.07,200.0,576.32,100.0
34619.870850341,577.07,200.0,576.4,100.0
34619.871603143,577.07,200.0,576.25,1.0
34619.872206194,577.07,200.0,576.32,100.0
34619.900861116,577.07,200.0,576.4,100.0
34619.90162064,577.07,200.0,576.25,1.0
34619.902266258,577.07,200.0,576.32,100.0
34619.931122616,577.07,200.0,576.4,100.0
34619.931867551,577.07,200.0,576.25,1.0
34619.932478099,577.07,200.0,576.32,100.0
34619.96284902,577.07,200.0,576.4,100.0
34619.963512159,577.07,200.0,576.25,1.0
34619.964108617,577.07,200.0,576.32,100.0
34619.992776884,577.07,200.0,576.4,100.0
34619.993524161,577.07,200.0,576.25,1.0
34619.994115469,577.07,200.0,576.32,100.0
34620.024797651,577.07,200.0,576.4,100.0
34620.025557778,577.07,200.0,576.25,1.0
34620.026151677,577.07,200.0,576.32,100.0
34620.056825998,577.07,200.0,576.4,100.0
34620.057581708,577.07,200.0,576.25,1.0
34620.058197595,577.07,200.0,576.32,100.0
34620.086993072,577.07,200.0,576.4,100.0
34620.087742975,577.07,200.0,576.25,1.0
34620.088351815,577.07,200.0,576.32,100.0
34620.118909628,577.07,200.0,576.4,100.0
34620.119577784,577.07,200.0,576.25,1.0
34620.120188098,577.07,200.0,576.32,100.0
34620.149821479,577.07,200.0,576.4,100.0
34620.150570496,577.07,200.0,576.25,1.0
34620.151172231,577.07,200.0,576.32,100.0
34620.182803711,577.07,200.0,576.4,100.0
34620.183574239,577.07,200.0,576.25,1.0
34620.184175862,577.07,200.0,576.32,100.0
34620.21785621,577.07,200.0,576.4,100.0
34620.218603827,577.07,200.0,576.25,1.0
34620.219215249,577.07,200.0,576.32,100.0
34620.248983609,577.07,200.0,576.4,100.0
34620.249666026,577.07,200.0,576.25,1.0
34620.250284671,577.07,200.0,576.32,100.0
34620.279131748,577.07,200.0,576.4,100.0
34620.279891848,577.07,200.0,576.25,1.0
34620.280521532,577.07,200.0,576.32,100.0
34620.31180926,577.07,200.0,576.4,100.0
34620.312670421,577.07,200.0,576.25,1.0
34620.31327773,577.07,200.0,576.32,100.0
34620.342921238,577.07,200.0,576.4,100.0
34620.343674023,577.07,200.0,576.25,1.0
34620.344290066,577.07,200.0,576.32,100.0
34620.373799756,577.07,200.0,576.4,100.0
34620.374519501,577.07,200.0,576.25,1.0
34620.37513516,577.07,200.0,576.32,100.0
34620.404847797,577.07,200.0,576.4,100.0
34620.405522576,577.07,200.0,576.25,1.0
34620.40610178,577.07,200.0,576.32,100.0
34620.434796704,577.07,200.0,576.4,100.0
34620.435543407,577.07,200.0,576.25,1.0
34620.436124649,577.07,200.0,576.32,100.0
34620.466825243,577.07,200.0,576.4,100.0
34620.467573796,577.07,200.0,576.25,1.0
34620.468160842,577.07,200.0,576.32,100.0
34620.500069107,577.07,200.0,576.4,100.0
34620.500821221,577.07,200.0,576.25,1.0
34620.501433514,577.07,200.0,576.32,100.0
34620.530104919,577.07,200.0,576.4,100.0
34620.530854897,577.07,200.0,576.25,1.0
34620.531474073,577.07,200.0,576.32,100.0
34620.563054306,577.07,200.0,576.4,100.0
34620.563813766,577.07,200.0,576.25,1.0
34620.564430378,577.07,200.0,576.32,100.0
34620.594448885,577.07,200.0,576.4,100.0
34620.595201935,577.07,200.0,576.25,1.0
34620.595788587,577.07,200.0,576.32,100.0
34620.623799457,577.07,200.0,576.4,100.0
34620.62455256,577.07,200.0,576.25,1.0
34620.625141052,577.07,200.0,576.32,100.0
34620.65480854,577.07,200.0,576.4,100.0
34620.655555575,577.07,200.0,576.25,1.0
34620.656147046,577.07,200.0,576.32,100.0
34620.65938792,577.07,100.0,576.32,100.0
34620.684853904,577.07,100.0,576.4,100.0
34620.685606201,577.07,100.0,576.25,1.0
34620.68621715,577.07,100.0,576.32,100.0
34620.714917414,577.07,100.0,576.4,100.0
34620.715672945,577.07,100.0,576.25,1.0
34620.71625447,577.07,100.0,576.32,100.0
34620.746067871,577.07,100.0,576.4,100.0
34620.746852099,577.07,100.0,576.25,1.0
34620.747465058,577.07,100.0,576.32,100.0
34620.778851996,577.07,100.0,576.4,100.0
34620.779614185,577.07,100.0,576.25,1.0
34620.780243403,577.07,100.0,576.32,100.0
34620.810830263,577.07,100.0,576.4,100.0
34620.811533516,577.07,100.0,576.25,1.0
34620.812133659,577.07,100.0,576.32,100.0
34620.842123018,577.07,100.0,576.4,100.0
34620.842776908,577.07,100.0,576.25,1.0
34620.843399771,577.07,100.0,576.32,100.0
34620.87282359,577.07,100.0,576.4,100.0
34620.873492178,577.07,100.0,576.25,1.0
34620.874108114,577.07,100.0,576.32,100.0
34620.903141734,577.07,100.0,576.4,100.0
34620.903887215,577.07,100.0,576.25,1.0
34620.90449486,577.07,100.0,576.32,100.0
34620.932871636,577.07,100.0,576.4,100.0
34620.933613965,577.07,100.0,576.25,1.0
34620.934211102,577.07,100.0,576.32,100.0
34620.962835147,577.07,100.0,576.4,100.0
34620.963578421,577.07,100.0,576.25,1.0
34620.964194187,577.07,100.0,576.32,100.0
34620.995862954,577.07,100.0,576.4,100.0
34620.996538916,577.07,100.0,576.25,1.0
34620.997150455,577.07,100.0,576.32,100.0
34621.025917316,577.07,100.0,576.4,100.0
34621.026664253,577.07,100.0,576.25,1.0
34621.027287057,577.07,100.0,576.32,100.0
34621.056086626,577.07,100.0,576.4,100.0
34621.056756685,577.07,100.0,576.25,1.0
34621.05739086,577.07,100.0,576.32,100.0
34621.087167024,577.07,100.0,576.4,100.0
34621.087919361,577.07,100.0,576.25,1.0
34621.088555846,577.07,100.0,576.32,100.0
34621.117005386,577.07,100.0,576.4,100.0
34621.117761575,577.07,100.0,576.25,1.0
34621.118377331,577.07,100.0,576.32,100.0
34621.147095174,577.07,100.0,576.4,100.0
34621.14784628,577.07,100.0,576.25,1.0
34621.14844681,577.07,100.0,576.32,100.0
34621.180829278,577.07,100.0,576.4,100.0
34621.181576111,577.07,100.0,576.25,1.0
34621.182175144,577.07,100.0,576.32,100.0
34621.211955018,577.07,100.0,576.4,100.0
34621.212608879,577.07,100.0,576.25,1.0
34621.213233297,577.07,100.0,576.32,100.0
34621.24195168,577.07,100.0,576.4,100.0
34621.242703994,577.07,100.0,576.25,1.0
34621.243308559,577.07,100.0,576.32,100.0
34621.273971286,577.07,100.0,576.4,100.0
34621.274642032,577.07,100.0,576.25,1.0
34621.275272201,577.07,100.0,576.32,100.0
34621.304968378,577.07,100.0,576.4,100.0
34621.305717228,577.07,100.0,576.25,1.0
34621.306357784,577.07,100.0,576.32,100.0
34621.338204983,577.07,100.0,576.4,100.0
34621.338867059,577.07,100.0,576.25,1.0
34621.339485814,577.07,100.0,576.32,100.0
34621.368988275,577.07,100.0,576.4,100.0
34621.369728954,577.07,100.0,576.25,1.0
34621.370317303,577.07,100.0,576.32,100.0
34621.399214859,577.07,100.0,576.4,100.0
34621.399958567,577.07,100.0,576.25,1.0
34621.400565746,577.07,100.0,576.32,100.0
34621.429971911,577.07,100.0,576.4,100.0
34621.430645324,577.07,100.0,576.25,1.0
34621.431295157,577.07,100.0,576.32,100.0
34621.462199174,577.07,100.0,576.4,100.0
34621.462934284,577.07,100.0,576.25,1.0
34621.463545642,577.07,100.0,576.32,100.0
34621.493145174,577.07,100.0,576.4,100.0
34621.493805889,577.07,100.0,576.25,1.0
34621.49438661,577.07,100.0,576.32,100.0
34621.519612513,577.05,100.0,576.32,100.0
34621.524004364,577.05,100.0,576.4,100.0
34621.524757971,577.05,100.0,576.25,1.0
34621.525396519,577.05,100.0,576.32,100.0
34621.555149145,577.05,100.0,576.4,100.0
34621.555898259,577.05,100.0,576.25,1.0
34621.556518206,577.05,100.0,576.32,100.0
34621.585174388,577.05,100.0,576.4,100.0
34621.585926262,577.05,100.0,576.25,1.0
34621.586531489,577.05,100.0,576.32,100.0
34621.61998385,577.05,100.0,576.4,100.0
34621.620736954,577.05,100.0,576.25,1.0
34621.621354972,577.05,100.0,576.32,100.0
34621.68286566,577.05,100.0,576.4,100.0
34621.683615989,577.05,100.0,576.25,1.0
34621.684235029,577.05,100.0,576.32,100.0
34621.713860568,577.05,100.0,576.4,100.0
34621.714603226,577.05,100.0,576.25,1.0
34621.715225548,577.05,100.0,576.32,100.0
34621.743957588,577.05,100.0,576.4,100.0
34621.744706194,577.05,100.0,576.25,1.0
34621.745356613,577.05,100.0,576.32,100.0
34621.774241331,577.05,100.0,576.4,100.0
34621.774989216,577.05,100.0,576.25,1.0
34621.775577124,577.05,100.0,576.32,100.0
34621.804976012,577.05,100.0,576.4,100.0
34621.805677701,577.05,100.0,576.25,1.0
34621.806293104,577.05,100.0,576.32,100.0
34621.834946265,577.05,100.0,576.4,100.0
34621.835685234,577.05,100.0,576.25,1.0
34621.836326662,577.05,100.0,576.32,100.0
34621.868898912,577.05,100.0,576.4,100.0
34621.869643784,577.05,100.0,576.25,1.0
34621.870243089,577.05,100.0,576.32,100.0
34621.898913709,577.05,100.0,576.4,100.0
34621.899666976,577.05,100.0,576.25,1.0
34621.900283773,577.05,100.0,576.32,100.0
34621.938924977,577.05,100.0,576.4,100.0
34621.939681443,577.05,100.0,576.25,1.0
34621.940328568,577.05,100.0,576.32,100.0
34621.974214844,577.05,100.0,576.4,100.0
34621.974874082,577.05,100.0,576.25,1.0
34621.975519234,577.05,100.0,576.32,100.0
34622.010928076,577.05,100.0,576.4,100.0
34622.011716219,577.05,100.0,576.25,1.0
34622.01233002,577.05,100.0,576.32,100.0
34622.043883296,577.05,100.0,576.4,100.0
34622.044563648,577.05,100.0,576.25,1.0
34622.045197449,577.05,100.0,576.32,100.0
34622.077046931,577.05,100.0,576.4,100.0
34622.07770037,577.05,100.0,576.25,1.0
34622.078337101,577.05,100.0,576.32,100.0
34622.107118563,577.05,100.0,576.4,100.0
34622.107864822,577.05,100.0,576.25,1.0
34622.108469831,577.05,100.0,576.32,100.0
34622.131399297,577.04,100.0,576.32,100.0
34622.145857028,577.04,100.0,576.4,100.0
34622.146614691,577.04,100.0,576.25,1.0
34622.147208599,577.04,100.0,576.32,100.0
34622.182859537,577.04,100.0,576.4,100.0
34622.183621928,577.04,100.0,576.25,1.0
34622.184229621,577.04,100.0,576.32,100.0
34622.218211814,577.04,100.0,576.4,100.0
34622.21898345,577.04,100.0,576.25,1.0
34622.219587501,577.04,100.0,576.32,100.0
34622.249201296,577.04,100.0,576.4,100.0
34622.249954307,577.04,100.0,576.25,1.0
34622.250557473,577.04,100.0,576.32,100.0
34622.279916596,577.04,100.0,576.4,100.0
34622.280658884,577.04,100.0,576.25,1.0
34622.281281869,577.04,100.0,576.32,100.0
34622.310095335,577.04,100.0,576.4,100.0
34622.310751532,577.04,100.0,576.25,1.0
34622.311371095,577.04,100.0,576.32,100.0
34622.342208263,577.04,100.0,576.4,100.0
34622.343164452,577.04,100.0,576.25,1.0
34622.343777232,577.04,100.0,576.32,100.0
34622.374140524,577.04,100.0,576.4,100.0
34622.375108117,577.04,100.0,576.25,1.0
34622.375727737,577.04,100.0,576.32,100.0
34622.40497297,577.04,100.0,576.4,100.0
34622.405950496,577.04,100.0,576.25,1.0
34622.406567017,577.04,100.0,576.32,100.0
34622.436196449,577.04,100.0,576.4,100.0
34622.436854585,577.04,100.0,576.25,1.0
34622.437457802,577.04,100.0,576.32,100.0
34622.467036978,577.04,100.0,576.4,100.0
34622.468005545,577.04,100.0,576.25,1.0
34622.468610989,577.04,100.0,576.32,100.0
34622.497873703,577.04,100.0,576.4,100.0
34622.498830338,577.04,100.0,576.25,1.0
34622.499441183,577.04,100.0,576.32,100.0
34622.528909942,577.04,100.0,576.4,100.0
34622.529895147,577.04,100.0,576.25,1.0
34622.530517055,577.04,100.0,576.32,100.0
34622.562206061,577.04,100.0,576.4,100.0
34622.563207589,577.04,100.0,576.31,100.0
34622.563829923,577.04,100.0,576.32,100.0
34622.593948427,577.04,100.0,576.4,100.0
34622.594926357,577.04,100.0,576.31,100.0
34622.595527458,577.04,100.0,576.32,100.0
34622.625219435,577.04,100.0,576.4,100.0
34622.626177687,577.04,100.0,576.31,100.0
34622.626780203,577.04,100.0,576.32,100.0
34622.656004268,577.04,100.0,576.4,100.0
34622.656969558,577.04,100.0,576.31,100.0
34622.657581658,577.04,100.0,576.32,100.0
34622.688222565,577.04,100.0,576.4,100.0
34622.689006052,577.04,100.0,576.31,100.0
34622.689615575,577.04,100.0,576.32,100.0
34622.717862161,577.04,100.0,576.4,100.0
34622.718834429,577.04,100.0,576.31,100.0
34622.719431225,577.04,100.0,576.32,100.0
34622.750926468,577.04,100.0,576.4,100.0
34622.751625907,577.04,100.0,576.31,100.0
34622.752244348,577.04,100.0,576.32,100.0
34622.781875601,577.04,100.0,576.4,100.0
34622.782831411,577.04,100.0,576.31,100.0
34622.783423533,577.04,100.0,576.32,100.0
34622.814226823,577.04,100.0,576.4,100.0
34622.815188829,577.04,100.0,576.31,100.0
34622.815785899,577.04,100.0,576.32,100.0
34622.844871919,577.04,100.0,576.4,100.0
34622.845618262,577.04,100.0,576.31,100.0
34622.846241932,577.04,100.0,576.32,100.0
34622.8750552,577.04,100.0,576.4,100.0
34622.875722213,577.04,100.0,576.31,100.0
34622.876334952,577.04,100.0,576.32,100.0
34622.905200576,577.04,100.0,576.4,100.0
34622.905954503,577.04,100.0,576.31,100.0
34622.906561798,577.04,100.0,576.32,100.0
34622.93718372,577.04,100.0,576.4,100.0
34622.937927076,577.04,100.0,576.31,100.0
34622.938528021,577.04,100.0,576.32,100.0
34622.967852762,577.04,100.0,576.4,100.0
34622.96860893,577.04,100.0,576.31,100.0
34622.969216624,577.04,100.0,576.32,100.0
34622.997850443,577.04,100.0,576.4,100.0
34622.998613264,577.04,100.0,576.31,100.0
34622.999237583,577.04,100.0,576.32,100.0
34623.028882283,577.04,100.0,576.4,100.0
34623.029582354,577.04,100.0,576.31,100.0
34623.030191437,577.04,100.0,576.32,100.0
34623.062095756,577.04,100.0,576.4,100.0
34623.062837148,577.04,100.0,576.31,100.0
34623.063460352,577.04,100.0,576.32,100.0
34623.093950847,577.04,100.0,576.4,100.0
34623.094605869,577.04,100.0,576.31,100.0
34623.095201375,577.04,100.0,576.32,100.0
34623.1240761,577.04,100.0,576.4,100.0
34623.124840243,577.04,100.0,576.31,100.0
34623.125445157,577.04,100.0,576.32,100.0
34623.156877688,577.04,100.0,576.4,100.0
34623.157619355,577.04,100.0,576.31,100.0
34623.158225629,577.04,100.0,576.32,100.0
34623.192118272,577.04,100.0,576.4,100.0
34623.192857393,577.04,100.0,576.31,100.0
34623.193464894,577.04,100.0,576.32,100.0
34623.223928627,577.04,100.0,576.4,100.0
34623.224663739,577.04,100.0,576.31,100.0
34623.225277483,577.04,100.0,576.32,100.0
34623.259948188,577.04,100.0,576.4,100.0
34623.260614896,577.04,100.0,576.31,100.0
34623.261217709,577.04,100.0,576.32,100.0
34623.294892614,577.04,100.0,576.4,100.0
34623.295638353,577.04,100.0,576.31,100.0
34623.296265184,577.04,100.0,576.32,100.0
34623.324868912,577.04,100.0,576.4,100.0
34623.325608251,577.04,100.0,576.31,100.0
34623.326216952,577.04,100.0,576.32,100.0
34623.354971091,577.04,100.0,576.4,100.0
34623.355641928,577.04,100.0,576.31,100.0
34623.356240313,577.04,100.0,576.32,100.0
34623.385876368,577.04,100.0,576.4,100.0
34623.386533142,577.04,100.0,576.31,100.0
34623.387114474,577.04,100.0,576.32,100.0
34623.418888377,577.04,100.0,576.4,100.0
34623.419550357,577.04,100.0,576.31,100.0
34623.420166667,577.04,100.0,576.32,100.0
34623.450865404,577.04,100.0,576.4,100.0
34623.451615078,577.04,100.0,576.31,100.0
34623.452229922,577.04,100.0,576.32,100.0
34623.480939847,577.04,100.0,576.4,100.0
34623.481626592,577.04,100.0,576.31,100.0
34623.48221885,577.04,100.0,576.32,100.0
34623.515921311,577.04,100.0,576.4,100.0
34623.516702939,577.04,100.0,576.31,100.0
34623.517310184,577.04,100.0,576.32,100.0
34623.545848041,577.04,100.0,576.4,100.0
34623.546539161,577.04,100.0,576.31,100.0
34623.547159126,577.04,100.0,576.32,100.0
34623.575947622,577.04,100.0,576.4,100.0
34623.576624839,577.04,100.0,576.31,100.0
34623.57721911,577.04,100.0,576.32,100.0
34623.608930082,577.04,100.0,576.4,100.0
34623.609678508,577.04,100.0,576.31,100.0
34623.61030685,577.04,100.0,576.32,100.0
34623.640203955,577.04,100.0,576.4,100.0
34623.640947684,577.04,100.0,576.31,100.0
34623.641562826,577.04,100.0,576.32,100.0
34623.670898454,577.04,100.0,576.4,100.0
34623.671640761,577.04,100.0,576.31,100.0
34623.672248305,577.04,100.0,576.32,100.0
34623.714955015,577.04,100.0,576.4,100.0
34623.715702196,577.04,100.0,576.31,100.0
34623.716283354,577.04,100.0,576.32,100.0
34623.746911595,577.04,100.0,576.4,100.0
34623.74765776,577.04,100.0,576.31,100.0
34623.748288303,577.04,100.0,576.32,100.0
34623.778204053,577.04,100.0,576.4,100.0
34624.698956331,577.07,100.0,576.4,100.0
34627.127758646,577.04,100.0,576.4,100.0
34627.578624739,577.07,100.0,576.4,100.0
34627.578970273,577.07,100.0,576.44,100.0
34627.579641669,577.07,100.0,576.39,100.0
34627.580213273,577.07,100.0,576.4,100.0
34627.60896879,577.07,100.0,576.44,100.0
34627.609664312,577.07,100.0,576.39,100.0
34627.610243191,577.07,100.0,576.4,100.0
34627.639693731,577.07,100.0,576.44,100.0
34627.640447558,577.07,100.0,576.39,100.0
34627.64103392,577.07,100.0,576.4,100.0
34627.670067061,577.07,100.0,576.44,100.0
34627.670760416,577.07,100.0,576.39,100.0
34627.671348841,577.07,100.0,576.4,100.0
34627.700702805,577.07,100.0,576.44,100.0
34627.701447789,577.07,100.0,576.39,100.0
34627.702035887,577.07,100.0,576.4,100.0
34627.730853498,577.07,100.0,576.44,100.0
34627.731605459,577.07,100.0,576.39,100.0
34627.732184444,577.07,100.0,576.4,100.0
34627.765835553,577.07,100.0,576.44,100.0
34627.76656878,577.07,100.0,576.39,100.0
34627.767183685,577.07,100.0,576.4,100.0
34627.796991105,577.07,100.0,576.44,100.0
34627.797652484,577.07,100.0,576.39,100.0
34627.79823876,577.07,100.0,576.4,100.0
34627.826798737,577.07,100.0,576.44,100.0
34627.827442604,577.07,100.0,576.39,100.0
34627.828039621,577.07,100.0,576.4,100.0
34627.856761466,577.07,100.0,576.44,100.0
34627.85743109,577.07,100.0,576.39,100.0
34627.858014395,577.07,100.0,576.4,100.0
34627.888964908,577.07,100.0,576.44,100.0
34627.889704766,577.07,100.0,576.39,100.0
34627.890293554,577.07,100.0,576.4,100.0
34627.919081761,577.07,100.0,576.44,100.0
34627.919821637,577.07,100.0,576.39,100.0
34627.920404477,577.07,100.0,576.4,100.0
34627.950081772,577.07,100.0,576.44,100.0
34627.950829321,577.07,100.0,576.39,100.0
34627.951406707,577.07,100.0,576.4,100.0
34627.980841232,577.07,100.0,576.44,100.0
34627.981580843,577.07,100.0,576.39,100.0
34627.982173275,577.07,100.0,576.4,100.0
34628.01282007,577.07,100.0,576.44,100.0
34628.013481394,577.07,100.0,576.39,100.0
34628.014090902,577.07,100.0,576.4,100.0
34628.043100928,577.07,100.0,576.44,100.0
34628.04379624,577.07,100.0,576.39,100.0
34628.04439963,577.07,100.0,576.4,100.0
34628.074096813,577.07,100.0,576.44,100.0
34628.074858723,577.07,100.0,576.39,100.0
34628.075443697,577.07,100.0,576.4,100.0
34628.104920726,577.07,100.0,576.44,100.0
34628.105665384,577.07,100.0,576.39,100.0
34628.106253683,577.07,100.0,576.4,100.0
34628.121486955,577.2,100.0,576.4,100.0
34628.121652331,576.88,100.0,576.4,100.0
34628.136772587,576.88,100.0,576.44,100.0
34628.137441158,576.88,100.0,576.39,100.0
34628.138047294,576.88,100.0,576.4,100.0
34628.167742031,576.88,100.0,576.44,100.0
34628.16849605,576.88,100.0,576.39,100.0
34628.169088447,576.88,100.0,576.4,100.0
34628.19810216,576.88,100.0,576.44,100.0
34628.198770391,576.88,100.0,576.39,100.0
34628.199367413,576.88,100.0,576.4,100.0
34628.227840736,576.88,100.0,576.44,100.0
34628.228507745,576.88,100.0,576.39,100.0
34628.229108951,576.88,100.0,576.4,100.0
34628.25910859,576.88,100.0,576.44,100.0
34628.259761451,576.88,100.0,576.39,100.0
34628.260349523,576.88,100.0,576.4,100.0
34628.289789131,576.88,100.0,576.44,100.0
34628.2905442,576.88,100.0,576.39,100.0
34628.291135845,576.88,100.0,576.4,100.0
34628.321038936,576.88,100.0,576.44,100.0
34628.321701527,576.88,100.0,576.39,100.0
34628.322310164,576.88,100.0,576.4,100.0
34628.353893652,576.88,100.0,576.44,100.0
34628.354636178,576.88,100.0,576.39,100.0
34628.355227816,576.88,100.0,576.4,100.0
34628.383814679,576.88,100.0,576.44,100.0
34628.384585801,576.88,100.0,576.39,100.0
34628.385180274,576.88,100.0,576.4,100.0
34628.416151682,576.88,100.0,576.44,100.0
34628.416894455,576.88,100.0,576.39,100.0
34628.417472323,576.88,100.0,576.4,100.0
34628.446883618,576.88,100.0,576.44,100.0
34628.447560632,576.88,100.0,576.39,100.0
34628.448172008,576.88,100.0,576.4,100.0
34628.476877773,576.88,100.0,576.44,100.0
34628.477629916,576.88,100.0,576.39,100.0
34628.4782209,576.88,100.0,576.4,100.0
34628.506846008,576.88,100.0,576.44,100.0
34628.507606687,576.88,100.0,576.39,100.0
34628.508196087,576.88,100.0,576.4,100.0
34628.541890343,576.88,100.0,576.44,100.0
34628.542642227,576.88,100.0,576.39,100.0
34628.543215029,576.88,100.0,576.4,100.0
34628.571814139,576.88,100.0,576.44,100.0
34628.572552595,576.88,100.0,576.39,100.0
34628.573149075,576.88,100.0,576.4,100.0
34629.019277201,576.88,100.0,576.4,100.0
34629.019277201,576.88,100.0,576.4,10.0
34629.041980626,576.88,100.0,576.4,100.0
34629.159992963,576.88,100.0,576.44,100.0
34629.160821829,576.88,100.0,576.39,100.0
34629.161410128,576.88,100.0,576.4,100.0
34629.190912888,576.88,100.0,576.44,100.0
34629.191652848,576.88,100.0,576.39,100.0
34629.192259118,576.88,100.0,576.4,100.0
34629.222927238,576.88,100.0,576.44,100.0
34629.223617918,576.88,100.0,576.39,100.0
34629.224274545,576.88,100.0,576.4,100.0
34629.252810319,576.88,100.0,576.44,100.0
34629.253605628,576.88,100.0,576.39,100.0
34629.254232638,576.88,100.0,576.4,100.0
34629.283855239,576.88,100.0,576.44,100.0
34629.284615169,576.88,100.0,576.39,100.0
34629.285256716,576.88,100.0,576.4,100.0
34629.314168329,576.88,100.0,576.44,100.0
34629.314944972,576.88,100.0,576.39,100.0
34629.315561425,576.88,100.0,576.4,100.0
34629.343844887,576.88,100.0,576.44,100.0
34629.344575397,576.88,100.0,576.39,100.0
34629.345163895,576.88,100.0,576.4,100.0
34629.374835028,576.88,100.0,576.44,100.0
34629.375597465,576.88,100.0,576.39,100.0
34629.37621099,576.88,100.0,576.4,100.0
34629.405849625,576.88,100.0,576.44,100.0
34629.406609412,576.88,100.0,576.39,100.0
34629.407215555,576.88,100.0,576.4,100.0
34629.426821252,576.88,100.0,576.44,100.0
34629.427593825,576.88,100.0,576.39,100.0
34629.428188892,576.88,100.0,576.4,100.0
34629.460023464,576.88,100.0,576.44,100.0
34629.46076143,576.88,100.0,576.39,100.0
34629.461385306,576.88,100.0,576.4,100.0
34629.493838275,576.88,100.0,576.44,100.0
34629.494616685,576.88,100.0,576.39,100.0
34629.495199472,576.88,100.0,576.4,100.0
34629.524852208,576.88,100.0,576.44,100.0
34629.525542931,576.88,100.0,576.39,100.0
34629.526178985,576.88,100.0,576.4,100.0
34629.553695994,576.88,100.0,576.25,1.0
34629.554287969,576.88,100.0,576.33,100.0
34629.554821559,576.88,100.0,576.25,1.0
34629.555453248,576.88,100.0,576.3,100.0
34629.563560211,576.83,100.0,576.3,100.0
34629.58683044,576.83,100.0,576.38,100.0
34629.587507043,576.83,100.0,576.25,1.0
34629.588128075,576.83,100.0,576.3,100.0
34629.594860391,576.83,100.0,576.32,100.0
34629.604541885,576.83,100.0,576.25,1.0
34629.605156405,576.83,100.0,576.3,100.0
34629.639913142,576.83,100.0,576.38,100.0
34629.640620895,576.83,100.0,576.25,1.0
34629.641232856,576.83,100.0,576.3,100.0
34629.645869135,576.83,100.0,576.32,100.0
34629.649914273,576.83,100.0,576.54,10.0
34629.650045312,576.83,100.0,576.32,100.0
34629.654428163,576.83,100.0,576.25,1.0
34629.655060187,576.83,100.0,576.3,100.0
34629.955262667,576.83,100.0,576.31,100.0
34629.955955265,576.83,100.0,576.32,100.0
34629.985928818,576.83,100.0,576.37,100.0
34629.991798106,576.88,100.0,576.37,100.0
34629.991961124,576.88,200.0,576.37,100.0
34630.014985623,576.88,200.0,576.43,100.0
34630.015132617,576.88,100.0,576.43,100.0
34630.028350803,576.88,100.0,576.31,100.0
34630.028932688,576.88,100.0,576.32,100.0
34630.444294118,576.88,100.0,576.33,100.0
34630.49689826,576.88,100.0,576.39,100.0
34630.497602236,576.88,100.0,576.31,100.0
34630.49818804,576.88,100.0,576.33,100.0
34630.531816236,576.88,100.0,576.39,100.0
34630.532486571,576.88,100.0,576.31,100.0
34630.533085992,576.88,100.0,576.33,100.0
34630.563773892,576.88,100.0,576.38,100.0
34630.56445261,576.88,100.0,576.31,100.0
34630.56505577,576.88,100.0,576.33,100.0
34630.595379567,576.88,100.0,576.38,100.0
34630.596051257,576.88,100.0,576.31,100.0
34630.596690042,576.88,100.0,576.33,100.0
34630.629977604,576.88,100.0,576.38,100.0
34630.630790398,576.88,100.0,576.31,100.0
34630.631403808,576.88,100.0,576.33,100.0
34630.66513789,576.88,100.0,576.38,100.0
34630.665904948,576.88,100.0,576.31,100.0
34630.666524687,576.88,100.0,576.33,100.0
34630.69588991,576.88,100.0,576.38,100.0
34630.696643844,576.88,100.0,576.31,100.0
34630.697231369,576.88,100.0,576.33,100.0
34630.727842896,576.88,100.0,576.38,100.0
34630.728613112,576.88,100.0,576.31,100.0
34630.729211671,576.88,100.0,576.33,100.0
34630.757819341,576.88,100.0,576.38,100.0
34630.75848512,576.88,100.0,576.31,100.0
34630.759087472,576.88,100.0,576.33,100.0
34630.788933155,576.88,100.0,576.38,100.0
34630.789605374,576.88,100.0,576.31,100.0
34630.790242294,576.88,100.0,576.33,100.0
34630.824168699,576.88,100.0,576.38,100.0
34630.824925753,576.88,100.0,576.31,100.0
34630.825504948,576.88,100.0,576.33,100.0
34630.85590128,576.88,100.0,576.38,100.0
34630.856655324,576.88,100.0,576.31,100.0
34630.857253704,576.88,100.0,576.33,100.0
34630.887008848,576.88,100.0,576.38,100.0
34630.887763371,576.88,100.0,576.31,100.0
34630.888398866,576.88,100.0,576.33,100.0
34630.918828691,576.88,100.0,576.38,100.0
34630.919512885,576.88,100.0,576.31,100.0
34630.92011672,576.88,100.0,576.33,100.0
34630.948801253,576.88,100.0,576.38,100.0
34630.949626627,576.88,100.0,576.31,100.0
34630.950233243,576.88,100.0,576.33,100.0
34630.987796716,576.88,100.0,576.38,100.0
34630.988495978,576.88,100.0,576.31,100.0
34630.98909901,576.88,100.0,576.33,100.0
34631.032358326,576.88,100.0,576.37,100.0
34631.032837894,576.88,100.0,576.38,100.0
34631.033311459,576.88,100.0,576.31,100.0
34631.033937114,576.88,100.0,576.37,100.0
34631.062786679,576.88,100.0,576.42,100.0
34633.144701775,576.88,100.0,576.43,100.0
34633.145468617,576.88,100.0,576.25,1.0
34633.146062024,576.88,100.0,576.43,100.0
34633.146544105,576.88,100.0,576.25,1.0
34633.147133712,576.88,100.0,576.42,100.0
34633.17719815,576.88,100.0,576.43,100.0
34633.177785848,576.88,100.0,576.44,100.0
34633.178553158,576.88,100.0,576.43,100.0
34633.179133275,576.88,100.0,576.44,100.0
34633.232185382,576.88,100.0,576.44,200.0
34634.121151171,576.89,100.0,576.44,200.0
34634.121283583,576.81,100.0,576.44,200.0
34636.224803767,576.81,100.0,576.44,200.0
34636.224905986,576.81,100.0,576.44,200.0
34636.224905986,576.81,100.0,576.44,200.0
34636.225079106,576.81,100.0,576.44,200.0
34636.226277821,577.2,100.0,576.44,200.0
34636.281229777,577.2,100.0,576.46,100.0
34638.041397218,577.13,100.0,576.46,100.0
34638.120994162,577.13,200.0,576.46,100.0
34638.222073171,577.13,100.0,576.46,100.0
34639.060962445,577.13,100.0,576.52,100.0
34642.723751838,577.13,100.0,576.46,100.0
34642.73347548,577.13,100.0,576.44,100.0
34642.78171087,577.13,100.0,576.52,100.0
34651.120864447,577.2,100.0,576.52,100.0
34651.121054971,577.12,100.0,576.52,100.0
34652.030432042,577.12,200.0,576.52,100.0
34653.153328402,577.12,100.0,576.52,100.0
34655.063308611,577.12,100.0,576.52,100.0
34658.118702672,577.12,100.0,576.52,100.0
34659.92768478,577.12,100.0,576.52,200.0
34660.120981961,577.2,100.0,576.52,200.0
34660.121147648,577.11,100.0,576.52,200.0
34660.597391245,577.11,200.0,576.52,200.0
34661.231738659,577.11,100.0,576.52,200.0
34662.412078422,577.0,1400.0,576.52,200.0
34662.921375972,577.0,1500.0,576.52,200.0
34665.015436882,576.98,100.0,576.52,200.0
34665.122003148,576.97,100.0,576.52,200.0
34668.501340432,576.97,100.0,576.6,100.0
34668.501666156,576.97,200.0,576.6,100.0
34669.122718944,576.97,100.0,576.6,100.0
34669.122865521,576.96,100.0,576.6,100.0
34669.123197195,576.96,200.0,576.6,100.0
34670.020670789,576.96,200.0,576.6,200.0
34673.207910671,576.96,200.0,576.6,200.0
34673.207910671,576.96,200.0,576.6,200.0
34673.207910671,576.96,200.0,576.6,160.0
34673.208022713,576.96,200.0,576.6,100.0
34673.208022713,576.96,200.0,576.6,27.0
34673.208034146,576.96,200.0,576.52,100.0
34673.238539521,576.96,200.0,576.44,100.0
34673.306492845,576.96,100.0,576.44,100.0
34673.32222228,576.96,100.0,576.65,100.0
34673.322332558,576.96,100.0,576.44,100.0
34674.119714942,576.97,100.0,576.44,100.0
34674.119876495,576.95,100.0,576.44,100.0
34676.705500914,576.95,100.0,576.51,100.0
34680.120627278,576.96,100.0,576.51,100.0
34680.120784103,576.94,100.0,576.51,100.0
34682.837049656,576.94,100.0,576.6,50.0
34684.075294953,576.94,200.0,576.6,50.0
34684.622110317,576.94,100.0,576.6,50.0
34684.947744268,576.94,100.0,576.51,100.0
34687.021759234,576.94,100.0,576.44,100.0
34687.021867204,576.94,100.0,576.44,27.0
34687.021974935,576.94,100.0,576.25,1.0
34687.022752389,576.94,100.0,576.35,100.0
34687.043159296,576.94,100.0,576.36,100.0
34687.074042077,576.94,100.0,576.36,200.0
34687.074704344,576.94,100.0,576.37,100.0
34687.095792338,576.94,100.0,576.36,100.0
34687.095825185,576.94,100.0,576.31,100.0
34687.096394326,576.94,100.0,576.36,100.0
34687.120635245,577.2,100.0,576.36,100.0
34687.120770223,576.92,100.0,576.36,100.0
34687.121421875,576.92,100.0,576.37,100.0
34687.122114756,576.92,100.0,576.38,100.0
34687.132377613,576.92,100.0,576.31,100.0
34687.133003771,576.92,100.0,576.36,100.0
34687.135944714,576.92,100.0,576.43,100.0
34687.152535977,576.92,100.0,576.43,200.0
34687.154886245,576.92,100.0,576.43,100.0
34687.155132548,576.92,100.0,576.25,1.0
34687.155313966,576.92,100.0,576.44,100.0
34687.155788018,576.92,100.0,576.25,1.0
34687.15638975,576.92,100.0,576.36,100.0
34687.16359862,576.92,100.0,576.44,100.0
34687.16442691,576.92,100.0,576.44,200.0
34687.183526013,576.92,100.0,576.44,100.0
34687.184078702,576.92,100.0,576.25,1.0
34687.184677538,576.92,100.0,576.36,100.0
34687.219376498,576.92,100.0,576.42,100.0
34687.220069657,576.92,100.0,576.25,1.0
34687.220740074,576.92,100.0,576.36,100.0
34687.223783611,576.92,100.0,576.36,200.0
34687.250057757,576.92,100.0,576.42,100.0
34687.254278297,576.92,100.0,576.25,1.0
34687.25492364,576.92,100.0,576.36,100.0
34687.289110047,576.92,100.0,576.42,100.0
34687.289869704,576.92,100.0,576.25,1.0
34687.29048556,576.92,100.0,576.36,100.0
34687.321164834,576.92,100.0,576.42,100.0
34687.321936943,576.92,100.0,576.25,1.0
34687.322600808,576.92,100.0,576.36,100.0
34687.352773391,576.92,100.0,576.42,100.0
34687.353454611,576.92,100.0,576.25,1.0
34687.354038326,576.92,100.0,576.36,100.0
34687.383737693,576.92,100.0,576.42,100.0
34687.384487253,576.92,100.0,576.25,1.0
34687.385089287,576.92,100.0,576.36,100.0
34687.415750191,576.92,100.0,576.42,100.0
34687.416445587,576.92,100.0,576.25,1.0
34687.417044132,576.92,100.0,576.36,100.0
34687.446822378,576.92,100.0,576.42,100.0
34687.447483191,576.92,100.0,576.25,1.0
34687.448086336,576.92,100.0,576.36,100.0
34687.478098952,576.92,100.0,576.42,100.0
34687.47884533,576.92,100.0,576.25,1.0
34687.479445007,576.92,100.0,576.36,100.0
34687.509085732,576.92,100.0,576.42,100.0
34687.509837449,576.92,100.0,576.25,1.0
34687.510450692,576.92,100.0,576.36,100.0
34687.53989613,576.92,100.0,576.42,100.0
34687.540561131,576.92,100.0,576.25,1.0
34687.541140883,576.92,100.0,576.36,100.0
34687.569736668,576.92,100.0,576.42,100.0
34687.57047736,576.92,100.0,576.25,1.0
34687.571089694,576.92,100.0,576.36,100.0
34687.600817351,576.92,100.0,576.42,100.0
34687.601573847,576.92,100.0,576.25,1.0
34687.602158229,576.92,100.0,576.36,100.0
34687.623779989,576.92,100.0,576.64,27.0
34687.623900038,576.92,100.0,576.36,100.0
34687.624714717,576.92,100.0,576.42,100.0
34687.625289996,576.92,100.0,576.36,100.0
34687.630875819,576.92,100.0,576.42,100.0
34687.631535828,576.92,100.0,576.25,1.0
34687.632122512,576.92,100.0,576.36,100.0
34687.661751353,576.92,100.0,576.42,100.0
34687.66245572,576.92,100.0,576.25,1.0
34687.66302973,576.92,100.0,576.36,100.0
34687.694918081,576.92,100.0,576.42,100.0
34687.695653897,576.92,100.0,576.25,1.0
34687.696224904,576.92,100.0,576.36,100.0
34687.728799279,576.92,100.0,576.42,100.0
34687.729570695,576.92,100.0,576.25,1.0
34687.730170149,576.92,100.0,576.36,100.0
34687.759850334,576.92,100.0,576.42,100.0
34687.925876337,576.92,100.0,576.25,1.0
34687.926462354,576.92,100.0,576.36,100.0
34687.95581351,576.92,100.0,576.42,100.0
34688.035212242,576.92,100.0,576.25,1.0
34688.035797118,576.92,100.0,576.36,100.0
34688.041261354,576.92,100.0,576.36,200.0
34688.042372976,576.92,100.0,576.37,100.0
34688.043108061,576.92,100.0,576.41,100.0
34688.053573951,576.92,100.0,576.42,100.0
34688.054202319,576.92,100.0,576.43,100.0
34688.055410632,576.92,100.0,576.25,1.0
34688.056022762,576.92,100.0,576.41,100.0
34688.057221916,576.92,100.0,576.25,1.0
34688.057806311,576.92,100.0,576.36,100.0
34688.059415144,576.92,100.0,576.25,1.0
34688.059949694,576.92,100.0,576.42,100.0
34688.097770857,576.92,100.0,576.44,100.0
34688.098689556,576.92,100.0,576.44,200.0
34688.100096732,576.92,100.0,576.44,100.0
34688.101580172,576.92,100.0,576.44,200.0
34688.101692951,576.92,100.0,576.44,100.0
34688.102263114,576.92,100.0,576.25,1.0
34688.102868425,576.92,100.0,576.42,100.0
34688.109329398,576.92,100.0,576.45,100.0
34688.110054193,576.92,100.0,576.44,100.0
34688.110593632,576.92,100.0,576.25,1.0
34688.111185023,576.92,100.0,576.42,100.0
34688.217146626,576.92,100.0,576.44,100.0
34688.217820038,576.92,100.0,576.25,1.0
34688.218424167,576.92,100.0,576.42,100.0
34688.247138118,576.92,100.0,576.44,100.0
34688.247874395,576.92,100.0,576.25,1.0
34688.248468906,576.92,100.0,576.42,100.0
34688.277844678,576.92,100.0,576.44,100.0
34688.278586641,576.92,100.0,576.25,1.0
34688.279166161,576.92,100.0,576.42,100.0
34688.30882845,576.92,100.0,576.44,100.0
34688.309506852,576.92,100.0,576.25,1.0
34688.310117507,576.92,100.0,576.42,100.0
34688.337584356,576.92,100.0,576.42,200.0
34688.349846542,576.92,100.0,576.44,100.0
34688.35122013,576.92,100.0,576.25,1.0
34688.351815192,576.92,100.0,576.42,100.0
34688.370497516,576.92,100.0,576.44,100.0
34688.371160077,576.92,100.0,576.44,200.0
34688.371640468,576.92,100.0,576.44,100.0
34688.372189488,576.92,100.0,576.25,1.0
34688.372788619,576.92,100.0,576.42,100.0
34688.423224386,576.92,100.0,576.44,100.0
34688.423992369,576.92,100.0,576.25,1.0
34688.424600793,576.92,100.0,576.42,100.0
34688.452802166,576.92,100.0,576.44,100.0
34688.453564925,576.92,100.0,576.25,1.0
34688.454146522,576.92,100.0,576.42,100.0
34688.483970163,576.92,100.0,576.44,100.0
34688.484715771,576.92,100.0,576.25,1.0
34688.4853307,576.92,100.0,576.42,100.0
34688.51580846,576.92,100.0,576.44,100.0
34688.516473819,576.92,100.0,576.25,1.0
34688.517078067,576.92,100.0,576.42,100.0
34688.547809091,576.92,100.0,576.44,100.0
34688.548565422,576.92,100.0,576.25,1.0
34688.549165089,576.92,100.0,576.42,100.0
34688.58487563,576.92,100.0,576.44,100.0
34688.585647533,576.92,100.0,576.25,1.0
34688.586258536,576.92,100.0,576.42,100.0
34688.616889406,576.92,100.0,576.44,100.0
34688.617632941,576.92,100.0,576.25,1.0
34688.618222962,576.92,100.0,576.42,100.0
34688.648972901,576.92,100.0,576.44,100.0
34688.649736298,576.92,100.0,576.25,1.0
34688.650348575,576.92,100.0,576.42,100.0
34688.680839483,576.92,100.0,576.44,100.0
34688.681490468,576.92,100.0,576.25,1.0
34688.682101311,576.92,100.0,576.42,100.0
34688.712868983,576.92,100.0,576.44,100.0
34688.713524397,576.92,100.0,576.25,1.0
34688.714132455,576.92,100.0,576.42,100.0
34688.744173541,576.92,100.0,576.44,100.0
34688.744926799,576.92,100.0,576.25,1.0
34688.745504011,576.92,100.0,576.42,100.0
34688.775900869,576.92,100.0,576.44,100.0
34688.776553668,576.92,100.0,576.25,1.0
34688.77715435,576.92,100.0,576.42,100.0
34688.805828924,576.92,100.0,576.44,100.0
34688.806572373,576.92,100.0,576.25,1.0
34688.80718965,576.92,100.0,576.42,100.0
34688.836846588,576.92,100.0,576.44,100.0
34688.837519756,576.92,100.0,576.25,1.0
34688.838122746,576.92,100.0,576.42,100.0
34688.867022719,576.92,100.0,576.44,100.0
34688.867766817,576.92,100.0,576.25,1.0
34688.868370055,576.92,100.0,576.42,100.0
34688.896869811,576.92,100.0,576.44,100.0
34688.897638374,576.92,100.0,576.25,1.0
34688.898267487,576.92,100.0,576.42,100.0
34688.926854992,576.92,100.0,576.44,100.0
34688.927611348,576.92,100.0,576.25,1.0
34688.928223235,576.92,100.0,576.42,100.0
34688.957195076,576.92,100.0,576.44,100.0
34688.957935409,576.92,100.0,576.25,1.0
34688.958518597,576.92,100.0,576.42,100.0
34688.988006608,576.92,100.0,576.44,100.0
34688.988679743,576.92,100.0,576.25,1.0
34688.989274702,576.92,100.0,576.42,100.0
34689.01889072,576.92,100.0,576.44,100.0
34689.019556729,576.92,100.0,576.25,1.0
34689.020186358,576.92,100.0,576.42,100.0
34689.048894133,576.92,100.0,576.44,100.0
34689.049634448,576.92,100.0,576.25,1.0
34689.05025219,576.92,100.0,576.42,100.0
34689.083895304,576.92,100.0,576.44,100.0
34689.084564276,576.92,100.0,576.25,1.0
34689.085173439,576.92,100.0,576.42,100.0
34689.12015213,576.92,100.0,576.44,100.0
34689.120911329,576.92,100.0,576.25,1.0
34689.12152297,576.92,100.0,576.42,100.0
34689.152121735,576.92,100.0,576.44,100.0
34689.152887054,576.92,100.0,576.25,1.0
34689.153493626,576.92,100.0,576.42,100.0
34689.18395093,576.92,100.0,576.44,100.0
34689.184622256,576.92,100.0,576.25,1.0
34689.185230959,576.92,100.0,576.42,100.0
34689.215865588,576.92,100.0,576.44,100.0
34689.216611225,576.92,100.0,576.25,1.0
34689.2172109,576.92,100.0,576.42,100.0
34689.250068666,576.92,100.0,576.44,100.0
34689.250812429,576.92,100.0,576.25,1.0
34689.251421653,576.92,100.0,576.42,100.0
34689.280930934,576.92,100.0,576.44,100.0
34689.281603885,576.92,100.0,576.25,1.0
34689.282227276,576.92,100.0,576.42,100.0
34689.312926408,576.92,100.0,576.44,100.0
34689.313583289,576.92,100.0,576.25,1.0
34689.314184613,576.92,100.0,576.42,100.0
34689.343006311,576.92,100.0,576.44,100.0
34689.343759483,576.92,100.0,576.25,1.0
34689.344363255,576.92,100.0,576.42,100.0
34689.376849805,576.92,100.0,576.44,100.0
