id,claim,status,evidence,remaining_gap,artifact
C1,Native learned promotion improves reward and wait,partial,frozen_artifact=native_promotion_v47_odshift selection=frozen_artifact_key raw_only=True reward=inconclusive reward_noharm=missing wait=not_supported wait_noharm=missing score=not_supported,Run one frozen v2 native promotion protocol on untouched seeds; only raw reward and wait outcomes are eligible.,transit_hrl/results/transit_native_promotion_v47_odshift_wait_first_512seed_summaryonly/summary.json
C2,Native real AFC/APC-profile demand improves observed score/reward and strict wait/alighting/throughput,partial,"score=supported reward=supported wait=not_supported wait_proxy_noharm=supported wait_noharm=supported alighted=not_supported alighted_noharm=supported throughput=not_supported throughput_noharm=supported projection_signal=supported projection_headline_eligible=False agency_scope=partial agency_supported=['native_onboard_load_loop', 'real_afc_station_hour_demand', 'real_apc_route_boarding_demand', 'real_public_bus_stop_board_alight', 'real_public_bus_stop_onboard_load', 'real_public_subway_od_estimate'] agency_external_missing=['real_gtfs_ride_board_alight', 'real_gtfs_ride_od', 'real_gtfs_ride_onboard_load']",The frozen artifact does not support strict improvement from raw simulator outcomes. projected_* service-response estimates are sensitivity-only and cannot close this claim.,transit_hrl/results/transit_native_real_demand_service_response_v7_48pair_merged/summary.json | transit_hrl/results/agency_demand_onboard_coverage_latest/summary.json
C3,Large-scale venue-grade L2/L3 order-book replay is validated,not_supported,"l2_supported_checks=0 l3_positive_checks=0 source_quality=venue_grade_ready venue_l2_l3_pairs=3 symbols=3 sessions=1 steps=720 levels=1 manifest_coverage={'manifest_entries': 6, 'used_entries': 6, 'missing_entries': 0, 'l2_files': 3, 'l3_files': 3, 'real_l2_files': 3, 'real_l3_files': 3, 'venue_grade_l2_files': 3, 'venue_grade_l3_files': 3, 'fixture_l2_files': 0, 'fixture_l3_files': 0, 'methods': ['ema', 'state_space', 'adaptive_wavelet', 'neural_state_space'], 'steps': 720, 'levels': 1, 'latency_bins': [0, 2], 'execution_modes': ['market', 'passive_queue'], 'real_or_venue_grade_sessions': 6, 'venue_grade_l2_l3_session_pairs': 3, 'venue_grade_schema_l2_l3_session_pairs': 3, 'venue_grade_sessions': [{'venue': 'XNAS', 'symbol': 'AAPL', 'session': '2012-06-21'}, {'venue': 'XNAS', 'symbol': 'AMZN', 'session': '2012-06-21'}, {'venue': 'XNAS', 'symbol': 'GOOG', 'session': '2012-06-21'}], 'venue_grade_schema_ready_sessions': [{'venue': 'XNAS', 'symbol': 'AAPL', 'session': '2012-06-21'}, {'venue': 'XNAS', 'symbol': 'AMZN', 'session': '2012-06-21'}, {'venue': 'XNAS', 'symbol': 'GOOG', 'session': '2012-06-21'}], 'schema_ready_l2_files': 3, 'schema_ready_l3_files': 3, 'source_quality_status': 'venue_grade_ready', 'venue_grade_required': True, 'venue_grade_claim_status': 'supported'}","Current artifact is a small replay path. The large-replay gate requires at least 20 paired files, 5 symbols, 5 sessions, 10k events per run, and 5 depth levels.",transit_hrl/results/order_book_lobster_venue_grade_multisymbol/summary.json
C4,Advanced encoder evidence spans Quant and Transit,partial,"any_supported_domains=['order_book_l2', 'trading_synthetic', 'transit_real_demand', 'transit_synthetic_demand'] primary_supported_domains=['order_book_l2'] required=['order_book_l3', 'public_market_daily', 'public_market_intraday', 'transit_real_demand']","Advanced encoders need primary-outcome paired CIs on public daily/intraday market, real L3, and real-demand Transit; isolated diagnostic wins do not close C4.",transit_hrl/results/encoder_cross_domain_matrix_latest/summary.json
C5,Leakage no-tradeoff holds beyond surrogate,partial,"strict_no_tradeoff_domains=['transit_real_surrogate'] no_tradeoff_domains=['transit_real_surrogate'] partial_domains=['native_real_demand', 'native_real_demand_alighting_safe_v2', 'native_real_demand_alighting_throughput_v5', 'native_real_demand_alighting_wait_v4', 'native_real_demand_throughput_safe_wait_v6', 'trading_constraint', 'trading_ppo_primal_dual', 'transit_ppo_primal_dual'] native_selector_status=strict_supported native_selector_domain=native_real_demand_service_response_v7 native_selector_strict=False projection_contaminated=True","Native real-demand C5 uses the adaptive selector from the leakage matrix. If this remains partial, the selected profile still lacks joint drift reduction and reward/wait/alighting/throughput no-harm or strict CI support.",transit_hrl/results/leakage_no_tradeoff_matrix_latest/summary.json
C6,Formal theory appendix covers main protocol claims,partial,"verification=missing examples=['conditional_no_tradeoff_margin_example', 'credit_residual_bound_example', 'leakage_bound_example', 'paired_ci_radius_example', 'primal_dual_avg_violation_bound_example', 'promotion_detection_delay_bound_s', 'promotion_false_positive_bound_example', 'stress_claim_coverage_fraction_example']","Structured propositions are present, but C6 remains partial until assumptions and proofs receive an explicit verification audit.",transit_hrl/results/freq_hrl_theory_appendix_latest/summary.json
C7,Native promotion reward/wait improvement replicates across stress regimes,not_supported,persistent=missing persistent_status=missing odshift=native_promotion_v47_odshift odshift_reward=inconclusive odshift_reward_noharm=missing odshift_wait=not_supported odshift_wait_noharm=missing,Scale a pre-registered OD-shift profile until reward and wait improvement CIs are both supported.,transit_hrl/results/scheduler_native_promotion_risk_banded_delta_floor_v42_512seed_merged/summary.json | transit_hrl/results/transit_native_promotion_v47_odshift_wait_first_512seed_summaryonly/summary.json
C8,Strong baseline and ablation table supports frequency-responsibility claim,partial,"claim_status=partial heuristic_status=supported strong_ppo=missing parameter_budget=missing trainer_budget=missing offpolicy=missing positive_sharpe_baselines=['vanilla_rl', 'hrl_raw', 'raw_history', 'freq_single_policy', 'allfreq_alllayers', 'swapped', 'no_leakage', 'hf_lower_only'] support_overrides=[{'baseline': 'no_promotion', 'source_artifact': 'native_promotion_v47', 'status': 'supported', 'supported_metrics': ['avg_wait_min', 'ep_reward'], 'boundary': 'No-promotion ablation is credited from the native promotion stress artifact, where interval_only is the no-promotion control. Raw global trading Sharpe remains reported separately.'}] inconclusive=[] not_supported=[] missing=[] scenario_win_rate=1.0 pressure_rows=0","Implement and run matched v2 flat PPO, generic HRL, SAC, and TD3 baselines; heuristic ablations alone cannot support C8.",transit_hrl/results/baseline_ablation_matrix_latest/summary.json | transit_hrl/results/strong_learned_baseline_validation_latest/summary.json
C9,"Synthetic pressure validation covers registered stationary, burst, persistent, and OOD regimes",supported,"supported=['stationary_low_noise', 'stationary_high_noise', 'localized_burst', 'persistent_shift', 'ood_period'] present=['stationary_low_noise', 'stationary_high_noise', 'localized_burst', 'persistent_shift', 'ood_period'] missing=[] regime_status={'stationary_low_noise': 'supported', 'stationary_high_noise': 'supported', 'localized_burst': 'supported', 'persistent_shift': 'supported', 'ood_period': 'supported'}",Any missing or not-supported regime must stay outside the global stress-generalization claim.,transit_hrl/results/baseline_ablation_matrix_latest/summary.json
