scenario,baseline,n,total_return_mean,total_return_std,mean_reward_mean,mean_reward_std,base_mean_reward_mean,base_mean_reward_std,leakage_reward_penalty_mean,leakage_reward_penalty_std,leakage_reward_penalty_total_mean,leakage_reward_penalty_total_std,sharpe_mean,sharpe_std,sortino_mean,sortino_std,max_drawdown_mean,max_drawdown_std,calmar_mean,calmar_std,turnover_mean,turnover_std,transaction_cost_mean,transaction_cost_std,inventory_drift_mean_mean,inventory_drift_mean_std,post_shift_mean_pnl_mean,post_shift_mean_pnl_std,post_shift_cum_pnl_120_mean,post_shift_cum_pnl_120_std,recovery_cost_120_mean,recovery_cost_120_std,promotion_count_mean,promotion_count_std,promotion_delay_mean,promotion_delay_std,PromotionDelay_mean,PromotionDelay_std,ShockResponseTime_mean,ShockResponseTime_std,regime_promotion_accuracy_mean,regime_promotion_accuracy_std,regime_promotion_precision_mean,regime_promotion_precision_std,regime_promotion_recall_mean,regime_promotion_recall_std,UpperHFPower_mean,UpperHFPower_std,LowerLFDrift_mean,LowerLFDrift_std,FocusScore_mean,FocusScore_std,freq_attr_n_mean,freq_attr_n_std,freq_attr_high_component_pnl_mean,freq_attr_high_component_pnl_std,freq_attr_high_component_pnl_total_mean,freq_attr_high_component_pnl_total_std,freq_attr_high_frequency_cost_mean,freq_attr_high_frequency_cost_std,freq_attr_high_frequency_cost_total_mean,freq_attr_high_frequency_cost_total_std,freq_attr_leakage_cost_mean,freq_attr_leakage_cost_std,freq_attr_leakage_cost_total_mean,freq_attr_leakage_cost_total_std,freq_attr_low_component_pnl_mean,freq_attr_low_component_pnl_std,freq_attr_low_component_pnl_total_mean,freq_attr_low_component_pnl_total_std,freq_attr_low_frequency_cost_mean,freq_attr_low_frequency_cost_std,freq_attr_low_frequency_cost_total_mean,freq_attr_low_frequency_cost_total_std,freq_attr_lower_credit_mean,freq_attr_lower_credit_std,freq_attr_lower_credit_total_mean,freq_attr_lower_credit_total_std,freq_attr_promotion_adaptation_cost_mean,freq_attr_promotion_adaptation_cost_std,freq_attr_promotion_adaptation_cost_total_mean,freq_attr_promotion_adaptation_cost_total_std,freq_attr_task_reward_mean,freq_attr_task_reward_std,freq_attr_task_reward_total_mean,freq_attr_task_reward_total_std,freq_attr_upper_credit_mean,freq_attr_upper_credit_std,freq_attr_upper_credit_total_mean,freq_attr_upper_credit_total_std
persistent_shift,vanilla_rl,5,-0.8164283054030219,0.00938273053247845,-0.002387076483134316,7.042036483004669e-05,-0.0023610131372754023,6.950108461896767e-05,2.6063345858913626e-05,1.0827675946421027e-06,0.018765609018417808,0.000779592668142314,-37.199747378949404,1.220146874434252,-39.9114646288894,1.3200046671636267,0.8157320307508318,0.009501194539763228,-1.000855394167177,0.00020488118074555464,335.98850282066735,7.7641300710932475,2.015931016924004,0.04658478042655968,0.004550101111610335,0.00016173819955022842,-0.0014286388520612537,0.0001552841779060057,-0.17143666224735044,0.01863410134872068,0.1792514719371844,0.016816161504617254,0.0,0.0,-1.0,0.0,-1.0,0.0,0.0,0.0,0.5,0.0,0.0,0.0,0.0,0.0,0.3977865379405954,0.010563720060997869,0.008018182491365355,0.0004650708815914234,-0.013446926751334177,0.011530945557911476,720.0,0.0,1.913863093240337e-05,1.0328562489957988e-05,0.013779814271330428,0.007436564992769752,0.0029620141778945925,6.622963046889375e-05,2.1326502080841063,0.047685333937603484,2.6063345858913626e-05,1.0827675946421027e-06,0.018765609018417808,0.000779592668142314,0.00042885262418764284,4.288266988352548e-06,0.30877388941510286,0.0030875522316138365,5.784701519070798e-06,5.339727396569657e-07,0.004164985093730975,0.00038446037255301544,-0.002975045850824049,6.66727052863803e-05,-2.1420330125933154,0.048004347806193864,0.0,0.0,0.0,0.0,-0.0023610131372754023,6.950108461896767e-05,-1.6999294588382896,0.05004078092565676,-1.8816374448527612e-05,8.517091789062255e-07,-0.01354778960293988,0.000613230608812482
persistent_shift,hrl_raw,5,-0.6210070301916956,0.010075483810395924,-0.0014059071013435643,3.844119847811712e-05,-0.001379415032282716,3.746527640952785e-05,2.6492069060848396e-05,1.0546088661442332e-06,0.019074289723810846,0.0007593183836238477,-31.25300634829633,1.0257202858963501,-36.18135269140886,1.441698852778228,0.6200530426586354,0.01019692520017505,-1.001542291431749,0.00034265413768413126,214.83028856226468,3.63072590030107,1.2889817313735883,0.021784355401806437,0.016478821216916482,0.00048732711277006826,-0.000622156568437097,0.00013251316067936904,-0.07465878821245163,0.01590157928152429,0.08992179456846432,0.013294783068529029,0.0,0.0,-1.0,0.0,-1.0,0.0,0.0017543859649122805,0.003508771929824561,0.5,0.0,0.0,0.0,0.0,0.0,0.3977865379405954,0.010563720060997869,0.012719572644436006,0.0006175136322612946,-0.01121914029379397,0.007327473289225045,720.0,0.0,1.5781154913165077e-05,9.509306644078764e-06,0.011362431537478856,0.006846700783736711,0.001965811667970154,3.257376020594985e-05,1.4153844009385108,0.02345310734828387,2.6492069060848396e-05,1.0546088661442332e-06,0.019074289723810846,0.0007593183836238477,0.0004280138599234911,4.252008085586239e-06,0.3081699791449136,0.003061445821622099,2.871065687325766e-06,5.264913642212692e-07,0.0020671672948745514,0.00037907378223931386,-0.001979057702500578,3.303194858404949e-05,-1.4249215458004163,0.02378300298051562,0.0,0.0,0.0,0.0,-0.001379415032282716,3.746527640952785e-05,-0.9931788232435554,0.026974999014860057,-1.6117100217749963e-05,7.583982057871926e-07,-0.011604312156779973,0.0005460467081667789
persistent_shift,raw_history,5,0.20281624334195908,0.010911602251755356,0.0002351582809867226,1.2227685218126407e-05,0.0002555937675476864,1.2663134300068908e-05,2.043548656096384e-05,1.3188153086745502e-06,0.014713550323893964,0.0009495470222456759,11.54736499179878,0.5191745885366971,24.639525926371647,1.5786584876772656,0.03198700095929539,0.003847361253956084,6.453414533318565,1.0140042869321062,28.372319491112158,0.7510598984068295,0.17023391694667295,0.004506359390440985,0.0005199882245021831,3.503809810326127e-05,0.0006561963792206352,9.945856493306095e-05,0.07874356550647622,0.011935027791967315,0.003635846939251507,0.001183865532544246,0.0,0.0,-1.0,0.0,-1.0,0.0,0.36451395942023956,0.23101174670521765,0.5,0.0,0.0,0.0,0.0,0.0,0.01963947374446639,0.0014079089228242578,0.3333652650085525,0.02422008857226244,0.15039330175074134,0.043449552923905045,720.0,0.0,1.4378126588155055e-06,9.953238260754323e-06,0.0010352251143471631,0.007166331547743114,0.00039274066330387107,1.169794359745424e-05,0.2827732775787871,0.008422519390167048,2.043548656096384e-05,1.3188153086745502e-06,0.014713550323893964,0.0009495470222456759,0.0004916319270971432,4.318908140038468e-06,0.35397498750994305,0.0031096138608276854,2.8650769616963417e-07,3.1830595375397185e-07,0.00020628554124213662,0.00022918028670285975,-0.00040295840658435296,1.1481363523558499e-05,-0.29013005274073417,0.008266581736962118,0.0,0.0,0.0,0.0,0.0002555937675476864,1.2663134300068908e-05,0.1840275126343342,0.009117456696049618,-1.0504250976651553e-05,6.21767567153677e-07,-0.007563060703189119,0.0004476726483506473
persistent_shift,freq_single_policy,5,-0.0776607445515769,0.014334422786305962,-0.000127393844556793,2.1755728831826438e-05,-0.00011387953037656771,2.173067654251586e-05,1.3514314180225294e-05,5.241053475701127e-07,0.009730306209762212,0.00037735585025048114,-4.113206959558767,0.8930761511704495,-6.665051898059511,1.4351761603430067,0.18351863281065608,0.008142233492838215,-0.42233244732814096,0.07204156218968231,75.11511322123805,1.63187257260444,0.45069067932742823,0.009791235435626638,0.0008535585556878042,2.8736187662524745e-05,0.00040722910643686263,0.00014354388597189239,0.04886749277242351,0.017225266316627085,0.012435021514852965,0.004296709767180213,0.0,0.0,-1.0,0.0,-1.0,0.0,0.029400900507081655,0.019659728968444718,0.5,0.0,0.0,0.0,0.0,0.0,0.07533697038350942,0.004873542451185796,0.09917898575199575,0.006758738983448296,-0.12207850020931348,0.03072062933263129,720.0,0.0,8.81579873079266e-06,9.430101977413003e-06,0.006347375086170716,0.0067896734237373624,0.0007887016550793356,1.6554905369959065e-05,0.5678651916571216,0.011919531866370521,1.3514314180225294e-05,5.241053475701127e-07,0.009730306209762212,0.00037735585025048114,0.0005049710648476655,7.292263464139122e-06,0.36357916669031926,0.005250429694180184,7.120313950983756e-07,5.975893181083606e-07,0.0005126626044708305,0.00043026430903801965,-0.0007954588121694481,1.666044567702482e-05,-0.5727303447620027,0.011995520887457867,0.0,0.0,0.0,0.0,-0.00011387953037656771,2.173067654251586e-05,-0.08199326187112875,0.015646087110611422,-7.469188485211022e-06,7.141345049081918e-07,-0.005377815709351937,0.0005141768435338982
persistent_shift,lf_upper_only,5,0.24386987158139645,0.024994185333733227,0.000206830481060825,2.8321981965589437e-05,0.00030290352614949884,2.8057945595891183e-05,9.607304508867383e-05,2.5197992854361214e-06,0.06917259246384518,0.001814255485514008,16.046517769795873,1.5454063669885918,33.82682478644546,7.285656123456586,0.009242369048327892,0.0038030932143046496,32.5804942538259,15.532395246891753,5.7143986711476735,0.32518568390244623,0.03428639202688604,0.001951114103414677,4.138181408721959e-05,1.0637823229317494e-05,0.0005026285446303842,7.670203710986325e-05,0.0603154253556461,0.009204244453183588,0.0014290977611400705,0.00046110599700406677,0.0,0.0,-1.0,0.0,-1.0,0.0,59.702228976697064,91.82766588837809,0.5,0.0,0.0,0.0,0.0,0.0,0.0007358478589847301,0.00013033622449098921,1.831012500139138,0.07419172101921034,0.8803907413011187,0.06017694092017506,720.0,0.0,6.69002955813255e-06,8.68204075979905e-06,0.004816821281855436,0.0062510693470553165,0.00016921508670388478,1.0779150916156604e-05,0.12183486242679704,0.007760988659632751,9.607304508867383e-05,2.5197992854361214e-06,0.06917259246384518,0.001814255485514008,0.00034391624914577133,2.5332893783113022e-05,0.24761969938495537,0.018239683523841383,4.331950455944736e-06,4.287206414199841e-06,0.0031190043282802097,0.0030867886182238857,-0.0002172516092482217,1.1582215978235898e-05,-0.1564211586587196,0.008339195504329848,0.0,0.0,0.0,0.0,0.00030290352614949884,2.8057945595891183e-05,0.21809053882763915,0.02020172082904164,-5.236847300028166e-05,4.7990587330114685e-06,-0.03770530056020279,0.003455322287768259
persistent_shift,hf_lower_only,5,-0.004425343111028601,0.0033942887130527294,-5.261357621384073e-05,5.0532117543615715e-06,-1.3035598062008025e-05,4.463483177992156e-06,3.9577978151832715e-05,2.3943661353791167e-06,0.028496144269319557,0.0017239436174729637,-1.596326191523221,1.1619352986461264,-3.055168349036623,2.3108256875617537,0.015738568614508397,0.0033232706849702725,-0.27256965479467865,0.21472988601264478,8.804959096694109,0.2368581697359567,0.05282975458016466,0.0014211490184157414,0.003436644156998071,0.00035707011050908444,9.520364398026765e-05,2.9489503591230916e-05,0.011424437277632118,0.0035387404309477097,0.0018619011096091126,0.0006782862240342684,0.0,0.0,-1.0,0.0,-1.0,0.0,13.510249134298718,8.144518795045945,0.5,0.0,0.0,0.0,0.0,0.0,0.0,0.0,0.8557752987610099,0.009528138084064284,0.057400974345014476,0.024531042339623832,720.0,0.0,-4.4764052232360035e-07,1.3079419248612475e-06,-0.0003223011760729923,0.0009417181859000984,0.00010922583090040975,3.983069665314676e-06,0.07864259824829503,0.0028678101590265685,3.9577978151832715e-05,2.3943661353791167e-06,0.028496144269319557,0.0017239436174729637,6.76599899134293e-05,4.456922275265587e-06,0.0487151927376691,0.0032089840381912243,4.3289242830860256e-07,2.794737946092e-07,0.00031168254838219385,0.00020122113211862403,-0.00012901481997632612,4.957350739395315e-06,-0.09289067038295482,0.003569292532364628,0.0,0.0,0.0,0.0,-1.3035598062008025e-05,4.463483177992156e-06,-0.009385630604645777,0.003213707888154352,-2.0221881504224963e-05,1.3455182707152779e-06,-0.01455975468304197,0.0009687731549149997
persistent_shift,allfreq_alllayers,5,-0.10131575492239524,0.013796406488243056,-0.00016828207332954454,2.145678949097461e-05,-0.00014927187640175016,2.139466440187928e-05,1.8934158230527278e-05,9.327656128705727e-07,0.013632593925979642,0.0006715912412668121,-5.181722526869737,0.8398623853823554,-7.9581560420970145,1.2569412397880917,0.19743254718958347,0.00869076105876736,-0.5126365537957494,0.06307456993120199,79.72750026826202,1.592152553738685,0.4783650016095722,0.00955291532243215,0.0005246703534028368,2.1245824869368716e-05,0.000382776044937993,0.00014577069726318898,0.04593312539255916,0.017492483671582678,0.014206868627039728,0.005163221115068707,21.4,10.89219904335208,23.4,48.8,23.4,48.8,0.026562656951631923,0.010892724983414715,0.48216666666666663,0.009076832536126735,0.0,0.0,0.0,0.0,0.07542225132640974,0.004868675345887215,0.17984406631945063,0.014307321384681776,-0.12619109042900784,0.038819508952015455,720.0,0.0,9.268755578121427e-06,9.316151273435103e-06,0.006673504016247428,0.0067076289168732746,0.0008277138224880253,1.7017966027389606e-05,0.5959539521913781,0.01225293553972052,1.8934158230527278e-05,9.327656128705727e-07,0.013632593925979642,0.0006715912412668121,0.0005069045442957843,7.21752080259616e-06,0.36497127189296463,0.005196614977869252,7.98046940201746e-07,5.872004354882592e-07,0.0005745937969452572,0.00042278431355154654,-0.000837180901603289,1.7256824545095737e-05,-0.602770249154368,0.012424913672468913,7.603869726714234e-08,9.33047159645359e-08,5.4747862032342504e-05,6.717939549446586e-05,-0.00014927187640175016,2.139466440187928e-05,-0.1074757510092601,0.01540415836935308,-1.0341164752732527e-05,1.0072509723297367e-06,-0.0074456386219674195,0.0007252207000774105
persistent_shift,swapped,5,-0.08813128366734169,0.013199067033300708,-0.00015360154000040562,2.0950904420353335e-05,-0.00013637815735210364,2.0445739440264456e-05,1.714734395103482e-05,8.775980671551666e-07,0.012346087644745067,0.0006318706083517201,-6.971609220482778,1.2215086201713585,-12.325874880087515,2.0494330597077726,0.1097521383291808,0.015743495118635584,-0.8083382101230441,0.10953681997746015,52.369151899233316,1.0965087643229288,0.3142149113953998,0.006579052585937582,0.004114038935168755,0.0003252611266937583,0.0003180864498831703,0.00013102529839390645,0.03817037398598043,0.01572303580726877,0.012300464331171023,0.0038648515427449127,21.4,10.89219904335208,23.4,48.8,23.4,48.8,0.021631476948184413,0.023011821243731183,0.48216666666666663,0.009076832536126735,0.0,0.0,0.0,0.0,0.10886195868204947,0.011635029817062189,0.19737087027915673,0.0163247611092458,-0.4224438667986411,0.036086086914673125,720.0,0.0,-8.890924284273382e-07,6.5403059643163676e-06,-0.0006401465484676839,0.004709020294307785,0.00057285983167383,1.1114093604834759e-05,0.41245907880515753,0.008002147395481014,1.714734395103482e-05,8.775980671551666e-07,0.012346087644745067,0.0006318706083517201,0.0003091486121069388,1.300495390437964e-05,0.22258700071699594,0.009363566811153341,1.892317777765371e-06,1.1818913216596305e-06,0.0013624687999910672,0.000850961751594934,-0.0005814335036493473,1.1507719199485543e-05,-0.41863212262753,0.00828555782362961,7.603869726714234e-08,9.33047159645359e-08,5.4747862032342504e-05,6.717939549446586e-05,-0.00013637815735210364,2.0445739440264456e-05,-0.09819227329351463,0.01472093239699041,-1.0542028450549921e-05,1.2827234481257367e-06,-0.007590260484395944,0.00092356088265053
persistent_shift,no_promotion,5,0.24386987158139645,0.024994185333733227,0.000206830481060825,2.8321981965589437e-05,0.00030290352614949884,2.8057945595891183e-05,9.607304508867383e-05,2.5197992854361214e-06,0.06917259246384518,0.001814255485514008,16.046517769795873,1.5454063669885918,33.82682478644546,7.285656123456586,0.009242369048327892,0.0038030932143046496,32.5804942538259,15.532395246891753,5.7143986711476735,0.32518568390244623,0.03428639202688604,0.001951114103414677,4.138181408721959e-05,1.0637823229317494e-05,0.0005026285446303842,7.670203710986325e-05,0.0603154253556461,0.009204244453183588,0.0014290977611400705,0.00046110599700406677,0.0,0.0,-1.0,0.0,-1.0,0.0,59.702228976697064,91.82766588837809,0.5,0.0,0.0,0.0,0.0,0.0,0.0007358478589847301,0.00013033622449098921,1.831012500139138,0.07419172101921034,0.8803907413011187,0.06017694092017506,720.0,0.0,6.69002955813255e-06,8.68204075979905e-06,0.004816821281855436,0.0062510693470553165,0.00016921508670388478,1.0779150916156604e-05,0.12183486242679704,0.007760988659632751,9.607304508867383e-05,2.5197992854361214e-06,0.06917259246384518,0.001814255485514008,0.00034391624914577133,2.5332893783113022e-05,0.24761969938495537,0.018239683523841383,4.331950455944736e-06,4.287206414199841e-06,0.0031190043282802097,0.0030867886182238857,-0.0002172516092482217,1.1582215978235898e-05,-0.1564211586587196,0.008339195504329848,0.0,0.0,0.0,0.0,0.00030290352614949884,2.8057945595891183e-05,0.21809053882763915,0.02020172082904164,-5.236847300028166e-05,4.7990587330114685e-06,-0.03770530056020279,0.003455322287768259
persistent_shift,no_leakage,5,0.22344760059721397,0.021262096918723324,0.00027808161284315037,2.4443523513819185e-05,0.00027815765154041744,2.4445962135630712e-05,0.0,0.0,0.0,0.0,14.734472653257024,1.2190318862022322,36.30797126340774,6.854685015222389,0.01658456120171552,0.006044188554846097,16.38342364005747,8.03654626924389,11.892893639385445,0.28314891389469815,0.07135736183631267,0.0016988934833681926,0.0009507798017630478,0.0001064820434102079,0.0005383797695188988,8.543669588776348e-05,0.06460557234226787,0.010252403506531615,0.0019157329049865016,0.0006328794781923991,21.4,10.89219904335208,23.4,48.8,23.4,48.8,3.1034817555806056,1.0981968152878845,0.48216666666666663,0.009076832536126735,0.0,0.0,0.0,0.0,0.0007875423558429781,0.0001386439975415719,0.9121262661666355,0.04257380293470986,0.7557671766689907,0.029247516222415653,720.0,0.0,6.948112204992006e-06,8.078538024463055e-06,0.005002640787594245,0.005816547377613399,0.00022229973243436006,9.862304432341328e-06,0.16005580735273922,0.007100859191285756,0.0,0.0,0.0,0.0,0.00037221854593383027,2.1873299131937166e-05,0.2679973530723578,0.015748775374994767,2.283322768252615e-06,2.8536883625057416e-06,0.0016439923931418827,0.0020546556210041334,-0.00022229973243436006,9.862304432341328e-06,-0.16005580735273922,0.007100859191285756,7.603869726714234e-08,9.33047159645359e-08,5.4747862032342504e-05,6.717939549446586e-05,0.00027815765154041744,2.4445962135630712e-05,0.20027350910910063,0.017601092737654114,-2.3593614655197573e-06,2.8433143542816255e-06,-0.0016987402551742255,0.0020471863350827704
persistent_shift,freq_hrl,5,0.2435774513883525,0.02450305053317642,0.0002069010428915093,2.7849361940206725e-05,0.0003025867569953651,2.7491770806919084e-05,9.560967540658866e-05,2.444558743329168e-06,0.06883896629274384,0.0017600822951970006,16.062475069131185,1.5127162580744413,33.892224312721126,7.205804073402397,0.009255332845087772,0.003571935263328393,32.18148406612608,15.510208819022749,5.759085839678485,0.3402650846354659,0.0345545150380709,0.0020415905078127942,4.17215470009643e-05,1.0940362048641244e-05,0.0005015162076207886,7.489535285442033e-05,0.060181944914494634,0.00898744234253044,0.001427077253364987,0.00046409390362075407,21.4,10.89219904335208,23.4,48.8,23.4,48.8,59.702228976697064,91.82766588837809,0.48216666666666663,0.009076832536126735,0.0,0.0,0.0,0.0,0.0007858777973489247,0.00013739389444294498,1.8209637910823548,0.06992364185619603,0.9053075501633329,0.04924394824950533,720.0,0.0,7.310041447647811e-06,8.06842764691696e-06,0.005263229842306423,0.005809267905780211,0.00016807552336742015,9.554618070650906e-06,0.1210143768245425,0.006879325010868653,9.560967540658866e-05,2.444558743329168e-06,0.06883896629274384,0.0017600822951970006,0.00034335254063903994,2.4280546395220364e-05,0.24721382926010876,0.017481993404558662,4.316601950350101e-06,4.064119161931725e-06,0.003107953404252072,0.0029261657965908424,-0.0002158803610707145,1.0214606674789572e-05,-0.15543385997091444,0.0073545168058484975,7.603869726714234e-08,9.33047159645359e-08,5.4747862032342504e-05,6.717939549446586e-05,0.0003025867569953651,2.7491770806919084e-05,0.21786246503666287,0.01979407498098174,-5.219747835091158e-05,4.676355789165218e-06,-0.03758218441265633,0.003366976168198958
stationary_low_noise,vanilla_rl,5,-0.7409946245221518,0.002660126463814244,-0.0018986520543532448,1.5187490054255973e-05,-0.0018785245516572346,1.4296231096036416e-05,2.012750269600989e-05,9.574857863587405e-07,0.014491801941127123,0.0006893897661782935,-56.78358992117627,1.4605397754242413,-56.90539257178517,1.528446198632785,0.7404783397918486,0.0026354874474990467,-1.0006971383752994,0.00017814984684608038,239.76116605465683,1.8300750591229094,1.4385669963279408,0.010980450354737437,0.0021726888841403363,2.7593186020404333e-05,0.0,0.0,0.0,0.0,0.0,0.0,0.0,0.0,-1.0,0.0,-1.0,0.0,0.0,0.0,0.5,0.0,0.0,0.0,0.0,0.0,0.4016314646303464,0.01287557762460127,0.00765323911226967,0.000914716390804394,-0.028627423758855075,0.008099208737562024,720.0,0.0,3.373124708679182e-07,3.952933958084809e-06,0.0002428649790249011,0.0028461124498210624,0.002051140038834895,1.4460934372953186e-05,1.4768208279611243,0.010411872748526275,2.012750269600989e-05,9.574857863587405e-07,0.014491801941127123,0.0006893897661782935,0.0001234932307623181,1.05858465421217e-06,0.08891512614886904,0.0007621809510327644,1.5970349533853377e-06,6.911311516680435e-07,0.0011498651664374432,0.0004976144292009913,-0.0020612037901829,1.4898030055764235e-05,-1.484066728931688,0.010726581640150303,0.0,0.0,0.0,0.0,-0.0018785245516572346,1.4296231096036416e-05,-1.3525376771932092,0.010293286389146207,-1.1660786301390283e-05,6.699664531893289e-07,-0.008395766137001003,0.0004823758462963167
stationary_low_noise,hrl_raw,5,-0.5621997692769218,0.0032915486345807036,-0.0011827891988497774,1.1263522145367793e-05,-0.0011621380717586,1.0630427601869394e-05,2.0651127091177452e-05,9.340539953793362e-07,0.014868811505647766,0.000672518876673122,-54.40725290413011,1.3694555708405634,-55.152534839018095,1.3862511477053199,0.561618638221143,0.0032140691710573033,-1.0010340155601942,0.0002587293299223442,152.38989092249074,1.2147161973378393,0.9143393455349443,0.007288297184027034,0.007852577008823827,0.00010466648571448075,0.0,0.0,0.0,0.0,0.0,0.0,0.0,0.0,-1.0,0.0,-1.0,0.0,0.0,0.0,0.5,0.0,0.0,0.0,0.0,0.0,0.4016314646303464,0.01287557762460127,0.012897465875840616,0.001363233623688525,-0.028866470065320615,0.009260998585666324,720.0,0.0,2.4376997557988885e-07,3.424164883937867e-06,0.00017551438241751992,0.002465398716435264,0.001330689349247801,1.0714099268134477e-05,0.9580963314584168,0.007714151473056837,2.0651127091177452e-05,9.340539953793362e-07,0.014868811505647766,0.000672518876673122,0.00012323906997089058,1.0590370181902063e-06,0.0887321303790412,0.0007625066530969486,1.015564842741229e-06,6.516209871945479e-07,0.0007312066867736849,0.00046916711078007456,-0.0013410149127933899,1.101987942820667e-05,-0.9655307372112405,0.007934313188308808,0.0,0.0,0.0,0.0,-0.0011621380717586,1.0630427601869394e-05,-0.8367394116661918,0.007653907873345992,-1.1341128388329955e-05,6.790988168830351e-07,-0.008165612439597566,0.0004889511481557851
stationary_low_noise,raw_history,5,-0.01524850504793045,0.002503077474925612,-4.514631470862317e-05,4.530498246037251e-06,-2.1683867884471757e-05,3.540446696561786e-06,2.346244682415142e-05,2.398116685334681e-06,0.01689296171338902,0.0017266440134409702,-3.6015498381392894,0.5669729416783243,-5.005031372632991,0.8463531097075929,0.018306933920404566,0.0014585424373624442,-0.8311251931699131,0.10042398380341498,16.89343441855122,0.46631842967437576,0.10136060651130732,0.0027979105780462526,0.0001753260795425582,1.1276036368262848e-05,0.0,0.0,0.0,0.0,0.0,0.0,0.0,0.0,-1.0,0.0,-1.0,0.0,0.1454532967032967,0.09299428636330441,0.5,0.0,0.0,0.0,0.0,0.0,0.01970825273745239,0.0006524435795813526,0.3805138029448343,0.027600967647275196,0.13448382103735743,0.04560725998350636,720.0,0.0,3.10619030977171e-07,3.975276098308153e-06,0.00022364570230356306,0.002862198790781871,0.00018260674028027472,4.129645182174346e-06,0.13147685300179782,0.0029733445311655297,2.346244682415142e-05,2.398116685334681e-06,0.01689296171338902,0.0017266440134409702,0.00011913478539822969,6.794945823238398e-07,0.08577704548672538,0.0004892360992731642,9.806711851173225e-08,1.231725984583035e-07,7.06083253284472e-05,8.868427088997852e-05,-0.00019433796369235044,4.784523850851111e-06,-0.13992333385849234,0.003444857172612802,0.0,0.0,0.0,0.0,-2.1683867884471757e-05,3.540446696561786e-06,-0.015612384876819665,0.0025491216215244856,-1.1829290530587442e-05,1.0942525542579987e-06,-0.008517089182022958,0.0007878618390657592
stationary_low_noise,freq_single_policy,5,-0.16416019393563797,0.0038014099776083393,-0.00026358524700742264,7.034968437562225e-06,-0.00024964982835867024,6.330148960964903e-06,1.3935418648752429e-05,1.7523993345071227e-06,0.010033501427101747,0.0012617275208451286,-27.42160126016977,0.6259779990597046,-31.06026734872957,1.078032931656012,0.16270232398326864,0.0035793164177585902,-1.0089372651612731,0.002358778695526025,45.84138430849602,0.7131254594990963,0.27504830585097606,0.0042787527569945515,0.0003215066670168913,1.0083947101770174e-05,0.0,0.0,0.0,0.0,0.0,0.0,0.0,0.0,-1.0,0.0,-1.0,0.0,0.020853174603174603,0.017854541256695017,0.5,0.0,0.0,0.0,0.0,0.0,0.07524775668634372,0.0030666738295955184,0.11631241216633836,0.011164980472134902,-0.2496766619529188,0.06433199103054302,720.0,0.0,4.493349345860341e-07,3.958676229275164e-06,0.0003235211529019446,0.002850246885078118,0.00042745306164927623,6.621507413488077e-06,0.3077662043874789,0.004767485337711419,1.3935418648752429e-05,1.7523993345071227e-06,0.010033501427101747,0.0012617275208451286,0.00013255538594491087,9.945187652113163e-07,0.09543987788033584,0.0007160535109521482,6.937719442638893e-07,5.422604125274109e-07,0.0004995157998700002,0.00039042749701973585,-0.00043442077097365246,7.0231098365511595e-06,-0.3127829551010298,0.005056639082316839,0.0,0.0,0.0,0.0,-0.00024964982835867024,6.330148960964903e-06,-0.1797478764182426,0.004557707251894732,-7.661481268640103e-06,9.000308637414731e-07,-0.005516266513420874,0.0006480222218938605
stationary_low_noise,lf_upper_only,5,0.02511599150932864,0.0038502573472377873,-6.0795058942008815e-05,3.78542782375842e-06,3.442264188853926e-05,5.2104290810877145e-06,9.521770083054809e-05,5.5680855502950025e-06,0.06855674459799463,0.004009021596212401,8.440192584109237,0.7699549681570126,8.835751162450183,1.6286177096014443,0.0017729070469627351,0.0008698810124554508,17.116106818585298,6.3946875182321,3.1566920755611667,0.16251201963939996,0.018940152453367002,0.0009750721178363992,1.338835245818724e-05,6.3311439750543086e-06,0.0,0.0,0.0,0.0,0.0,0.0,0.0,0.0,-1.0,0.0,-1.0,0.0,0.0,0.0,0.5,0.0,0.0,0.0,0.0,0.0,0.0008512448248118385,0.0001282478383470296,1.7911299367295155,0.18417517019234833,1.1071092389397854,0.0356615123727661,720.0,0.0,9.765121117540227e-07,2.278820173494752e-06,0.0007030887204628963,0.0016407505249162212,5.640908924387717e-05,2.6488917350995953e-06,0.040614544255591564,0.0019072020492717082,9.521770083054809e-05,5.5680855502950025e-06,0.06855674459799463,0.004009021596212401,5.977867377804468e-05,5.55804427535099e-06,0.043040645120192164,0.004001791878252712,2.9287093884917474e-07,5.593832888564454e-07,0.00021086707597140581,0.00040275596797664077,-0.00010401793965915122,4.911332282417564e-06,-0.07489291655458888,0.0035361592433406455,0.0,0.0,0.0,0.0,3.442264188853926e-05,5.2104290810877145e-06,0.024784302159748268,0.003751508938383155,-4.790172135412322e-05,2.997239713679099e-06,-0.034489239374968714,0.0021580125938489517
stationary_low_noise,hf_lower_only,5,-0.015506644599079711,0.0012864434266874614,-6.310146712056608e-05,2.8711356483018614e-06,-2.3601328821863062e-05,1.8400580893659492e-06,3.950013829870303e-05,2.146972716110692e-06,0.02844009957506618,0.0015458203555996977,-20.811280355711443,1.972733221781995,-25.802428614001137,2.2477802871986907,0.015506926940556309,0.0012869330149295824,-0.9999840832566121,3.183348677557873e-05,4.3580579144128695,0.1171424422910754,0.02614834748647722,0.0007028546537464523,0.0009475179312754274,7.87828375914369e-05,0.0,0.0,0.0,0.0,0.0,0.0,0.0,0.0,-1.0,0.0,-1.0,0.0,132.08670995670997,134.89874644205588,0.5,0.0,0.0,0.0,0.0,0.0,0.0,0.0,0.8486100405707058,0.01765106426675108,0.04302938460468886,0.02096196974981369,720.0,0.0,-1.0948875957142045e-07,1.0045710146726064e-06,-7.883190689142274e-05,0.0007232911305642767,4.539102346015751e-05,1.410847451705716e-06,0.03268153689131341,0.0010158101652281148,3.950013829870303e-05,2.146972716110692e-06,0.02844009957506618,0.0015458203555996977,1.472034508703313e-05,1.2981628537809307e-06,0.010598648462663854,0.00093467725472227,1.1780423002031987e-07,9.272411598727984e-08,8.48190456146303e-05,6.676136351084148e-05,-6.514109260950902e-05,2.2734315166087216e-06,-0.0469015866788465,0.0016368706919582805,0.0,0.0,0.0,0.0,-2.3601328821863062e-05,1.8400580893659492e-06,-0.016992956751741405,0.001324841824343483,-1.9867873379371833e-05,1.0470297282100683e-06,-0.014304868833147721,0.0007538614043112493
stationary_low_noise,allfreq_alllayers,5,-0.16636596833983236,0.004066158632288679,-0.00027217063109206334,7.5734303147672575e-06,-0.00025326084595139953,6.791237429267347e-06,1.8909785140663816e-05,1.799377632870477e-06,0.013615045301277948,0.001295551895666743,-26.124685943021518,0.6062445280655208,-29.501846953296923,1.082657126120665,0.164972890804054,0.003839680548631152,-1.0084193876185994,0.002297123301913275,46.55305502058002,0.7587684637533817,0.2793183301234802,0.0045526107825202815,0.000293336274388996,1.0172565205995588e-05,0.0,0.0,0.0,0.0,0.0,0.0,0.0,0.0,-1.0,0.0,-1.0,0.0,0.029742063492063493,0.032468975637318154,0.5,0.0,0.0,0.0,0.0,0.0,0.07524775668634372,0.0030666738295955184,0.21377332456309617,0.01195752272674357,-0.2521464115774224,0.062278645521748624,720.0,0.0,4.856405881574903e-07,4.134221686863692e-06,0.00034966122347339324,0.0029766396145418585,0.000434158973490202,7.00252887109805e-06,0.31259446091294546,0.005041820787190598,1.8909785140663816e-05,1.799377632870477e-06,0.013615045301277948,0.001295551895666743,0.00013478231118072115,1.074541485973389e-06,0.09704326405011923,0.0007736698699008424,7.501364840732553e-07,5.822681215489174e-07,0.0005400982685327438,0.0004192330475152205,-0.000443613866060534,7.457649787946536e-06,-0.3194019835635844,0.005369507847321502,0.0,0.0,0.0,0.0,-0.00025326084595139953,6.791237429267347e-06,-0.18234780908500767,0.004889690949072492,-1.0205029054405164e-05,8.453189045657916e-07,-0.007347620919171719,0.0006086296112873702
stationary_low_noise,swapped,5,-0.10873884431074679,0.0057351721438847056,-0.0001765663209295089,9.505651037664174e-06,-0.0001619656447504407,9.041595230812927e-06,1.4600676179068208e-05,8.539252672976223e-07,0.010512486848929109,0.000614826192454288,-28.62185326453053,1.9878702748560213,-32.73861876821431,2.477254991997135,0.10873884431074679,0.0057351721438847056,-1.0,0.0,27.290445390336743,0.6465343400597852,0.16374267234202047,0.0038792060403587104,0.0010375578433909935,5.3879794518982923e-05,0.0,0.0,0.0,0.0,0.0,0.0,0.0,0.0,-1.0,0.0,-1.0,0.0,0.07266636141636142,0.051481004794647955,0.5,0.0,0.0,0.0,0.0,0.0,0.10049488780678847,0.008761060540298335,0.1589548431490365,0.006267852663296125,-0.5145184639406977,0.03208996896689273,720.0,0.0,-4.2703049067646286e-07,4.323752421589446e-06,-0.00030746195328705317,0.003113101743544401,0.00026211524555146023,6.427156924025325e-06,0.18872297679705136,0.004627552985298234,1.4600676179068208e-05,8.539252672976223e-07,0.010512486848929109,0.000614826192454288,6.795687967982395e-05,5.595778635073108e-06,0.04892895336947324,0.0040289606172526395,7.003979897072882e-07,5.478089755984156e-07,0.0005042865525892474,0.0003944224624308592,-0.0002694155836409944,6.678077046493064e-06,-0.19397922022151595,0.004808215473475009,0.0,0.0,0.0,0.0,-0.0001619656447504407,9.041595230812927e-06,-0.11661526422031729,0.006509948566185306,-8.000736079241392e-06,6.213567381097452e-07,-0.005760529977053802,0.0004473768514390166
stationary_low_noise,no_promotion,5,0.02511599150932864,0.0038502573472377873,-6.0795058942008815e-05,3.78542782375842e-06,3.442264188853926e-05,5.2104290810877145e-06,9.521770083054809e-05,5.5680855502950025e-06,0.06855674459799463,0.004009021596212401,8.440192584109237,0.7699549681570126,8.835751162450183,1.6286177096014443,0.0017729070469627351,0.0008698810124554508,17.116106818585298,6.3946875182321,3.1566920755611667,0.16251201963939996,0.018940152453367002,0.0009750721178363992,1.338835245818724e-05,6.3311439750543086e-06,0.0,0.0,0.0,0.0,0.0,0.0,0.0,0.0,-1.0,0.0,-1.0,0.0,0.0,0.0,0.5,0.0,0.0,0.0,0.0,0.0,0.0008512448248118385,0.0001282478383470296,1.7911299367295155,0.18417517019234833,1.1071092389397854,0.0356615123727661,720.0,0.0,9.765121117540227e-07,2.278820173494752e-06,0.0007030887204628963,0.0016407505249162212,5.640908924387717e-05,2.6488917350995953e-06,0.040614544255591564,0.0019072020492717082,9.521770083054809e-05,5.5680855502950025e-06,0.06855674459799463,0.004009021596212401,5.977867377804468e-05,5.55804427535099e-06,0.043040645120192164,0.004001791878252712,2.9287093884917474e-07,5.593832888564454e-07,0.00021086707597140581,0.00040275596797664077,-0.00010401793965915122,4.911332282417564e-06,-0.07489291655458888,0.0035361592433406455,0.0,0.0,0.0,0.0,3.442264188853926e-05,5.2104290810877145e-06,0.024784302159748268,0.003751508938383155,-4.790172135412322e-05,2.997239713679099e-06,-0.034489239374968714,0.0021580125938489517
stationary_low_noise,no_leakage,5,0.012420011425035949,0.003082247992965946,1.6574359305104977e-05,4.225084199901792e-06,1.6574359305104977e-05,4.225084199901792e-06,0.0,0.0,0.0,0.0,4.239005164051214,0.7659787495039523,5.134422831357353,0.7606876762649634,0.0030861591277403953,0.001181846146051944,4.6582037809719,2.11063006488695,6.186321604327327,0.2099377435405966,0.03711792962596396,0.0012596264612435807,0.00028450373916127144,2.7680751071840798e-05,0.0,0.0,0.0,0.0,0.0,0.0,0.0,0.0,-1.0,0.0,-1.0,0.0,72.45150406504065,62.02745793198469,0.5,0.0,0.0,0.0,0.0,0.0,0.0008512448248118385,0.0001282478383470296,0.9070481756489874,0.06244939766785971,0.9232886818581092,0.030440525720263827,720.0,0.0,9.172526500052578e-07,2.1043148225117728e-06,0.0006604219080037857,0.0015151066722084762,8.214967766449112e-05,3.0204658635577137e-06,0.059147767918433604,0.002174735421761553,0.0,0.0,0.0,0.0,6.777879416948335e-05,4.875330182679117e-06,0.04880073180202799,0.003510237731528965,1.5594129052635826e-07,2.767358975313979e-07,0.00011227772917897794,0.00019924984622260648,-8.214967766449112e-05,3.0204658635577137e-06,-0.059147767918433604,0.002174735421761553,0.0,0.0,0.0,0.0,1.6574359305104977e-05,4.225084199901792e-06,0.011933538699675585,0.0030420606239292907,-1.5594129052635826e-07,2.767358975313979e-07,-0.00011227772917897794,0.00019924984622260648
stationary_low_noise,freq_hrl,5,0.02511599150932864,0.0038502573472377873,-6.0795058942008815e-05,3.78542782375842e-06,3.442264188853926e-05,5.2104290810877145e-06,9.521770083054809e-05,5.5680855502950025e-06,0.06855674459799463,0.004009021596212401,8.440192584109237,0.7699549681570126,8.835751162450183,1.6286177096014443,0.0017729070469627351,0.0008698810124554508,17.116106818585298,6.3946875182321,3.1566920755611667,0.16251201963939996,0.018940152453367002,0.0009750721178363992,1.338835245818724e-05,6.3311439750543086e-06,0.0,0.0,0.0,0.0,0.0,0.0,0.0,0.0,-1.0,0.0,-1.0,0.0,0.0,0.0,0.5,0.0,0.0,0.0,0.0,0.0,0.0008512448248118385,0.0001282478383470296,1.7911299367295155,0.18417517019234833,1.1071092389397854,0.0356615123727661,720.0,0.0,9.765121117540227e-07,2.278820173494752e-06,0.0007030887204628963,0.0016407505249162212,5.640908924387717e-05,2.6488917350995953e-06,0.040614544255591564,0.0019072020492717082,9.521770083054809e-05,5.5680855502950025e-06,0.06855674459799463,0.004009021596212401,5.977867377804468e-05,5.55804427535099e-06,0.043040645120192164,0.004001791878252712,2.9287093884917474e-07,5.593832888564454e-07,0.00021086707597140581,0.00040275596797664077,-0.00010401793965915122,4.911332282417564e-06,-0.07489291655458888,0.0035361592433406455,0.0,0.0,0.0,0.0,3.442264188853926e-05,5.2104290810877145e-06,0.024784302159748268,0.003751508938383155,-4.790172135412322e-05,2.997239713679099e-06,-0.034489239374968714,0.0021580125938489517
stationary_high_noise,vanilla_rl,5,-0.938194302391743,0.006198862781384892,-0.003917502765483723,0.0001405739488566095,-0.0038811206464355215,0.00014020091922587328,3.638211904820152e-05,5.244314504918075e-07,0.026195125714705097,0.00037759064435410156,-55.56580584815712,2.7971657299782207,-56.26497419722155,2.6176934563559824,0.9379149195296262,0.006226883758297199,-1.0002980880839498,3.186224482132905e-05,473.4870440730929,13.723173108980221,2.840922264438557,0.08233903865388133,0.008503887638179244,0.0003285149086292982,0.0,0.0,0.0,0.0,0.0,0.0,0.0,0.0,-1.0,0.0,-1.0,0.0,0.0,0.0,0.5,0.0,0.0,0.0,0.0,0.0,0.7200977136802009,0.01751649477100649,0.006196705142158616,0.0004686252930499796,-0.004276616417359067,0.006432267078410942,720.0,0.0,-3.1221249241635218e-06,2.7271583197235706e-05,-0.002247929945397735,0.01963553990200971,0.0041861695371515,0.0001255225095813046,3.01404206674908,0.09037620689853952,3.638211904820152e-05,5.244314504918075e-07,0.026195125714705097,0.00037759064435410156,8.473462104077507e-05,5.284571507822362e-06,0.06100892714935804,0.0038048914856320987,2.6576001311378483e-05,2.423803427102089e-06,0.01913472094419251,0.0017451384675135036,-0.004204360596675601,0.00012571644298913916,-3.027139629606433,0.09051583895218028,0.0,0.0,0.0,0.0,-0.0038811206464355215,0.00014020091922587328,-2.794406865433575,0.10094466184262882,-4.4767060835479246e-05,2.4963753432113842e-06,-0.03223228380154506,0.001797390247112197
stationary_high_noise,hrl_raw,5,-0.8312181323233231,0.009327232339917403,-0.002568087111551549,7.913313611530279e-05,-0.0025313830159085114,7.87455983584311e-05,3.670409564303795e-05,4.910378346575793e-07,0.02642694886298732,0.00035354724095345755,-57.57672253432155,3.5680188694767323,-59.032436863363955,3.572939471467563,0.830710263112661,0.00935529823462129,-1.0006118249204758,4.062325937089895e-05,305.75783582001986,6.7625873439559125,1.834547014920119,0.040575524063735345,0.030967587241076323,0.0009003069384097294,0.0,0.0,0.0,0.0,0.0,0.0,0.0,0.0,-1.0,0.0,-1.0,0.0,0.0,0.0,0.5,0.0,0.0,0.0,0.0,0.0,0.7200977136802009,0.01751649477100649,0.009458263987808437,0.0007774236536730684,-0.005835475998199797,0.005976347920676992,720.0,0.0,-5.96387633674454e-06,2.090655960163139e-05,-0.004293990962456068,0.015052722913174601,0.0027954649883643176,6.443767133618867e-05,2.0127347916223086,0.046395123362055875,3.670409564303795e-05,4.910378346575793e-07,0.02642694886298732,0.00035354724095345755,8.4498000077218e-05,5.237228184272022e-06,0.06083856005559697,0.003770804292675856,1.7107681082832687e-05,1.5190899992070117e-06,0.012317530379639533,0.0010937447994290486,-0.0028138170361858366,6.463407064442512e-05,-2.0259482660538026,0.04653653086398605,0.0,0.0,0.0,0.0,-0.0025313830159085114,7.87455983584311e-05,-1.822595771454128,0.056696830818070365,-3.545972890435166e-05,1.5722281463852014e-06,-0.025531004811133195,0.001132004265397345
stationary_high_noise,raw_history,5,-0.177196722350841,0.011328180279241994,-0.0002916256417314988,1.8077980591284323e-05,-0.0002734363598205222,1.910598132613384e-05,1.8189281910976647e-05,1.3101270091568506e-06,0.013096282975903187,0.0009432914465929324,-13.205888549086623,1.2857757472923694,-18.6546145748471,1.2995835141619296,0.177198888250932,0.0113263497725933,-0.9999870792813594,2.5841437281215464e-05,48.409502658081145,0.9446324324376714,0.29045701594848683,0.00566779459462603,0.0013041048800016574,5.444719819278666e-05,0.0,0.0,0.0,0.0,0.0,0.0,0.0,0.0,-1.0,0.0,-1.0,0.0,0.042259616360899546,0.015581826692154788,0.5,0.0,0.0,0.0,0.0,0.0,0.07299698978841106,0.006619382192912492,0.22877043296715754,0.02200155907057522,0.17535516897596687,0.04819020770379982,720.0,0.0,-1.8593675801062328e-06,1.8240938526980993e-05,-0.0013387446576764868,0.013133475739426316,0.0005923808217291394,9.386395207474756e-06,0.4265141916449804,0.006758204549381825,1.8189281910976647e-05,1.3101270091568506e-06,0.013096282975903187,0.0009432914465929324,0.00013444373967026353,6.605843470125816e-06,0.09679949256258973,0.004756207298490589,4.621744162705035e-06,1.8894325924616373e-06,0.0033276557971476254,0.0013603914665723791,-0.0006014754626846277,9.473453604232372e-06,-0.43306233313293196,0.006820886595047306,0.0,0.0,0.0,0.0,-0.0002734363598205222,1.910598132613384e-05,-0.19687417907077598,0.013756306554816368,-1.3716385118193357e-05,2.4338758252158926e-06,-0.009875797285099217,0.0017523905941554427
stationary_high_noise,freq_single_policy,5,-0.5108966922277275,0.00788449426579259,-0.0010145289920781486,2.313956665006145e-05,-0.000997269079986865,2.2602163264884347e-05,1.725991209128365e-05,6.189047182047699e-07,0.012427136705724226,0.0004456113971074344,-32.282121377081936,2.15874788800461,-38.148272777317935,1.9665015576572573,0.5087015234111473,0.007935704976127148,-1.0043178658978251,0.00023778283830172079,134.9894523895191,2.5771294267657634,0.8099367143371147,0.015462776560594537,0.002308762521480324,7.383755593304903e-05,0.0,0.0,0.0,0.0,0.0,0.0,0.0,0.0,-1.0,0.0,-1.0,0.0,0.0025035205758097328,0.0030697650553747516,0.5,0.0,0.0,0.0,0.0,0.0,0.24677001955521086,0.017444908831455316,0.06352272938687707,0.00473835734062704,-0.20797958960687316,0.04369008123190643,720.0,0.0,-8.764147635788614e-06,1.2269346892948288e-05,-0.0063101862977678015,0.008833929762922767,0.0013543869029209415,1.6691104197450327e-05,0.9751585701030778,0.012017595022164285,1.725991209128365e-05,6.189047182047699e-07,0.012427136705724226,0.0004456113971074344,0.00014102469593787694,5.414481714614277e-06,0.10153778107527141,0.00389842683452228,9.465682824014551e-06,1.4667135104327033e-06,0.006815291633290477,0.0010560337275115463,-0.0013630168589665835,1.6790700228069647e-05,-0.9813721384559401,0.012089304164210106,0.0,0.0,0.0,0.0,-0.000997269079986865,2.2602163264884347e-05,-0.7180337375905428,0.016273557550716737,-1.8095638869656378e-05,1.2749416334261387e-06,-0.01302885998615259,0.00091795797606682
stationary_high_noise,lf_upper_only,5,-0.004656987718149619,0.027809138461876548,-0.00010216881215367995,3.834525841118968e-05,-7.062798082031483e-06,3.883969106402104e-05,9.510601407164846e-05,1.4885340969834144e-06,0.0684763301315869,0.0010717445498280604,-0.7697699252188459,2.712166536662208,-0.6343997364715098,3.3574656250902266,0.019457517785434742,0.012772688091325939,0.8322687099348691,2.1151250577862757,7.573713094515796,0.3308054845973155,0.04544227856709478,0.001984832907583891,5.866606943282244e-05,1.0077306121887039e-05,0.0,0.0,0.0,0.0,0.0,0.0,0.0,0.0,-1.0,0.0,-1.0,0.0,45.2150561785487,27.013991090624675,0.5,0.0,0.0,0.0,0.0,0.0,0.0025341861443042126,0.0008470994927399321,1.74653719555029,0.048998789133852035,1.0187903483337297,0.07854023618207355,720.0,0.0,4.237051291187274e-06,7.910029839213539e-06,0.003050676929654837,0.005695221484233749,0.0001886866009257649,1.5748167442427053e-05,0.13585435266655072,0.011338680558547483,9.510601407164846e-05,1.4885340969834144e-06,0.0684763301315869,0.0010717445498280604,5.193175855327851e-05,3.2766905075351766e-05,0.037390866158360535,0.023592171654253275,9.645424934642571e-06,8.930106803446615e-06,0.0069447059529426525,0.006429676898481562,-0.00023623960796158913,1.6288740064363043e-05,-0.17009251773234418,0.011727892846341391,0.0,0.0,0.0,0.0,-7.062798082031483e-06,3.883969106402104e-05,-0.005085214619062668,0.02796457756609515,-5.719843197046681e-05,9.113289447401066e-06,-0.0411828710187361,0.006561568402128766
stationary_high_noise,hf_lower_only,5,-0.06390261073091982,0.0035421832293913032,-0.00013759724964754606,6.110807533347831e-06,-9.91682168930629e-05,5.467200801586706e-06,3.8429032754483154e-05,1.5308378682578088e-06,0.027668903583227877,0.0011022032651456222,-19.036651517684646,2.4379977417921253,-25.67911326034772,2.1213422050985025,0.06428630719713482,0.0034105394662908546,-0.993947316393142,0.009422424271476578,13.152565070757651,0.4052287031824132,0.07891539042454591,0.0024313722190944767,0.0037273912829021193,0.0006314945348747574,0.0,0.0,0.0,0.0,0.0,0.0,0.0,0.0,-1.0,0.0,-1.0,0.0,1.6204558877886335,0.3254039488511597,0.5,0.0,0.0,0.0,0.0,0.0,0.0,0.0,0.756301865425187,0.020985544167659926,0.08517198158680028,0.014682065335238281,720.0,0.0,-1.564803452871628e-06,2.100289652562556e-06,-0.0011266584860675723,0.00151220854984504,0.0001607651607169149,7.44282702276086e-06,0.11575091571617872,0.005358835456387824,3.8429032754483154e-05,1.5308378682578088e-06,0.027668903583227877,0.0011022032651456222,1.9456078048593408e-05,7.117538042227172e-06,0.014008376194987255,0.005124627390403564,3.6223457872948325e-06,2.159837151229291e-06,0.0026080889668522794,0.0015550827488850893,-0.00017997967709415646,8.183272854001421e-06,-0.12958536750779265,0.0058919564548810255,0.0,0.0,0.0,0.0,-9.91682168930629e-05,5.467200801586706e-06,-0.07140111616300529,0.003936384577142428,-2.283686216453641e-05,2.1276435228977083e-06,-0.01644254075846622,0.00153190333648635
stationary_high_noise,allfreq_alllayers,5,-0.5497298589475411,0.00866772040522751,-0.0011312694015467996,2.7837080163920025e-05,-0.0011092363924188491,2.684637552349062e-05,2.1525001457105244e-05,1.3037957379567839e-06,0.015498001049115778,0.000938732931328885,-32.426380536251855,2.4400071400919217,-37.46410794529292,2.278264103657581,0.5476874667271758,0.008726689742933379,-1.0037318067266736,0.0002625194433975798,148.67811740486013,2.964195765969822,0.8920687044291608,0.0177851745958189,0.0009065333383586229,2.8295312752019333e-05,0.0,0.0,0.0,0.0,0.0,0.0,58.2,47.33032854312338,-1.0,0.0,-1.0,0.0,0.003808239952818266,0.004930469311581753,0.45958333333333334,0.03286828371050235,0.0,0.0,0.0,0.0,0.2485945642912298,0.02023893122952865,0.11543689823533802,0.010409989804507198,-0.19991361465134322,0.04378253767308587,720.0,0.0,-9.247922857262746e-06,1.302331271629134e-05,-0.006658504457229176,0.009376785155729764,0.0014684338598516065,1.8396403792876717e-05,1.0572723790931566,0.013245410730871274,2.1525001457105244e-05,1.3037957379567839e-06,0.015498001049115778,0.000938732931328885,0.00014080890882229853,6.5701976852781565e-06,0.10138241435205494,0.004730542333400273,1.0141729001046676e-05,1.2146129642477955e-06,0.007302044880753607,0.0008745213342584128,-0.0014791963605801592,1.8533008874755643e-05,-1.0650213796177146,0.01334376638982404,5.080076708449139e-07,4.5815833756070756e-07,0.000365765523008338,0.00032987400304370946,-0.0011092363924188491,2.684637552349062e-05,-0.7986502025415716,0.01932939037691324,-2.1412237400444214e-05,1.3733512547006371e-06,-0.015416810928319835,0.000988812903384459
stationary_high_noise,swapped,5,-0.34263097592762337,0.010262747323409012,-0.000620390701189865,2.195182611215945e-05,-0.000599168453964382,2.1963455169500696e-05,2.0714239554638162e-05,1.4640128935383641e-06,0.014914252479339479,0.0010540892833476223,-26.50485544497395,2.461535263933028,-33.837236279007826,2.45794511364787,0.3430160784166335,0.009621057761048258,-0.9988228227012457,0.002273810652816935,78.87686535950832,2.0880101756749543,0.4732611921570499,0.012528061054049739,0.00834728064688681,0.00040473090420298506,0.0,0.0,0.0,0.0,0.0,0.0,58.2,47.33032854312338,-1.0,0.0,-1.0,0.0,0.00796364129697463,0.007969978978151536,0.45958333333333334,0.03286828371050235,0.0,0.0,0.0,0.0,0.21902449468757776,0.020347771541072382,0.13631627449882297,0.018295525934917654,-0.3926325553835315,0.024156175772783773,720.0,0.0,-9.573483124851134e-06,9.242805928454588e-06,-0.006892907849892817,0.006654820268487303,0.0008627603804704604,1.5688216531864555e-05,0.6211874739387314,0.011295515902942466,2.0714239554638162e-05,1.4640128935383641e-06,0.014914252479339479,0.0010540892833476223,8.440680178347882e-05,2.288423107241112e-05,0.06077289728410477,0.016476646372136007,1.5113383626688836e-05,7.2915056012083895e-06,0.010881636211215963,0.00524988403287004,-0.0008731175002477793,1.576243006450105e-05,-0.6286446001784012,0.01134894964644074,5.080076708449139e-07,4.5815833756070756e-07,0.000365765523008338,0.00032987400304370946,-0.000599168453964382,2.1963455169500696e-05,-0.4314012868543551,0.01581368772204051,-2.597851107485283e-05,7.2978421440771395e-06,-0.018704527973894037,0.00525444634373554
stationary_high_noise,no_promotion,5,-0.004656987718149619,0.027809138461876548,-0.00010216881215367995,3.834525841118968e-05,-7.062798082031483e-06,3.883969106402104e-05,9.510601407164846e-05,1.4885340969834144e-06,0.0684763301315869,0.0010717445498280604,-0.7697699252188459,2.712166536662208,-0.6343997364715098,3.3574656250902266,0.019457517785434742,0.012772688091325939,0.8322687099348691,2.1151250577862757,7.573713094515796,0.3308054845973155,0.04544227856709478,0.001984832907583891,5.866606943282244e-05,1.0077306121887039e-05,0.0,0.0,0.0,0.0,0.0,0.0,0.0,0.0,-1.0,0.0,-1.0,0.0,45.2150561785487,27.013991090624675,0.5,0.0,0.0,0.0,0.0,0.0,0.0025341861443042126,0.0008470994927399321,1.74653719555029,0.048998789133852035,1.0187903483337297,0.07854023618207355,720.0,0.0,4.237051291187274e-06,7.910029839213539e-06,0.003050676929654837,0.005695221484233749,0.0001886866009257649,1.5748167442427053e-05,0.13585435266655072,0.011338680558547483,9.510601407164846e-05,1.4885340969834144e-06,0.0684763301315869,0.0010717445498280604,5.193175855327851e-05,3.2766905075351766e-05,0.037390866158360535,0.023592171654253275,9.645424934642571e-06,8.930106803446615e-06,0.0069447059529426525,0.006429676898481562,-0.00023623960796158913,1.6288740064363043e-05,-0.17009251773234418,0.011727892846341391,0.0,0.0,0.0,0.0,-7.062798082031483e-06,3.883969106402104e-05,-0.005085214619062668,0.02796457756609515,-5.719843197046681e-05,9.113289447401066e-06,-0.0411828710187361,0.006561568402128766
stationary_high_noise,no_leakage,5,-0.05929076892826499,0.020592837619245886,-8.804134862022406e-05,3.06818253035388e-05,-8.753334094937915e-05,3.0334180948014935e-05,0.0,0.0,0.0,0.0,-6.656035469172693,3.1876345106979778,-8.915522391945645,3.6896247630677776,0.059997895386747914,0.016896808016072087,-0.9671072082514979,0.08749475072703966,18.563092241593885,0.6194354748900597,0.11137855344956331,0.003716612849340355,0.001192059913942102,0.00019596791092232134,0.0,0.0,0.0,0.0,0.0,0.0,58.2,47.33032854312338,-1.0,0.0,-1.0,0.0,0.5544795188051139,0.17266953606010935,0.45958333333333334,0.03286828371050235,0.0,0.0,0.0,0.0,0.0037616509188077006,0.0019314458813373713,0.8154769059033399,0.0319760311880016,0.9124917064968674,0.09101856666302655,720.0,0.0,4.2801143094261465e-06,8.060680533603863e-06,0.0030816823027868248,0.005803689984194781,0.00027656043247126005,1.6646180095510106e-05,0.19912351137930723,0.011985249668767274,0.0,0.0,0.0,0.0,6.526309991569462e-05,2.428162859493888e-05,0.04698943193930012,0.017482772588355996,5.881504326733195e-06,6.231763600793304e-06,0.0042346831152479,0.00448686979257118,-0.00027656043247126005,1.6646180095510106e-05,-0.19912351137930723,0.011985249668767274,5.080076708449139e-07,4.5815833756070756e-07,0.000365765523008338,0.00032987400304370946,-8.753334094937915e-05,3.0334180948014935e-05,-0.063024005483553,0.02184061028257075,-6.389511997578108e-06,6.517646921174845e-06,-0.004600448638256238,0.0046927057832458876
stationary_high_noise,freq_hrl,5,-0.0035713270494906802,0.024095448572409,-9.87135711659913e-05,3.199560187183629e-05,-5.4196811043498085e-06,3.354625300651065e-05,9.278588239079657e-05,2.5366610398789106e-06,0.06680583532137352,0.0018263959487128144,-0.6791179016421319,2.3573613498223085,-0.5652148167224216,2.9865756229814044,0.017417618864575955,0.010066106398765278,0.7234559352771148,2.0168670324177698,7.8992503623425465,0.5632365168324014,0.047395502174055276,0.003379419100994411,6.140022007197495e-05,1.0898678049929935e-05,0.0,0.0,0.0,0.0,0.0,0.0,58.2,47.33032854312338,-1.0,0.0,-1.0,0.0,45.81009004402217,26.491976167079105,0.45958333333333334,0.03286828371050235,0.0,0.0,0.0,0.0,0.0034739000597023553,0.0017325701799857042,1.679300392095513,0.06977254627202979,1.042636243362225,0.10125429314784375,720.0,0.0,5.5051646898270594e-06,7.348954051658289e-06,0.003963718576675483,0.005291246917193968,0.00018768278178551837,1.9064681340203714e-05,0.13513160288557322,0.013726570564946673,9.278588239079657e-05,2.5366610398789106e-06,0.06680583532137352,0.0018263959487128144,5.502504099882163e-05,2.757847388318503e-05,0.03961802951915158,0.019856501195893224,8.059814092081814e-06,8.215170947856224e-06,0.005803066146298906,0.005914923082456481,-0.00023407572298091665,2.02934825527683e-05,-0.16853452054625997,0.014611307437993179,5.080076708449139e-07,4.5815833756070756e-07,0.000365765523008338,0.00032987400304370946,-5.4196811043498085e-06,3.354625300651065e-05,-0.0039021703951318625,0.02415330216468766,-5.4960762958325006e-05,8.31838276488051e-06,-0.03957174932999401,0.005989235590713967
localized_burst,vanilla_rl,5,-0.85464657961115,0.005474080923746428,-0.0027082325152570337,5.165154920515376e-05,-0.0026840905967212897,5.11860551947107e-05,2.4141918535743775e-05,6.824249874126765e-07,0.017382181345735513,0.0004913459909371272,-50.83321818466078,0.9233568392460652,-51.74713744623218,0.8858016161989961,0.8542168687312687,0.005553720573247284,-1.0005036956190902,0.00019394180960745897,347.9576179507443,6.58565495510064,2.0877457077044657,0.03951392973060383,0.004565929847298608,0.00014057467388299425,0.0,0.0,0.0,0.0,0.0,0.0,0.0,0.0,-1.0,0.0,-1.0,0.0,0.0,0.0,0.5,0.0,0.0,0.0,0.0,0.0,0.47862711414186326,0.011269231887775294,0.006820130925463986,0.0006663131387398875,-0.022189976479541233,0.005804419873683655,720.0,0.0,1.7013469203873916e-05,1.1392028483352746e-05,0.01224969782678922,0.008202260508013976,0.003022892001088958,5.3005275079172356e-05,2.1764822407840496,0.03816379805700406,2.4141918535743775e-05,6.824249874126765e-07,0.017382181345735513,0.0004913459909371272,0.0002076746100256357,3.5959629789778336e-06,0.1495257192184577,0.0025890933448640403,3.7530338896155066e-06,7.965516166871414e-07,0.0027021844005231644,0.0005735171640147416,-0.00303496296035683,5.322193064245401e-05,-2.1851733314569173,0.038319790062566854,0.0,0.0,0.0,0.0,-0.0026840905967212897,5.11860551947107e-05,-1.9325452296393286,0.03685395974019162,-1.582399315748739e-05,8.618145740552184e-07,-0.011393275073390921,0.0006205064933197574
localized_burst,hrl_raw,5,-0.6891427113344756,0.006001594252429307,-0.0016786238769067418,2.7872573332814682e-05,-0.0016540460371769078,2.7379537337560233e-05,2.4577839729834206e-05,6.188061085921474e-07,0.017696044605480625,0.0004455403981863462,-48.107767424964564,1.0519765601358824,-49.841099274820735,0.7846698677771531,0.6885330986121387,0.006056164352354639,-1.000886213266664,0.0003298277780233034,220.76060016770035,3.3861772303694453,1.324563601006202,0.020317063382216602,0.016354210087523295,0.0004121056690746182,0.0,0.0,0.0,0.0,0.0,0.0,0.0,0.0,-1.0,0.0,-1.0,0.0,0.0,0.0,0.5,0.0,0.0,0.0,0.0,0.0,0.47862711414186326,0.011269231887775294,0.011237471058834872,0.0008222551740667006,-0.02068952833009603,0.007139028339299429,720.0,0.0,1.1210522113962519e-05,1.044896537267068e-05,0.008071575922053013,0.007523255068322889,0.001977027782450644,2.7737559458475205e-05,1.4234600033644633,0.01997104281010211,2.4577839729834206e-05,6.188061085921474e-07,0.017696044605480625,0.0004455403981863462,0.00020712352894834566,3.633353944920794e-06,0.14912894084280887,0.002616014840342975,1.4533613345650922e-06,7.703670032066025e-07,0.001046420160886866,0.0005546642423087538,-0.001989316702315561,2.795989885788728e-05,-1.4323080256672036,0.02013112717767884,0.0,0.0,0.0,0.0,-0.0016540460371769078,2.7379537337560233e-05,-1.1909131467673735,0.01971326688304338,-1.3742281199482194e-05,7.809779767625088e-07,-0.009894442463627178,0.0005623041432690067
localized_burst,raw_history,5,0.0002859397764318983,0.00961059005361718,-2.165141226357627e-05,1.2274902578957076e-05,-4.075076903465293e-07,1.3357312763818927e-05,2.1243904573229736e-05,1.7260470542089614e-06,0.01529561129272541,0.0012427538790304525,0.048714390061374194,1.077558460527711,0.1283871410631586,1.7016221211269726,0.015423217856983973,0.003827006003437082,0.16341167923616676,0.6932555680083771,26.357743867494882,0.5429126974189812,0.1581464632049693,0.0032574761845139064,0.00039834687310390476,2.218273083789515e-05,0.0,0.0,0.0,0.0,0.0,0.0,0.0,0.0,-1.0,0.0,-1.0,0.0,0.07219620958751394,0.07944698863995539,0.5,0.0,0.0,0.0,0.0,0.0,0.023729802052484372,0.0009824800148456874,0.35379029522003796,0.021469135190258632,0.1404562369767272,0.025233462462695918,720.0,0.0,-4.435718849206646e-06,1.0665396930352873e-05,-0.003193717571428785,0.007679085789854069,0.00033204424090905885,1.0649629714046716e-05,0.23907185345452237,0.007667733394113632,2.1243904573229736e-05,1.7260470542089614e-06,0.01529561129272541,0.0012427538790304525,0.00022447277046752528,4.677759268509189e-06,0.1616203947366182,0.0033679866733266144,7.262335279892532e-08,1.0459772781236802e-07,5.228881401522623e-05,7.531036402490497e-05,-0.00034266619319567375,1.0489836423193916e-05,-0.2467196591008851,0.007552682224699614,0.0,0.0,0.0,0.0,-4.075076903465293e-07,1.3357312763818927e-05,-0.0002934055370495011,0.009617265189949627,-1.0694575639413794e-05,7.846659260946703e-07,-0.007700094460377932,0.0005649594667881626
localized_burst,freq_single_policy,5,-0.21928877847805586,0.009878123898469596,-0.0003583960067719162,1.8202901249118252e-05,-0.00034525294034685056,1.756832998768496e-05,1.3143066425065644e-05,1.1647997419752685e-06,0.009463007826047263,0.0008386558142221932,-20.15684664755564,1.1254819950076738,-25.782323446511224,1.438853964761197,0.21723082875689353,0.00946418675581997,-1.0094113638306417,0.0035110041260691255,72.10679147055865,1.2006382197730339,0.4326407488233519,0.007203829318638225,0.0007437150280344515,2.8440545561623674e-05,0.0,0.0,0.0,0.0,0.0,0.0,0.0,0.0,-1.0,0.0,-1.0,0.0,0.013333333333333332,0.026666666666666665,0.5,0.0,0.0,0.0,0.0,0.0,0.08816754839232761,0.00439435182432811,0.10960160661357037,0.007831928118681572,-0.2741443617142596,0.08433500924861649,720.0,0.0,1.853572556213466e-06,1.1874994034787973e-05,0.0013345722404736952,0.00854999570504734,0.0007212458376907695,1.4213388982277938e-05,0.519297003137354,0.010233640067240103,1.3143066425065644e-05,1.1647997419752685e-06,0.009463007826047263,0.0008386558142221932,0.0002552708460743269,3.5665444642655334e-06,0.18379500917351538,0.002567912014271188,5.956502093977989e-07,8.928179050760819e-07,0.0004288681507664152,0.0006428288916547789,-0.0007278173709033025,1.447332283093927e-05,-0.5240285070503777,0.010420792438276295,0.0,0.0,0.0,0.0,-0.00034525294034685056,1.756832998768496e-05,-0.24858211704973243,0.012649197591133175,-7.167183421930621e-06,1.2711704728583815e-06,-0.005160372063790046,0.0009152427404580344
localized_burst,lf_upper_only,5,0.013023750320379435,0.00997003181915042,-7.56056067526298e-05,1.334069414664697e-05,1.787218335746429e-05,1.3653104698251997e-05,9.347779011009409e-05,4.339012471198978e-06,0.06730400887926774,0.003124088979263262,2.305517876479332,1.6293091219550706,3.087583297061124,2.330625090771846,0.005558628451367631,0.0013925345529920618,2.527896280456065,2.0237920643762077,5.088438853538482,0.25876077354371474,0.030530633121230888,0.0015525646412622874,2.6632175640401442e-05,1.4944667351949502e-05,0.0,0.0,0.0,0.0,0.0,0.0,0.0,0.0,-1.0,0.0,-1.0,0.0,0.0,0.0,0.5,0.0,0.0,0.0,0.0,0.0,0.002036027991921035,0.0006996842872921259,1.7302542905543639,0.144206858782862,1.095686924871967,0.041146294405401025,720.0,0.0,-5.963926735101266e-07,4.821986305675636e-06,-0.0004294027249272911,0.003471830140086458,0.00010430515257623435,1.266410701392619e-05,0.07509970985488873,0.009118157050026854,9.347779011009409e-05,4.339012471198978e-06,0.06730400887926774,0.003124088979263262,6.092549749507591e-05,1.2399788349513863e-05,0.043866358196454645,0.00892784761164998,2.5529756604080867e-06,6.148524075411786e-07,0.0018381424754938223,0.0004426937334296487,-0.00015104404763128138,1.4784658947988739e-05,-0.10875171429452261,0.010644954442551898,0.0,0.0,0.0,0.0,1.787218335746429e-05,1.3653104698251997e-05,0.012867972017374291,0.009830235382741437,-4.929187071545513e-05,1.7888612324284478e-06,-0.035490146915127696,0.0012879800873484835
localized_burst,hf_lower_only,5,-0.012593985980596845,0.003396443774223741,-6.325171230765631e-05,4.992073581802889e-06,-2.2464830711797687e-05,4.780330746674966e-06,4.0786881595858624e-05,1.3583208896022828e-06,0.029366554749018208,0.0009779910405136435,-7.337546936146168,2.17047205045602,-11.438790769534291,3.052953075635836,0.013215040991710425,0.0026481857924756528,-0.942575308152494,0.1148291082860873,6.907172486909308,0.15390632592317105,0.041443034921455846,0.0009234379555390269,0.002428084221713472,0.00015716496700735215,0.0,0.0,0.0,0.0,0.0,0.0,0.0,0.0,-1.0,0.0,-1.0,0.0,38.65001317523057,12.836673931714277,0.5,0.0,0.0,0.0,0.0,0.0,0.0,0.0,0.8683588965600636,0.008727766538777037,0.03592139380161531,0.0160499233794712,720.0,0.0,-3.459266404970941e-07,2.6535103916559874e-06,-0.00024906718115790775,0.0019105274819923108,8.416580955612832e-05,2.947223047934427e-06,0.06059938288041239,0.002122000594512787,4.0786881595858624e-05,1.3583208896022828e-06,0.029366554749018208,0.0009779910405136435,4.029703509637058e-05,3.028813844755256e-06,0.02901386526938681,0.002180745968223784,5.914513590600136e-08,8.34619037099447e-08,4.258449785232098e-05,6.009257067116018e-05,-0.00010455925035405761,3.404250191772459e-06,-0.07528266025492149,0.002451060138076173,0.0,0.0,0.0,0.0,-2.2464830711797687e-05,4.780330746674966e-06,-0.016174678112494335,0.0034418381376059752,-2.0452585933835312e-05,7.488114045802199e-07,-0.014725861872361422,0.0005391442112977581
localized_burst,allfreq_alllayers,5,-0.2313438334851014,0.010369081659427551,-0.0003855337667684457,1.9545185323219627e-05,-0.0003665220799815835,1.8689499964326162e-05,1.8978711831960462e-05,1.2924518780652114e-06,0.013664672519011534,0.0009305653522069521,-19.82516179110784,1.0867000182980484,-24.980056912326994,1.4242228668944312,0.22938807702711586,0.009923750659244881,-1.0084603811148134,0.003299848458361892,75.3138137143767,1.2840030134800782,0.4518828822862603,0.007704018080880472,0.0005767507257305692,1.2379039784701657e-05,0.0,0.0,0.0,0.0,0.0,0.0,10.6,21.2,-1.0,0.0,-1.0,0.0,0.013333333333333332,0.026666666666666665,0.4926388888888889,0.014722222222222215,0.0,0.0,0.0,0.0,0.08820842038219479,0.004399736876520188,0.2222603147412901,0.006166135951714701,-0.27855684218566973,0.0732111458011188,720.0,0.0,2.4780465121329367e-06,1.216544556167662e-05,0.001784193488735714,0.008759120804407165,0.0007497611759665273,1.4899491296510247e-05,0.5398280466958996,0.010727633733487374,1.8978711831960462e-05,1.2924518780652114e-06,0.013664672519011534,0.0009305653522069521,0.0002597684892442173,3.6687232991061045e-06,0.18703331225583644,0.002641480775356397,6.289285739529659e-07,9.321664716344228e-07,0.00045282857324613546,0.0006711598595767845,-0.0007592505318825075,1.5275836161418922e-05,-0.5466603829554054,0.010998602036221638,3.297495490169841e-08,6.59499098033968e-08,2.374196752922286e-05,4.7483935058445724e-05,-0.0003665220799815835,1.8689499964326162e-05,-0.26389589758674015,0.013456439974314827,-1.0151259444834897e-05,1.4931427389333602e-06,-0.007308906800281125,0.0010750627720320192
localized_burst,swapped,5,-0.12023433883536953,0.013935882966291783,-0.00019869958268471942,2.2694421248911323e-05,-0.00018297999234981446,2.2247502152403262e-05,1.5686615380003243e-05,2.4677010790951056e-06,0.011294363073602334,0.0017767447769484754,-15.070683166602446,2.2995104995912836,-21.408966268837634,2.520977972630124,0.12177433667667899,0.01170347339576541,-0.9855052522992395,0.02891793069608256,43.38432146876526,1.036322802052989,0.2603059288125915,0.006217936812317937,0.0024783535553523084,0.00014927642194798298,0.0,0.0,0.0,0.0,0.0,0.0,10.6,21.2,-1.0,0.0,-1.0,0.0,0.013333333333333332,0.026666666666666665,0.4926388888888889,0.014722222222222215,0.0,0.0,0.0,0.0,0.09359710555526687,0.008157031704945751,0.16997698727088642,0.019715674885159525,-0.4960152197163651,0.02838256532551279,720.0,0.0,-3.0378140897223475e-07,1.1826090963096274e-05,-0.00021872261446000875,0.008514785493429317,0.0004644198084736449,1.2804402392630704e-05,0.3343822621010243,0.009219169722694112,1.5686615380003243e-05,2.4677010790951056e-06,0.011294363073602334,0.0017767447769484754,0.00018381650840957285,1.2194049170101185e-05,0.13234788605489242,0.008779715402472858,4.052365002725122e-07,5.634546982301244e-07,0.0002917702801962088,0.0004056873827256897,-0.0004722631161636465,1.2840336947700309e-05,-0.3400294436378254,0.009245042602344225,3.297495490169841e-08,6.59499098033968e-08,2.374196752922286e-05,4.7483935058445724e-05,-0.00018297999234981446,2.2247502152403262e-05,-0.1317455944918664,0.01601820154973035,-8.281519145175832e-06,1.8299718134467936e-06,-0.005962693784526599,0.0013175797056816914
localized_burst,no_promotion,5,0.013023750320379435,0.00997003181915042,-7.56056067526298e-05,1.334069414664697e-05,1.787218335746429e-05,1.3653104698251997e-05,9.347779011009409e-05,4.339012471198978e-06,0.06730400887926774,0.003124088979263262,2.305517876479332,1.6293091219550706,3.087583297061124,2.330625090771846,0.005558628451367631,0.0013925345529920618,2.527896280456065,2.0237920643762077,5.088438853538482,0.25876077354371474,0.030530633121230888,0.0015525646412622874,2.6632175640401442e-05,1.4944667351949502e-05,0.0,0.0,0.0,0.0,0.0,0.0,0.0,0.0,-1.0,0.0,-1.0,0.0,0.0,0.0,0.5,0.0,0.0,0.0,0.0,0.0,0.002036027991921035,0.0006996842872921259,1.7302542905543639,0.144206858782862,1.095686924871967,0.041146294405401025,720.0,0.0,-5.963926735101266e-07,4.821986305675636e-06,-0.0004294027249272911,0.003471830140086458,0.00010430515257623435,1.266410701392619e-05,0.07509970985488873,0.009118157050026854,9.347779011009409e-05,4.339012471198978e-06,0.06730400887926774,0.003124088979263262,6.092549749507591e-05,1.2399788349513863e-05,0.043866358196454645,0.00892784761164998,2.5529756604080867e-06,6.148524075411786e-07,0.0018381424754938223,0.0004426937334296487,-0.00015104404763128138,1.4784658947988739e-05,-0.10875171429452261,0.010644954442551898,0.0,0.0,0.0,0.0,1.787218335746429e-05,1.3653104698251997e-05,0.012867972017374291,0.009830235382741437,-4.929187071545513e-05,1.7888612324284478e-06,-0.035490146915127696,0.0012879800873484835
localized_burst,no_leakage,5,-0.0006033373186227653,0.008359807132235345,-2.306141951670992e-06,1.16865474496949e-05,-2.2731669967692933e-06,1.1661388859540954e-05,0.0,0.0,0.0,0.0,-0.2629904912788187,1.6006383913826296,-0.2595735284715553,2.285361880816135,0.008645895025515405,0.0008450297395250401,-0.044129535886115165,0.9902268920885915,9.984582782534243,0.26973541649072846,0.05990749669520547,0.001618412498944373,0.0007031990120998215,5.829931617751967e-05,0.0,0.0,0.0,0.0,0.0,0.0,10.6,21.2,-1.0,0.0,-1.0,0.0,8.530819904732947,9.148131140730667,0.4926388888888889,0.014722222222222215,0.0,0.0,0.0,0.0,0.002053049765002889,0.0006812193961698392,0.9122327894520085,0.06364145135117424,0.9097435858370322,0.02910095915892568,720.0,0.0,-4.6562406575925014e-07,4.5650880491031905e-06,-0.00033524932734666017,0.0032868633953542976,0.0001468434032410724,1.1685157805978592e-05,0.10572725033357214,0.008413313620304584,0.0,0.0,0.0,0.0,8.280371161430829e-05,1.0966918869170623e-05,0.05961867236230197,0.00789618158580285,3.3898765849799785e-07,3.319931659748871e-07,0.00024407111411855844,0.00023903507950191874,-0.0001468434032410724,1.1685157805978592e-05,-0.10572725033357214,0.008413313620304584,3.297495490169841e-08,6.59499098033968e-08,2.374196752922286e-05,4.7483935058445724e-05,-2.2731669967692933e-06,1.1661388859540954e-05,-0.0016366802376738912,0.008396199978869487,-3.719626133996962e-07,3.902307753615141e-07,-0.0002678130816477813,0.0002809661582602902
localized_burst,freq_hrl,5,0.012984819067155096,0.00999418000904724,-7.563967263932786e-05,1.3378140185827354e-05,1.781831917446813e-05,1.3686555921515333e-05,9.34250168588943e-05,4.263808505574645e-06,0.0672660121384039,0.0030699421240137454,2.3009553518500776,1.6328439024495247,3.081921508212242,2.3354506328007787,0.005559591881636639,0.0013915565421922353,2.518124360972687,2.028035839972188,5.101235704797799,0.27622109359291597,0.030607414228786788,0.001657326561557496,2.6672701813517818e-05,1.5013035510307334e-05,0.0,0.0,0.0,0.0,0.0,0.0,10.6,21.2,-1.0,0.0,-1.0,0.0,0.0,0.0,0.4926388888888889,0.014722222222222215,0.0,0.0,0.0,0.0,0.0020509959796271363,0.0006833838059503302,1.7291257661679733,0.14258468617401,1.089768024167705,0.043494554780972534,720.0,0.0,-5.14024854179552e-07,4.667912804319248e-06,-0.0003700978950092774,0.003360897219109859,0.00010421936428628785,1.253324389128039e-05,0.07503794228612724,0.009023935601721881,9.34250168588943e-05,4.263808505574645e-06,0.0672660121384039,0.0030699421240137454,6.0895986972256377e-05,1.2391507532863161e-05,0.04384511062002459,0.008921885423661477,2.573151849512213e-06,6.114846741554617e-07,0.0018526693316487936,0.00044026896539193236,-0.000150931872715735,1.4614613563355143e-05,-0.1086709483553292,0.010522521765615704,3.297495490169841e-08,6.59499098033968e-08,2.374196752922286e-05,4.7483935058445724e-05,1.781831917446813e-05,1.3686555921515333e-05,0.012829189805617055,0.009854320263491041,-4.931863523386106e-05,1.8336123066393003e-06,-0.03550941736837996,0.001320200860780296
ood_period,vanilla_rl,5,-0.8513114687568912,0.010032239801870053,-0.0026846726241962784,9.180167257529273e-05,-0.002655758277494134,9.115099136254839e-05,2.8914346702144527e-05,6.632488744283816e-07,0.02081832962554406,0.00047753918958843444,-39.012637662824645,1.4882178210534085,-41.512839566273,1.6138438795311245,0.850712547211933,0.010120243399470059,-1.0007053761636668,0.00015817099663005256,367.97822668599264,10.07429871300551,2.207869360115956,0.06044579227803291,0.005405203415331132,0.00023194722643577598,-0.00200975081273432,0.00016081624191728009,-0.2411700975281184,0.019297949030073612,0.24718934554493313,0.019137561731150804,0.0,0.0,-1.0,0.0,-1.0,0.0,0.0,0.0,0.5,0.0,0.0,0.0,0.0,0.0,0.46574381585566876,0.013540115489991315,0.008513112238198842,0.0003780081646589697,-0.012955720928071504,0.006530064291455763,720.0,0.0,1.975051834729061e-05,2.3503657627437645e-05,0.01422037321004924,0.016922633491755105,0.0032640666927741474,8.685128354119394e-05,2.3501280187973856,0.06253292414965969,2.8914346702144527e-05,6.632488744283816e-07,0.02081832962554406,0.00047753918958843444,0.0004017868333725099,9.954002574373725e-06,0.28928652002820715,0.007166881853549075,9.0966499776967e-06,6.691205150578222e-07,0.0065495879839416234,0.000481766770841632,-0.0032785238661252186,8.71757849739015e-05,-2.3605371836101576,0.0627665651812091,0.0,0.0,0.0,0.0,-0.002655758277494134,9.115099136254839e-05,-1.9121459597957764,0.0656287137810348,-2.355382332876896e-05,9.75121142678934e-07,-0.016958752796713654,0.0007020872227288322
ood_period,hrl_raw,5,-0.6748621600984144,0.011458548908945676,-0.0016280453267782005,5.0025197333582746e-05,-0.0015986597282889765,4.939199448853505e-05,2.9385598489224397e-05,6.622521583884316e-07,0.02115763091224157,0.0004768215540396707,-34.04128685659447,1.1542184914959595,-38.73476396211298,1.324857559328902,0.6740641981478814,0.011609179642823708,-1.0011881234795326,0.00038948544909679785,236.92682855022062,4.821849908931307,1.4215609713013238,0.02893109945358775,0.01968472879908943,0.0007160780517671985,-0.0010381906481575218,0.00013041010444955802,-0.12458287777890262,0.01564921253394696,0.1348533162577519,0.014181104196105977,0.0,0.0,-1.0,0.0,-1.0,0.0,0.0013698630136986301,0.00273972602739726,0.5,0.0,0.0,0.0,0.0,0.0,0.46574381585566876,0.013540115489991315,0.013974124495724993,0.0004739643814901774,-0.01075368036116205,0.004738767189280938,720.0,0.0,1.486408040675989e-05,2.272820016308912e-05,0.01070213789286712,0.016364304117424167,0.0021829408814012566,4.4015014914176215e-05,1.5717174346089047,0.03169081073820681,2.9385598489224397e-05,6.622521583884316e-07,0.02115763091224157,0.0004768215540396707,0.0004002358868209478,1.0033491132542657e-05,0.2881698385110824,0.007224113615430715,4.844887530217989e-06,8.403226553509886e-07,0.0034883190217569527,0.0006050323118527117,-0.0021976336806458683,4.433281746227395e-05,-1.5822962500650255,0.031919628572837304,0.0,0.0,0.0,0.0,-0.0015986597282889765,4.939199448853505e-05,-1.1510350043680628,0.03556223603174524,-1.9537686774830188e-05,1.0311518079084881e-06,-0.014067134477877736,0.0007424293016941119
ood_period,raw_history,5,0.12318816447063168,0.0160630767571862,0.0001370638362128181,1.9534921199013307e-05,0.00015987508753910647,1.996526541732464e-05,2.2811251326288386e-05,6.592334975065667e-07,0.016424100954927637,0.00047464811820472784,6.342343259691008,0.7811971567673555,13.287791151263942,1.7598355162925634,0.07659278092033261,0.012066705515493048,1.6608581324120812,0.3908441993830407,36.50592253711471,1.0418228137639995,0.21903553522268826,0.006250936882583987,0.0007892298820902407,4.45884685632539e-05,0.0005243199527667497,0.00010251079955442253,0.06291839433200998,0.012301295946530703,0.01025556578668361,0.0021511973145639887,0.0,0.0,-1.0,0.0,-1.0,0.0,0.2087915525493484,0.14738080191568276,0.5,0.0,0.0,0.0,0.0,0.0,0.02997783168592587,0.002180111497813972,0.3705548547521075,0.010313320136940385,0.14832999977051897,0.026654043321208118,720.0,0.0,7.646789604536299e-06,2.0330146703511596e-05,0.005505688515266134,0.014637705626528346,0.0004871094397638137,2.0437144844289894e-05,0.35071879662994593,0.014714744287888713,2.2811251326288386e-05,6.592334975065667e-07,0.016424100954927637,0.00047464811820472784,0.00045802277884137327,9.971952233308817e-06,0.32977640076578874,0.007179805607982347,2.2164576941918567e-06,3.694759551683847e-06,0.0015958495398181367,0.0026602268772123695,-0.000498515065426958,2.0247195997322756e-05,-0.35893084710740975,0.014577981118072384,0.0,0.0,0.0,0.0,0.00015987508753910647,1.996526541732464e-05,0.11511006302815667,0.014374991100473737,-1.3622083357336048e-05,3.7800648008868535e-06,-0.009807900017281955,0.0027216466566385342
ood_period,freq_single_policy,5,-0.16401655323261305,0.013758912722421171,-0.00026610813127175506,2.294167666990029e-05,-0.0002509648159586014,2.289508484671806e-05,1.5143315313153648e-05,5.207302541581263e-07,0.010903187025470626,0.00037492578299385093,-7.810885398711491,0.9166986664134782,-12.06964017259784,1.6474601135375133,0.23546986929498886,0.009700151311710594,-0.6964622516975293,0.050264694454708055,90.3862867622821,1.8134632927157206,0.5423177205736927,0.01088077975629429,0.001180520084931244,3.982927579775476e-05,0.00018890777932700312,0.00015118901454901158,0.02266893351924038,0.018142681745881385,0.027633266563096077,0.006431201798247175,0.0,0.0,-1.0,0.0,-1.0,0.0,0.024979240371815925,0.028891639495333462,0.5,0.0,0.0,0.0,0.0,0.0,0.10277565529367663,0.007048114088187726,0.1071419767078234,0.006191915101730792,-0.1366020125713045,0.028827982513708453,720.0,0.0,7.274392124534824e-06,2.371691498742558e-05,0.0052375623296650724,0.01707617879094642,0.000953081412363078,2.0590767636149867e-05,0.6862186169014162,0.014825352698027898,1.5143315313153648e-05,5.207302541581263e-07,0.010903187025470626,0.00037492578299385093,0.0004973408884390772,1.108973071289549e-05,0.35808543967613554,0.007984606113284758,1.9544467515821752e-06,2.228526904383283e-06,0.0014072016611391658,0.0016045393711559635,-0.0009606530700196547,2.059661483079131e-05,-0.6916702104141514,0.014829562678169752,0.0,0.0,0.0,0.0,-0.0002509648159586014,2.289508484671806e-05,-0.18069466749019303,0.016484461089637005,-9.526104408158998e-06,2.3366794514096913e-06,-0.00685879517387448,0.0016824092050149778
ood_period,lf_upper_only,5,0.23804262732289608,0.02709215179365004,0.00020028363308536188,3.0377998201342944e-05,0.00029634442324612427,3.05848837215468e-05,9.606079016076235e-05,1.0323804694167038e-06,0.0691637689157489,0.000743313937980026,13.89740215233014,1.2661614519895352,26.79779330195753,2.917429025704243,0.01209777950955293,0.007431933515671427,29.761697005410884,18.084338112795038,6.4240201596362425,0.24703129845216792,0.03854412095781745,0.0014821877907130088,4.997270026717868e-05,4.199973575288235e-06,0.00047927453071395615,7.70878294534474e-05,0.05751294368567474,0.009250539534413689,0.0028389218891601417,0.0006659665309026017,0.0,0.0,-1.0,0.0,-1.0,0.0,61.40555555555555,77.34572114559862,0.5,0.0,0.0,0.0,0.0,0.0,0.0009038573764883817,0.00019253493146133814,1.8294509444360556,0.023376255681024822,0.8957832316421838,0.0755414165403811,720.0,0.0,1.0336614099775115e-05,1.0063159478130026e-05,0.007442362151838083,0.0072454748242536185,0.00019728867242890916,1.4826462567426425e-05,0.1420478441488146,0.010675053048547024,9.606079016076235e-05,1.0323804694167038e-06,0.0691637689157489,0.000743313937980026,0.00033964125587718555,2.8135231005804418e-05,0.24454170423157356,0.020257366324179186,7.983628742062505e-06,6.3353962947008315e-06,0.0057482126942850036,0.004561485332184598,-0.00024531906750929034,1.5047141635278647e-05,-0.17662972860668905,0.010833941977400622,0.0,0.0,0.0,0.0,0.00029634442324612427,3.05848837215468e-05,0.21336798473720947,0.022021116279513697,-5.601402382244368e-05,6.176012987989645e-06,-0.04033009715215945,0.004446729351352545
ood_period,hf_lower_only,5,-0.020087804106574625,0.0035808969351710336,-7.250588363406763e-05,4.417524003271899e-06,-3.5463773144868604e-05,4.874117003400412e-06,3.704211048919904e-05,1.235163335064096e-06,0.026670319552223303,0.0008893176012461487,-6.066254403905664,1.336281747598281,-10.389219566215342,1.842424991100815,0.025528684618803622,0.0028666336483458617,-0.787969512136708,0.11884794057549636,10.961336946713208,0.3103148107383606,0.06576802168027925,0.0018618888644301684,0.00363957116257501,0.0001839610514831234,4.8921960163446385e-05,3.268153847312091e-05,0.005870635219613565,0.003921784616774508,0.004219378247057018,0.0011758820847076873,0.0,0.0,-1.0,0.0,-1.0,0.0,4.554453745142018,1.2203153792756756,0.5,0.0,0.0,0.0,0.0,0.0,0.0,0.0,0.7726427895831476,0.00973284764355692,0.06310630173197154,0.015480364076210819,720.0,0.0,4.242877539966424e-07,3.7023063250388827e-06,0.00030548718287758245,0.002665660554027996,0.00013393172940897902,3.768036431447513e-06,0.0964308451744649,0.0027129862306422103,3.704211048919904e-05,1.235163335064096e-06,0.026670319552223303,0.0008893176012461487,6.273555598222818e-05,3.7589616350503084e-06,0.045169600307204294,0.0027064523772362217,2.0239067393368394e-06,3.20881835569002e-07,0.0014572128523225245,0.00023103492160968147,-0.00015245278465357857,3.764895070937463e-06,-0.10976600495057656,0.002710724451074972,0.0,0.0,0.0,0.0,-3.5463773144868604e-05,4.874117003400412e-06,-0.0255339166643054,0.003509364242448297,-2.054496198393635e-05,6.187025069331782e-07,-0.014792372628434174,0.000445465804991888
ood_period,allfreq_alllayers,5,-0.19613524438494406,0.012528759447844083,-0.00032426667842313286,2.193049098658015e-05,-0.00030419956694856037,2.168428908229778e-05,1.990193275890186e-05,9.314705226605714e-07,0.014329391586409338,0.0006706587763156115,-8.99933214159433,0.8898193821381897,-13.262566029127111,1.6461019743045109,0.2554246059330475,0.00905376898956659,-0.7678663590022462,0.040514648972360796,97.24942889579707,1.7482689869357204,0.5834965733747823,0.010489613921614281,0.0006298809122116816,2.3035925412695254e-05,0.00014119719305893556,0.00014955040480197737,0.01694366316707227,0.017946048576237283,0.03193142172204891,0.006978053195064012,19.2,23.81931988953505,23.0,48.0,23.0,48.0,0.0336828527533381,0.017021105645365825,0.485,0.018439088914585778,0.0037037037037037034,0.007407407407407407,0.0016666666666666666,0.003333333333333333,0.10290199371018134,0.007247113105455928,0.1690624488621551,0.010152764590065791,-0.1348029360386529,0.030408635105644156,720.0,0.0,8.12033730200298e-06,2.4083933988431537e-05,0.005846642857442147,0.017340432471670705,0.001010497809196723,1.8231544962823632e-05,0.7275584226216406,0.013126712373233042,1.990193275890186e-05,9.314705226605714e-07,0.014329391586409338,0.0006706587763156115,0.0004993517650388355,1.090468853582066e-05,0.35953327082796155,0.007851375745790876,2.0294708213427258e-06,2.198212102260764e-06,0.0014612189913667628,0.0015827127136277502,-0.001020448775576174,1.8313221340917473e-05,-0.7347231184148454,0.013185519365460576,1.651787156706249e-07,2.0364794542049223e-07,0.00011892867528284991,0.00014662652070275442,-0.00030419956694856037,2.168428908229778e-05,-0.21902368820296347,0.01561268813925441,-1.2145615916464279e-05,2.394560068944177e-06,-0.008744843459854282,0.0017240832496398077
ood_period,swapped,5,-0.15167621147674232,0.010630107150252815,-0.00025901962582437304,1.7960318841188563e-05,-0.00024005257641858806,1.757002931242304e-05,1.8801870690114407e-05,7.401729887646538e-07,0.013537346896882374,0.0005329245519105507,-10.359346060334376,1.0657300686871043,-16.442494827500415,1.1978623051016366,0.15774542496970023,0.010708583354096574,-0.961456777890478,0.015814536071389374,63.30701776264277,1.336107372959576,0.3798421065758567,0.008016644237757442,0.005842335406920999,0.00031554485931758406,0.00011518523162411659,0.00013770599974803158,0.01382222779489399,0.01652471996976379,0.025245032591429982,0.0059720366682916096,19.2,23.81931988953505,23.0,48.0,23.0,48.0,0.019847263686681278,0.014856842953962368,0.485,0.018439088914585778,0.0037037037037037034,0.007407407407407407,0.0016666666666666666,0.003333333333333333,0.14099918251068236,0.003700313813377735,0.21350190616785253,0.012107636333144961,-0.4290220237020149,0.03399335718770814,720.0,0.0,9.97845184921986e-07,1.8068694688213757e-05,0.0007184485331438294,0.013009460175513904,0.000697731830886942,1.8828555326397727e-05,0.5023669182385984,0.01355655983500637,1.8801870690114407e-05,7.401729887646538e-07,0.013537346896882374,0.0005329245519105507,0.00029819273056568853,1.2869052847964266e-05,0.21469876600729573,0.009265718050534276,7.336282377424143e-06,1.2902759187754469e-06,0.005282123311745383,0.0009289986615183216,-0.0007071327662319993,1.8937698843565365e-05,-0.5091355916870395,0.013635143167367064,1.651787156706249e-07,2.0364794542049223e-07,0.00011892867528284991,0.00014662652070275442,-0.00024005257641858806,1.757002931242304e-05,-0.17283785502138338,0.012650421104944585,-1.690239643815197e-05,8.021332360859896e-07,-0.01216972543546942,0.0005775359299819124
ood_period,no_promotion,5,0.23804262732289608,0.02709215179365004,0.00020028363308536188,3.0377998201342944e-05,0.00029634442324612427,3.05848837215468e-05,9.606079016076235e-05,1.0323804694167038e-06,0.0691637689157489,0.000743313937980026,13.89740215233014,1.2661614519895352,26.79779330195753,2.917429025704243,0.01209777950955293,0.007431933515671427,29.761697005410884,18.084338112795038,6.4240201596362425,0.24703129845216792,0.03854412095781745,0.0014821877907130088,4.997270026717868e-05,4.199973575288235e-06,0.00047927453071395615,7.70878294534474e-05,0.05751294368567474,0.009250539534413689,0.0028389218891601417,0.0006659665309026017,0.0,0.0,-1.0,0.0,-1.0,0.0,61.40555555555555,77.34572114559862,0.5,0.0,0.0,0.0,0.0,0.0,0.0009038573764883817,0.00019253493146133814,1.8294509444360556,0.023376255681024822,0.8957832316421838,0.0755414165403811,720.0,0.0,1.0336614099775115e-05,1.0063159478130026e-05,0.007442362151838083,0.0072454748242536185,0.00019728867242890916,1.4826462567426425e-05,0.1420478441488146,0.010675053048547024,9.606079016076235e-05,1.0323804694167038e-06,0.0691637689157489,0.000743313937980026,0.00033964125587718555,2.8135231005804418e-05,0.24454170423157356,0.020257366324179186,7.983628742062505e-06,6.3353962947008315e-06,0.0057482126942850036,0.004561485332184598,-0.00024531906750929034,1.5047141635278647e-05,-0.17662972860668905,0.010833941977400622,0.0,0.0,0.0,0.0,0.00029634442324612427,3.05848837215468e-05,0.21336798473720947,0.022021116279513697,-5.601402382244368e-05,6.176012987989645e-06,-0.04033009715215945,0.004446729351352545
ood_period,no_leakage,5,0.2057503417807489,0.021862019392809108,0.000257558048542781,2.5477577165802195e-05,0.0002577232272584516,2.5410795860402035e-05,0.0,0.0,0.0,0.0,12.101068640164389,0.998139815584165,27.356214620956592,2.227304991112794,0.0232900891577565,0.012032416028151183,13.408796134626112,10.039467387889083,14.213616057507746,0.2298257811984277,0.08528169634504648,0.0013789546871905676,0.0010551593240244721,4.906077348239336e-05,0.0004916557822982422,9.001616490296967e-05,0.05899869387578906,0.010801939788356358,0.00404309785164315,0.0009102775352863078,19.2,23.81931988953505,23.0,48.0,23.0,48.0,1.5835191348662203,0.5932764296440951,0.485,0.018439088914585778,0.0037037037037037034,0.007407407407407407,0.0016666666666666666,0.003333333333333333,0.0009750942523288801,0.00017901920411409118,0.8459358061443968,0.003809208579465392,0.7393991697654411,0.05769597389478456,720.0,0.0,1.0275563699443957e-05,1.1684006197150405e-05,0.007398405863599651,0.008412484461948292,0.0002651446193727096,1.5836572076285068e-05,0.1909041259483509,0.011402331894925247,0.0,0.0,0.0,0.0,0.0003680047826862878,2.4874749795024614e-05,0.2649634435341272,0.017909819852417724,4.7925137792587774e-06,4.317471481446938e-06,0.00345060992106632,0.0031085794666417953,-0.0002651446193727096,1.5836572076285068e-05,-0.1909041259483509,0.011402331894925247,1.651787156706249e-07,2.0364794542049223e-07,0.00011892867528284991,0.00014662652070275442,0.0002577232272584516,2.5410795860402035e-05,0.18556072362608514,0.018295773019489467,-4.957692494929403e-06,4.336517185002326e-06,-0.00356953859634917,0.0031222923732016745
ood_period,freq_hrl,5,0.2384627331773594,0.02585052391632333,0.00020095757663891712,2.8955819154275657e-05,0.0002968456150094178,2.9155343364977992e-05,9.572285965483004e-05,7.749222389975857e-07,0.06892045895147762,0.0005579440120782605,13.900634351890272,1.1830567689668732,26.863859204927103,2.8334197699722554,0.011804641948339611,0.007258230072505195,29.9720975267281,17.759467452357146,6.511398986590772,0.25049379586868914,0.039068393919544635,0.001502962775212133,5.0510502726577235e-05,3.979168911133735e-06,0.00048001021389659,7.544812880651354e-05,0.05760122566759081,0.009053775456781625,0.0028391594562357523,0.0006659195530794432,19.2,23.81931988953505,23.0,48.0,23.0,48.0,87.26206873934147,74.5806842377167,0.485,0.018439088914585778,0.0037037037037037034,0.007407407407407407,0.0016666666666666666,0.003333333333333333,0.0009600343445007143,0.00017993536579488878,1.8123626915402682,0.02668916492496857,0.8864094565026639,0.06572436136172033,720.0,0.0,1.0498297134168571e-05,1.0010391985655373e-05,0.007558773936601371,0.007207482229671869,0.00019866350728227092,1.4841019618604476e-05,0.14303772524323505,0.010685534125395224,9.572285965483004e-05,7.749222389975857e-07,0.06892045895147762,0.0005579440120782605,0.00034070999710229214,2.7032295103557457e-05,0.24531119791365033,0.019463252474561377,7.824952505750477e-06,6.178415381281696e-06,0.005633965804140342,0.004448459074522821,-0.0002465249371096859,1.5068057232512829e-05,-0.17749795471897387,0.010849001207409236,1.651787156706249e-07,2.0364794542049223e-07,0.00011892867528284991,0.00014662652070275442,0.0002968456150094178,2.9155343364977992e-05,0.2137288428067808,0.020991847222784153,-5.585156104883611e-05,6.036996940029706e-06,-0.04021312395516201,0.00434663779682139
