full_variant_id,comparator_variant_id,analysis_scope,hypothesis_role,scenarios,metric,higher_is_better,raw_full_minus_comparator_mean,directional_improvement_mean,directional_ci95_low,directional_ci95_high,paired_effect_size_dz,p_value_raw,bootstrap_draws,randomization_draws,independent_training_replicates,heldout_paths_per_replicate,scenario_count,inferential_unit,path_seed_role,multiplicity_family,p_value_holm,claim_status
freq_hrl_full_v7,flat_ppo_matched_v7,pooled_registered_scenarios,primary_baseline,persistent_shift;promotion_recovery;stationary_low_noise;stationary_high_noise;localized_burst;ood_period,total_return,True,0.0050331109159337615,0.0050331109159337615,0.0032399111796052008,0.00683558711039119,1.0934176304030245,5.9999700001499995e-05,50000,200000,24,8,6,independent_training_replicate,within_replicate_repeated_measure,primary_pooled_baseline,0.00041999790001049996,supported_improvement
freq_hrl_full_v7,flat_ppo_matched_v7,pooled_registered_scenarios,primary_baseline,persistent_shift;promotion_recovery;stationary_low_noise;stationary_high_noise;localized_burst;ood_period,LowerLFDriftAbs,False,-0.004774808438429738,0.004774808438429738,0.00427581366785089,0.005246501118589356,3.8637267420500576,4.9999750001249995e-06,50000,200000,24,8,6,independent_training_replicate,within_replicate_repeated_measure,primary_pooled_baseline,5.9999700001499995e-05,supported_improvement
freq_hrl_full_v7,flat_gru_ppo_matched_v7,pooled_registered_scenarios,primary_baseline,persistent_shift;promotion_recovery;stationary_low_noise;stationary_high_noise;localized_burst;ood_period,total_return,True,0.004211025045475645,0.004211025045475645,0.0017909036634417242,0.006811578198675258,0.656302870706546,0.002834985825070875,50000,200000,24,8,6,independent_training_replicate,within_replicate_repeated_measure,primary_pooled_baseline,0.015059924700376499,supported_improvement
freq_hrl_full_v7,flat_gru_ppo_matched_v7,pooled_registered_scenarios,primary_baseline,persistent_shift;promotion_recovery;stationary_low_noise;stationary_high_noise;localized_burst;ood_period,LowerLFDriftAbs,False,-0.003927722898496745,0.003927722898496745,0.0026110023617271394,0.005342187617100861,1.132534731275928,4.9999750001249995e-06,50000,200000,24,8,6,independent_training_replicate,within_replicate_repeated_measure,primary_pooled_baseline,5.9999700001499995e-05,supported_improvement
freq_hrl_full_v7,generic_hrl_ppo_matched_v7,pooled_registered_scenarios,primary_baseline,persistent_shift;promotion_recovery;stationary_low_noise;stationary_high_noise;localized_burst;ood_period,total_return,True,0.003448914536878307,0.003448914536878307,0.002150428109179546,0.0048035794262539094,1.0196106109654128,3.4999825000875e-05,50000,200000,24,8,6,independent_training_replicate,within_replicate_repeated_measure,primary_pooled_baseline,0.000279998600007,supported_improvement
freq_hrl_full_v7,generic_hrl_ppo_matched_v7,pooled_registered_scenarios,primary_baseline,persistent_shift;promotion_recovery;stationary_low_noise;stationary_high_noise;localized_burst;ood_period,LowerLFDriftAbs,False,5.646338853693374e-06,-5.646338853693374e-06,-1.4418475486231809e-05,2.649945361894689e-06,-0.25842581907352496,0.21821390893045534,50000,200000,24,8,6,independent_training_replicate,within_replicate_repeated_measure,primary_pooled_baseline,0.654641726791366,inconclusive
freq_hrl_full_v7,generic_hrl_gru_ppo_matched_v7,pooled_registered_scenarios,primary_baseline,persistent_shift;promotion_recovery;stationary_low_noise;stationary_high_noise;localized_burst;ood_period,total_return,True,-0.00240724990955643,-0.00240724990955643,-0.003846423119110154,-0.0010262508735663256,-0.6776655112022506,0.0025099874500627496,50000,200000,24,8,6,independent_training_replicate,within_replicate_repeated_measure,primary_pooled_baseline,0.015059924700376499,supported_harm
freq_hrl_full_v7,generic_hrl_gru_ppo_matched_v7,pooled_registered_scenarios,primary_baseline,persistent_shift;promotion_recovery;stationary_low_noise;stationary_high_noise;localized_burst;ood_period,LowerLFDriftAbs,False,-3.267932117589371e-05,3.267932117589371e-05,-7.248628286511432e-06,8.9743147683021e-05,0.2568342258160188,0.23412882935585322,50000,200000,24,8,6,independent_training_replicate,within_replicate_repeated_measure,primary_pooled_baseline,0.654641726791366,inconclusive
freq_hrl_full_v7,flat_sac_matched_v7,pooled_registered_scenarios,primary_baseline,persistent_shift;promotion_recovery;stationary_low_noise;stationary_high_noise;localized_burst;ood_period,total_return,True,0.0009665292592114204,0.0009665292592114204,-0.0005899089672358158,0.0027548149957843065,0.2259552558856614,0.29229853850730747,50000,200000,24,8,6,independent_training_replicate,within_replicate_repeated_measure,primary_pooled_baseline,0.654641726791366,inconclusive
freq_hrl_full_v7,flat_sac_matched_v7,pooled_registered_scenarios,primary_baseline,persistent_shift;promotion_recovery;stationary_low_noise;stationary_high_noise;localized_burst;ood_period,LowerLFDriftAbs,False,-0.007259487209320423,0.007259487209320423,0.006549721477982422,0.008017067000189403,3.861846063456036,4.9999750001249995e-06,50000,200000,24,8,6,independent_training_replicate,within_replicate_repeated_measure,primary_pooled_baseline,5.9999700001499995e-05,supported_improvement
freq_hrl_full_v7,flat_td3_matched_v7,pooled_registered_scenarios,primary_baseline,persistent_shift;promotion_recovery;stationary_low_noise;stationary_high_noise;localized_burst;ood_period,total_return,True,0.002710261688140842,0.002710261688140842,0.0010399363943302234,0.004629876844214466,0.5854180943429194,0.004184979075104625,50000,200000,24,8,6,independent_training_replicate,within_replicate_repeated_measure,primary_pooled_baseline,0.0167399163004185,supported_improvement
freq_hrl_full_v7,flat_td3_matched_v7,pooled_registered_scenarios,primary_baseline,persistent_shift;promotion_recovery;stationary_low_noise;stationary_high_noise;localized_burst;ood_period,LowerLFDriftAbs,False,-0.01271594154857624,0.01271594154857624,0.011104117051062307,0.014373850224274204,3.0358476298559363,4.9999750001249995e-06,50000,200000,24,8,6,independent_training_replicate,within_replicate_repeated_measure,primary_pooled_baseline,5.9999700001499995e-05,supported_improvement
freq_hrl_full_v7,flat_ppo_matched_v7,scenario:persistent_shift,secondary_baseline,persistent_shift,total_return,True,0.01228547546323181,0.01228547546323181,0.008409736100809913,0.01614851421821693,1.246648177830804,1.999960000799984e-05,20000,50000,24,8,1,independent_training_replicate,within_replicate_repeated_measure,secondary_baseline:total_return,0.0007199856002879943,supported_improvement
freq_hrl_full_v7,flat_ppo_matched_v7,scenario:persistent_shift,secondary_baseline,persistent_shift,sharpe,True,49.16445900930995,49.16445900930995,39.96025315629472,58.238848086586174,2.0694717914205905,1.999960000799984e-05,20000,50000,24,8,1,independent_training_replicate,within_replicate_repeated_measure,secondary_baseline:sharpe,0.0007199856002879943,supported_improvement
freq_hrl_full_v7,flat_ppo_matched_v7,scenario:persistent_shift,secondary_baseline,persistent_shift,max_drawdown,False,-0.005885906926257193,0.005885906926257193,0.005530833904043413,0.006263779850804498,6.329771539100287,1.999960000799984e-05,20000,50000,24,8,1,independent_training_replicate,within_replicate_repeated_measure,secondary_baseline:max_drawdown,0.0007199856002879943,supported_improvement
freq_hrl_full_v7,flat_ppo_matched_v7,scenario:persistent_shift,secondary_baseline,persistent_shift,turnover,False,0.8420751071519877,-0.8420751071519877,-0.9842969214503097,-0.7070045081302911,-2.3975550256848055,1.999960000799984e-05,20000,50000,24,8,1,independent_training_replicate,within_replicate_repeated_measure,secondary_baseline:turnover,0.0007199856002879943,supported_harm
freq_hrl_full_v7,flat_ppo_matched_v7,scenario:persistent_shift,secondary_baseline,persistent_shift,LowerLFDriftAbs,False,-0.004538297607550977,0.004538297607550977,0.004107447227559237,0.004942087855332672,4.2367492876740265,1.999960000799984e-05,20000,50000,24,8,1,independent_training_replicate,within_replicate_repeated_measure,secondary_baseline:LowerLFDriftAbs,0.0007199856002879943,supported_improvement
freq_hrl_full_v7,flat_ppo_matched_v7,scenario:promotion_recovery,secondary_baseline,promotion_recovery,total_return,True,-0.007923234009926191,-0.007923234009926191,-0.013316965732272472,-0.0027916429754242106,-0.5807082620072623,0.009499810003799925,20000,50000,24,8,1,independent_training_replicate,within_replicate_repeated_measure,secondary_baseline:total_return,0.10449791004179917,inconclusive
freq_hrl_full_v7,flat_ppo_matched_v7,scenario:promotion_recovery,secondary_baseline,promotion_recovery,sharpe,True,-45.424332494560055,-45.424332494560055,-65.22062995429884,-26.100975045566347,-0.9117060647479589,7.999840003199936e-05,20000,50000,24,8,1,independent_training_replicate,within_replicate_repeated_measure,secondary_baseline:sharpe,0.0014399712005759885,supported_harm
freq_hrl_full_v7,flat_ppo_matched_v7,scenario:promotion_recovery,secondary_baseline,promotion_recovery,max_drawdown,False,0.005229749395020605,-0.005229749395020605,-0.009974853160403904,-0.0006252006482885555,-0.4324452881654695,0.047039059218815626,20000,50000,24,8,1,independent_training_replicate,within_replicate_repeated_measure,secondary_baseline:max_drawdown,0.3292734145317094,inconclusive
freq_hrl_full_v7,flat_ppo_matched_v7,scenario:promotion_recovery,secondary_baseline,promotion_recovery,turnover,False,-1.857568213497015,1.857568213497015,1.6057779236580332,2.1134630754774517,2.8374217437983877,1.999960000799984e-05,20000,50000,24,8,1,independent_training_replicate,within_replicate_repeated_measure,secondary_baseline:turnover,0.0007199856002879943,supported_improvement
freq_hrl_full_v7,flat_ppo_matched_v7,scenario:promotion_recovery,secondary_baseline,promotion_recovery,LowerLFDriftAbs,False,-0.004883303016028301,0.004883303016028301,0.004350219309847363,0.005391881328843326,3.671501327233824,1.999960000799984e-05,20000,50000,24,8,1,independent_training_replicate,within_replicate_repeated_measure,secondary_baseline:LowerLFDriftAbs,0.0007199856002879943,supported_improvement
freq_hrl_full_v7,flat_ppo_matched_v7,scenario:stationary_low_noise,secondary_baseline,stationary_low_noise,total_return,True,-0.0018435995054205366,-0.0018435995054205366,-0.0040408586891062075,0.00037560080583155564,-0.326862855937255,0.12303753924921501,20000,50000,24,8,1,independent_training_replicate,within_replicate_repeated_measure,secondary_baseline:total_return,0.615187696246075,inconclusive
freq_hrl_full_v7,flat_ppo_matched_v7,scenario:stationary_low_noise,secondary_baseline,stationary_low_noise,sharpe,True,-2.7433530450933947,-2.7433530450933947,-16.700462957578427,10.873146704615712,-0.07765716101623661,0.7032459350812984,20000,50000,24,8,1,independent_training_replicate,within_replicate_repeated_measure,secondary_baseline:sharpe,1.0,inconclusive
freq_hrl_full_v7,flat_ppo_matched_v7,scenario:stationary_low_noise,secondary_baseline,stationary_low_noise,max_drawdown,False,-0.0026006225570086934,0.0026006225570086934,0.002362780251216689,0.002837651752421588,4.313592781588974,1.999960000799984e-05,20000,50000,24,8,1,independent_training_replicate,within_replicate_repeated_measure,secondary_baseline:max_drawdown,0.0007199856002879943,supported_improvement
freq_hrl_full_v7,flat_ppo_matched_v7,scenario:stationary_low_noise,secondary_baseline,stationary_low_noise,turnover,False,1.3483126771330447,-1.3483126771330447,-1.502351213073083,-1.2110073898505018,-3.6060107565140256,1.999960000799984e-05,20000,50000,24,8,1,independent_training_replicate,within_replicate_repeated_measure,secondary_baseline:turnover,0.0007199856002879943,supported_harm
freq_hrl_full_v7,flat_ppo_matched_v7,scenario:stationary_low_noise,secondary_baseline,stationary_low_noise,LowerLFDriftAbs,False,-0.005291156049040217,0.005291156049040217,0.004729598672084599,0.005822104346634846,3.7875700760825852,1.999960000799984e-05,20000,50000,24,8,1,independent_training_replicate,within_replicate_repeated_measure,secondary_baseline:LowerLFDriftAbs,0.0007199856002879943,supported_improvement
freq_hrl_full_v7,flat_ppo_matched_v7,scenario:stationary_high_noise,secondary_baseline,stationary_high_noise,total_return,True,0.012107793383027745,0.012107793383027745,0.00950387243316052,0.014720070302255084,1.8184014587042399,1.999960000799984e-05,20000,50000,24,8,1,independent_training_replicate,within_replicate_repeated_measure,secondary_baseline:total_return,0.0007199856002879943,supported_improvement
freq_hrl_full_v7,flat_ppo_matched_v7,scenario:stationary_high_noise,secondary_baseline,stationary_high_noise,sharpe,True,37.44058116556878,37.44058116556878,27.67261507246006,47.79664548098373,1.4573059208282497,1.999960000799984e-05,20000,50000,24,8,1,independent_training_replicate,within_replicate_repeated_measure,secondary_baseline:sharpe,0.0007199856002879943,supported_improvement
freq_hrl_full_v7,flat_ppo_matched_v7,scenario:stationary_high_noise,secondary_baseline,stationary_high_noise,max_drawdown,False,-0.009327637511067006,0.009327637511067006,0.007818386304842368,0.010923085893965333,2.330472616654518,1.999960000799984e-05,20000,50000,24,8,1,independent_training_replicate,within_replicate_repeated_measure,secondary_baseline:max_drawdown,0.0007199856002879943,supported_improvement
freq_hrl_full_v7,flat_ppo_matched_v7,scenario:stationary_high_noise,secondary_baseline,stationary_high_noise,turnover,False,-0.29015568083649657,0.29015568083649657,0.005453956433229062,0.5774572226460614,0.39396989419101003,0.06425871482570349,20000,50000,24,8,1,independent_training_replicate,within_replicate_repeated_measure,secondary_baseline:turnover,0.6425871482570349,inconclusive
freq_hrl_full_v7,flat_ppo_matched_v7,scenario:stationary_high_noise,secondary_baseline,stationary_high_noise,LowerLFDriftAbs,False,-0.004842595071111048,0.004842595071111048,0.00432903032749641,0.005342846244192808,3.736357299870605,1.999960000799984e-05,20000,50000,24,8,1,independent_training_replicate,within_replicate_repeated_measure,secondary_baseline:LowerLFDriftAbs,0.0007199856002879943,supported_improvement
freq_hrl_full_v7,flat_ppo_matched_v7,scenario:localized_burst,secondary_baseline,localized_burst,total_return,True,0.0012604721611003255,0.0012604721611003255,-0.0012801504200486806,0.00387815119141572,0.19124784985564525,0.3582128357432851,20000,50000,24,8,1,independent_training_replicate,within_replicate_repeated_measure,secondary_baseline:total_return,0.6503069938601228,inconclusive
freq_hrl_full_v7,flat_ppo_matched_v7,scenario:localized_burst,secondary_baseline,localized_burst,sharpe,True,6.8423622007529685,6.8423622007529685,-2.9745662609983357,17.005448662860317,0.2676965812832577,0.20265594688106237,20000,50000,24,8,1,independent_training_replicate,within_replicate_repeated_measure,secondary_baseline:sharpe,1.0,inconclusive
freq_hrl_full_v7,flat_ppo_matched_v7,scenario:localized_burst,secondary_baseline,localized_burst,max_drawdown,False,-0.004497973751498439,0.004497973751498439,0.004139946579376668,0.004855107413049783,4.907235124432136,1.999960000799984e-05,20000,50000,24,8,1,independent_training_replicate,within_replicate_repeated_measure,secondary_baseline:max_drawdown,0.0007199856002879943,supported_improvement
freq_hrl_full_v7,flat_ppo_matched_v7,scenario:localized_burst,secondary_baseline,localized_burst,turnover,False,1.1583740602274588,-1.1583740602274588,-1.322039723258586,-1.005809331120832,-2.8868645755374582,1.999960000799984e-05,20000,50000,24,8,1,independent_training_replicate,within_replicate_repeated_measure,secondary_baseline:turnover,0.0007199856002879943,supported_harm
freq_hrl_full_v7,flat_ppo_matched_v7,scenario:localized_burst,secondary_baseline,localized_burst,LowerLFDriftAbs,False,-0.004442742848867005,0.004442742848867005,0.0039350305480710095,0.0049513876416679755,3.4768096631578995,1.999960000799984e-05,20000,50000,24,8,1,independent_training_replicate,within_replicate_repeated_measure,secondary_baseline:LowerLFDriftAbs,0.0007199856002879943,supported_improvement
freq_hrl_full_v7,flat_ppo_matched_v7,scenario:ood_period,secondary_baseline,ood_period,total_return,True,0.014311758003589414,0.014311758003589414,0.010486002783410142,0.01831964876402204,1.4314238533021226,1.999960000799984e-05,20000,50000,24,8,1,independent_training_replicate,within_replicate_repeated_measure,secondary_baseline:total_return,0.0007199856002879943,supported_improvement
freq_hrl_full_v7,flat_ppo_matched_v7,scenario:ood_period,secondary_baseline,ood_period,sharpe,True,45.98369610688292,45.98369610688292,33.81778220180646,58.631636174306884,1.44105463243239,1.999960000799984e-05,20000,50000,24,8,1,independent_training_replicate,within_replicate_repeated_measure,secondary_baseline:sharpe,0.0007199856002879943,supported_improvement
freq_hrl_full_v7,flat_ppo_matched_v7,scenario:ood_period,secondary_baseline,ood_period,max_drawdown,False,-0.009161456969174296,0.009161456969174296,0.008035099274002859,0.010341363229901746,3.1351835588765566,1.999960000799984e-05,20000,50000,24,8,1,independent_training_replicate,within_replicate_repeated_measure,secondary_baseline:max_drawdown,0.0007199856002879943,supported_improvement
freq_hrl_full_v7,flat_ppo_matched_v7,scenario:ood_period,secondary_baseline,ood_period,turnover,False,-0.19431168999054982,0.19431168999054982,-0.03969008045855106,0.43655971009755584,0.3165135377846065,0.1351372972540549,20000,50000,24,8,1,independent_training_replicate,within_replicate_repeated_measure,secondary_baseline:turnover,1.0,inconclusive
freq_hrl_full_v7,flat_ppo_matched_v7,scenario:ood_period,secondary_baseline,ood_period,LowerLFDriftAbs,False,-0.004650756037980878,0.004650756037980878,0.004177038753414679,0.005099672200242858,3.9431519178262815,1.999960000799984e-05,20000,50000,24,8,1,independent_training_replicate,within_replicate_repeated_measure,secondary_baseline:LowerLFDriftAbs,0.0007199856002879943,supported_improvement
freq_hrl_full_v7,flat_gru_ppo_matched_v7,scenario:persistent_shift,secondary_baseline,persistent_shift,total_return,True,0.011264960355330788,0.011264960355330788,0.0066418757316582646,0.016118342445127023,0.9322580234484962,3.999920001599968e-05,20000,50000,24,8,1,independent_training_replicate,within_replicate_repeated_measure,secondary_baseline:total_return,0.000999980000399992,supported_improvement
freq_hrl_full_v7,flat_gru_ppo_matched_v7,scenario:persistent_shift,secondary_baseline,persistent_shift,sharpe,True,36.407883481414906,36.407883481414906,21.031989383336626,53.811554200288846,0.8665621855580989,9.99980000399992e-05,20000,50000,24,8,1,independent_training_replicate,within_replicate_repeated_measure,secondary_baseline:sharpe,0.0016999660006799865,supported_improvement
freq_hrl_full_v7,flat_gru_ppo_matched_v7,scenario:persistent_shift,secondary_baseline,persistent_shift,max_drawdown,False,-0.002185255300602503,0.002185255300602503,0.001620615626771533,0.0027664682874801996,1.5021365453923852,3.999920001599968e-05,20000,50000,24,8,1,independent_training_replicate,within_replicate_repeated_measure,secondary_baseline:max_drawdown,0.0007199856002879943,supported_improvement
freq_hrl_full_v7,flat_gru_ppo_matched_v7,scenario:persistent_shift,secondary_baseline,persistent_shift,turnover,False,0.9397848561670848,-0.9397848561670848,-1.1919297435075074,-0.6998143538373861,-1.5065518551435255,1.999960000799984e-05,20000,50000,24,8,1,independent_training_replicate,within_replicate_repeated_measure,secondary_baseline:turnover,0.0007199856002879943,supported_harm
freq_hrl_full_v7,flat_gru_ppo_matched_v7,scenario:persistent_shift,secondary_baseline,persistent_shift,LowerLFDriftAbs,False,-0.004034710123536833,0.004034710123536833,0.0026591529343227087,0.005511905241951251,1.104354966810949,1.999960000799984e-05,20000,50000,24,8,1,independent_training_replicate,within_replicate_repeated_measure,secondary_baseline:LowerLFDriftAbs,0.0007199856002879943,supported_improvement
freq_hrl_full_v7,flat_gru_ppo_matched_v7,scenario:promotion_recovery,secondary_baseline,promotion_recovery,total_return,True,-0.005937784000718521,-0.005937784000718521,-0.01415224723367167,0.002052467540000327,-0.28554838150358497,0.1770164596708066,20000,50000,24,8,1,independent_training_replicate,within_replicate_repeated_measure,secondary_baseline:total_return,0.615187696246075,inconclusive
freq_hrl_full_v7,flat_gru_ppo_matched_v7,scenario:promotion_recovery,secondary_baseline,promotion_recovery,sharpe,True,-17.60651959116569,-17.60651959116569,-55.02982888686493,17.837055031379997,-0.18880871399506183,0.3628927421451571,20000,50000,24,8,1,independent_training_replicate,within_replicate_repeated_measure,secondary_baseline:sharpe,1.0,inconclusive
freq_hrl_full_v7,flat_gru_ppo_matched_v7,scenario:promotion_recovery,secondary_baseline,promotion_recovery,max_drawdown,False,0.006560373376009727,-0.006560373376009727,-0.013240780421738561,-0.0001436479133606794,-0.3912631449002549,0.06753864922701545,20000,50000,24,8,1,independent_training_replicate,within_replicate_repeated_measure,secondary_baseline:max_drawdown,0.3376932461350773,inconclusive
freq_hrl_full_v7,flat_gru_ppo_matched_v7,scenario:promotion_recovery,secondary_baseline,promotion_recovery,turnover,False,0.5564504719615107,-0.5564504719615107,-0.9828643343741263,-0.1082500610364958,-0.49446615058783894,0.02397952040959181,20000,50000,24,8,1,independent_training_replicate,within_replicate_repeated_measure,secondary_baseline:turnover,0.26377472450550987,inconclusive
freq_hrl_full_v7,flat_gru_ppo_matched_v7,scenario:promotion_recovery,secondary_baseline,promotion_recovery,LowerLFDriftAbs,False,-0.00349758972195377,0.00349758972195377,0.0024119439031984108,0.004609870622626042,1.2395972332845708,1.999960000799984e-05,20000,50000,24,8,1,independent_training_replicate,within_replicate_repeated_measure,secondary_baseline:LowerLFDriftAbs,0.0007199856002879943,supported_improvement
freq_hrl_full_v7,flat_gru_ppo_matched_v7,scenario:stationary_low_noise,secondary_baseline,stationary_low_noise,total_return,True,0.0018909443388654575,0.0018909443388654575,-0.0005077489089481317,0.004293860884723228,0.30942647538782064,0.14251714965700685,20000,50000,24,8,1,independent_training_replicate,within_replicate_repeated_measure,secondary_baseline:total_return,0.615187696246075,inconclusive
freq_hrl_full_v7,flat_gru_ppo_matched_v7,scenario:stationary_low_noise,secondary_baseline,stationary_low_noise,sharpe,True,28.153515942200567,28.153515942200567,10.894914138731064,45.649174800945204,0.637676426014636,0.0036799264014719707,20000,50000,24,8,1,independent_training_replicate,within_replicate_repeated_measure,secondary_baseline:sharpe,0.04415911681766365,supported_improvement
freq_hrl_full_v7,flat_gru_ppo_matched_v7,scenario:stationary_low_noise,secondary_baseline,stationary_low_noise,max_drawdown,False,-0.0026412002148717053,0.0026412002148717053,0.0023517377089982486,0.0028932891927612447,3.786506326714334,1.999960000799984e-05,20000,50000,24,8,1,independent_training_replicate,within_replicate_repeated_measure,secondary_baseline:max_drawdown,0.0007199856002879943,supported_improvement
freq_hrl_full_v7,flat_gru_ppo_matched_v7,scenario:stationary_low_noise,secondary_baseline,stationary_low_noise,turnover,False,0.9617867721511176,-0.9617867721511176,-1.1654221848754132,-0.7651573120574428,-1.8885463436363732,1.999960000799984e-05,20000,50000,24,8,1,independent_training_replicate,within_replicate_repeated_measure,secondary_baseline:turnover,0.0007199856002879943,supported_harm
freq_hrl_full_v7,flat_gru_ppo_matched_v7,scenario:stationary_low_noise,secondary_baseline,stationary_low_noise,LowerLFDriftAbs,False,-0.003889210839909906,0.003889210839909906,0.002543649694248851,0.005388219526803156,1.0727131897325837,1.999960000799984e-05,20000,50000,24,8,1,independent_training_replicate,within_replicate_repeated_measure,secondary_baseline:LowerLFDriftAbs,0.0007199856002879943,supported_improvement
freq_hrl_full_v7,flat_gru_ppo_matched_v7,scenario:stationary_high_noise,secondary_baseline,stationary_high_noise,total_return,True,0.00549848915672622,0.00549848915672622,0.0024200911321595373,0.008606904541313224,0.696581716134243,0.0021799564008719826,20000,50000,24,8,1,independent_training_replicate,within_replicate_repeated_measure,secondary_baseline:total_return,0.0377992440151197,supported_improvement
freq_hrl_full_v7,flat_gru_ppo_matched_v7,scenario:stationary_high_noise,secondary_baseline,stationary_high_noise,sharpe,True,15.568955781015442,15.568955781015442,4.606722956445045,26.83774568492858,0.5422542962686127,0.014699706005879883,20000,50000,24,8,1,independent_training_replicate,within_replicate_repeated_measure,secondary_baseline:sharpe,0.14699706005879884,inconclusive
freq_hrl_full_v7,flat_gru_ppo_matched_v7,scenario:stationary_high_noise,secondary_baseline,stationary_high_noise,max_drawdown,False,-0.0029788816023895086,0.0029788816023895086,0.0016112287814131663,0.0044909209472144196,0.8112317569372899,0.0002599948001039979,20000,50000,24,8,1,independent_training_replicate,within_replicate_repeated_measure,secondary_baseline:max_drawdown,0.003379932401351973,supported_improvement
freq_hrl_full_v7,flat_gru_ppo_matched_v7,scenario:stationary_high_noise,secondary_baseline,stationary_high_noise,turnover,False,0.1902252270827367,-0.1902252270827367,-0.655696605821576,0.27172366447683216,-0.1605991834638636,0.4366312673746525,20000,50000,24,8,1,independent_training_replicate,within_replicate_repeated_measure,secondary_baseline:turnover,1.0,inconclusive
freq_hrl_full_v7,flat_gru_ppo_matched_v7,scenario:stationary_high_noise,secondary_baseline,stationary_high_noise,LowerLFDriftAbs,False,-0.004063567464446114,0.004063567464446114,0.00271446215287261,0.0055393557334192526,1.1185724109401334,1.999960000799984e-05,20000,50000,24,8,1,independent_training_replicate,within_replicate_repeated_measure,secondary_baseline:LowerLFDriftAbs,0.0007199856002879943,supported_improvement
freq_hrl_full_v7,flat_gru_ppo_matched_v7,scenario:localized_burst,secondary_baseline,localized_burst,total_return,True,0.004166577514336575,0.004166577514336575,0.0012370601010482508,0.0072524025483719605,0.5343354514944844,0.014539709205815883,20000,50000,24,8,1,independent_training_replicate,within_replicate_repeated_measure,secondary_baseline:total_return,0.13085738285234294,inconclusive
freq_hrl_full_v7,flat_gru_ppo_matched_v7,scenario:localized_burst,secondary_baseline,localized_burst,sharpe,True,16.829175222057653,16.829175222057653,2.441476877832133,32.73403378946941,0.4362418442429244,0.04169916601667967,20000,50000,24,8,1,independent_training_replicate,within_replicate_repeated_measure,secondary_baseline:sharpe,0.33359332813343734,inconclusive
freq_hrl_full_v7,flat_gru_ppo_matched_v7,scenario:localized_burst,secondary_baseline,localized_burst,max_drawdown,False,-0.0032776056733601383,0.0032776056733601383,0.0028056422725390336,0.003757827557689465,2.708277494693392,1.999960000799984e-05,20000,50000,24,8,1,independent_training_replicate,within_replicate_repeated_measure,secondary_baseline:max_drawdown,0.0007199856002879943,supported_improvement
freq_hrl_full_v7,flat_gru_ppo_matched_v7,scenario:localized_burst,secondary_baseline,localized_burst,turnover,False,0.915862007881502,-0.915862007881502,-1.1479289598514895,-0.6951141186883466,-1.5790267753894616,1.999960000799984e-05,20000,50000,24,8,1,independent_training_replicate,within_replicate_repeated_measure,secondary_baseline:turnover,0.0007199856002879943,supported_harm
freq_hrl_full_v7,flat_gru_ppo_matched_v7,scenario:localized_burst,secondary_baseline,localized_burst,LowerLFDriftAbs,False,-0.0038686559589099436,0.0038686559589099436,0.0025284295157451554,0.005342479004897017,1.0719859263120322,1.999960000799984e-05,20000,50000,24,8,1,independent_training_replicate,within_replicate_repeated_measure,secondary_baseline:LowerLFDriftAbs,0.0007199856002879943,supported_improvement
freq_hrl_full_v7,flat_gru_ppo_matched_v7,scenario:ood_period,secondary_baseline,ood_period,total_return,True,0.008382962908313354,0.008382962908313354,0.003924931637809656,0.013215973919014424,0.7038067126243417,0.00125997480050399,20000,50000,24,8,1,independent_training_replicate,within_replicate_repeated_measure,secondary_baseline:total_return,0.02393952120957581,supported_improvement
freq_hrl_full_v7,flat_gru_ppo_matched_v7,scenario:ood_period,secondary_baseline,ood_period,sharpe,True,23.067874115757167,23.067874115757167,5.999754329912959,41.389610372913744,0.5036115100307587,0.019099618007639846,20000,50000,24,8,1,independent_training_replicate,within_replicate_repeated_measure,secondary_baseline:sharpe,0.1718965620687586,inconclusive
freq_hrl_full_v7,flat_gru_ppo_matched_v7,scenario:ood_period,secondary_baseline,ood_period,max_drawdown,False,-0.0037124111204609005,0.0037124111204609005,0.0022044122286835614,0.005604239826237388,0.8421002406403948,1.999960000799984e-05,20000,50000,24,8,1,independent_training_replicate,within_replicate_repeated_measure,secondary_baseline:max_drawdown,0.0007199856002879943,supported_improvement
freq_hrl_full_v7,flat_gru_ppo_matched_v7,scenario:ood_period,secondary_baseline,ood_period,turnover,False,0.1220597777799715,-0.1220597777799715,-0.5588976332397821,0.3127850501197292,-0.11061092740995838,0.5895882082358352,20000,50000,24,8,1,independent_training_replicate,within_replicate_repeated_measure,secondary_baseline:turnover,1.0,inconclusive
freq_hrl_full_v7,flat_gru_ppo_matched_v7,scenario:ood_period,secondary_baseline,ood_period,LowerLFDriftAbs,False,-0.0042126032822239,0.0042126032822239,0.002844707616745259,0.0056644800137807165,1.1763346180889058,1.999960000799984e-05,20000,50000,24,8,1,independent_training_replicate,within_replicate_repeated_measure,secondary_baseline:LowerLFDriftAbs,0.0007199856002879943,supported_improvement
freq_hrl_full_v7,generic_hrl_ppo_matched_v7,scenario:persistent_shift,secondary_baseline,persistent_shift,total_return,True,0.005153136735373391,0.005153136735373391,0.0021860411871475046,0.008133726319844607,0.6731170366048012,0.003539929201415972,20000,50000,24,8,1,independent_training_replicate,within_replicate_repeated_measure,secondary_baseline:total_return,0.05663886722265555,inconclusive
freq_hrl_full_v7,generic_hrl_ppo_matched_v7,scenario:persistent_shift,secondary_baseline,persistent_shift,sharpe,True,22.53944746680806,22.53944746680806,10.025403673656,36.1483362593448,0.6768857499460711,0.0012999740005199896,20000,50000,24,8,1,independent_training_replicate,within_replicate_repeated_measure,secondary_baseline:sharpe,0.019499610007799845,supported_improvement
freq_hrl_full_v7,generic_hrl_ppo_matched_v7,scenario:persistent_shift,secondary_baseline,persistent_shift,max_drawdown,False,-0.0023948916007463378,0.0023948916007463378,0.0014903586740391812,0.0035172324207748285,0.9206966683574688,1.999960000799984e-05,20000,50000,24,8,1,independent_training_replicate,within_replicate_repeated_measure,secondary_baseline:max_drawdown,0.0007199856002879943,supported_improvement
freq_hrl_full_v7,generic_hrl_ppo_matched_v7,scenario:persistent_shift,secondary_baseline,persistent_shift,turnover,False,0.9378409886978089,-0.9378409886978089,-1.1423042256795093,-0.7276371114358909,-1.7616679954317171,1.999960000799984e-05,20000,50000,24,8,1,independent_training_replicate,within_replicate_repeated_measure,secondary_baseline:turnover,0.0007199856002879943,supported_harm
freq_hrl_full_v7,generic_hrl_ppo_matched_v7,scenario:persistent_shift,secondary_baseline,persistent_shift,LowerLFDriftAbs,False,9.257406198200138e-06,-9.257406198200138e-06,-1.8524244551491177e-05,-5.029065038710597e-07,-0.4008271051803999,0.06119877602447951,20000,50000,24,8,1,independent_training_replicate,within_replicate_repeated_measure,secondary_baseline:LowerLFDriftAbs,0.7343853122937541,inconclusive
freq_hrl_full_v7,generic_hrl_ppo_matched_v7,scenario:promotion_recovery,secondary_baseline,promotion_recovery,total_return,True,0.006704173139322822,0.006704173139322822,0.0030611074722133908,0.010329348329486905,0.7234732775374932,0.0020999580008399833,20000,50000,24,8,1,independent_training_replicate,within_replicate_repeated_measure,secondary_baseline:total_return,0.0377992440151197,supported_improvement
freq_hrl_full_v7,generic_hrl_ppo_matched_v7,scenario:promotion_recovery,secondary_baseline,promotion_recovery,sharpe,True,41.30563400915887,41.30563400915887,27.31282104172541,54.87103810231839,1.165681166196924,5.999880002399952e-05,20000,50000,24,8,1,independent_training_replicate,within_replicate_repeated_measure,secondary_baseline:sharpe,0.00125997480050399,supported_improvement
freq_hrl_full_v7,generic_hrl_ppo_matched_v7,scenario:promotion_recovery,secondary_baseline,promotion_recovery,max_drawdown,False,-0.006097688432885671,0.006097688432885671,0.002806664821659015,0.009405660816156375,0.7114815512593877,0.0023999520009599807,20000,50000,24,8,1,independent_training_replicate,within_replicate_repeated_measure,secondary_baseline:max_drawdown,0.023999520009599807,supported_improvement
freq_hrl_full_v7,generic_hrl_ppo_matched_v7,scenario:promotion_recovery,secondary_baseline,promotion_recovery,turnover,False,0.899260556564547,-0.899260556564547,-1.1452167247975833,-0.6354303853779177,-1.3858219207600497,1.999960000799984e-05,20000,50000,24,8,1,independent_training_replicate,within_replicate_repeated_measure,secondary_baseline:turnover,0.0007199856002879943,supported_harm
freq_hrl_full_v7,generic_hrl_ppo_matched_v7,scenario:promotion_recovery,secondary_baseline,promotion_recovery,LowerLFDriftAbs,False,3.874222894853298e-06,-3.874222894853298e-06,-1.2717101771509269e-05,4.748250588139974e-06,-0.17327466763058935,0.40677186456270875,20000,50000,24,8,1,independent_training_replicate,within_replicate_repeated_measure,secondary_baseline:LowerLFDriftAbs,1.0,inconclusive
freq_hrl_full_v7,generic_hrl_ppo_matched_v7,scenario:stationary_low_noise,secondary_baseline,stationary_low_noise,total_return,True,-0.003834176989162469,-0.003834176989162469,-0.005381989218855849,-0.002231275489628929,-0.9482227411347423,0.00021999560008799824,20000,50000,24,8,1,independent_training_replicate,within_replicate_repeated_measure,secondary_baseline:total_return,0.004619907601847963,supported_harm
freq_hrl_full_v7,generic_hrl_ppo_matched_v7,scenario:stationary_low_noise,secondary_baseline,stationary_low_noise,sharpe,True,-37.72573424984758,-37.72573424984758,-49.22427549641353,-26.294836250245943,-1.29765922212129,1.999960000799984e-05,20000,50000,24,8,1,independent_training_replicate,within_replicate_repeated_measure,secondary_baseline:sharpe,0.0007199856002879943,supported_harm
freq_hrl_full_v7,generic_hrl_ppo_matched_v7,scenario:stationary_low_noise,secondary_baseline,stationary_low_noise,max_drawdown,False,-0.0004952596746043911,0.0004952596746043911,0.00022637834642951244,0.0007587419891538986,0.7297329407611147,0.0020399592008159837,20000,50000,24,8,1,independent_training_replicate,within_replicate_repeated_measure,secondary_baseline:max_drawdown,0.02243955120897582,supported_improvement
freq_hrl_full_v7,generic_hrl_ppo_matched_v7,scenario:stationary_low_noise,secondary_baseline,stationary_low_noise,turnover,False,0.835420531156362,-0.835420531156362,-1.066771134822978,-0.5929988711500703,-1.3841275123547172,1.999960000799984e-05,20000,50000,24,8,1,independent_training_replicate,within_replicate_repeated_measure,secondary_baseline:turnover,0.0007199856002879943,supported_harm
freq_hrl_full_v7,generic_hrl_ppo_matched_v7,scenario:stationary_low_noise,secondary_baseline,stationary_low_noise,LowerLFDriftAbs,False,1.2073940160028011e-06,-1.2073940160028011e-06,-9.3029913188578e-06,6.716958274498956e-06,-0.05956672960147003,0.7735045299094018,20000,50000,24,8,1,independent_training_replicate,within_replicate_repeated_measure,secondary_baseline:LowerLFDriftAbs,1.0,inconclusive
freq_hrl_full_v7,generic_hrl_ppo_matched_v7,scenario:stationary_high_noise,secondary_baseline,stationary_high_noise,total_return,True,0.00898666448774304,0.00898666448774304,0.0074244644934488326,0.01051859939931007,2.278717489952413,1.999960000799984e-05,20000,50000,24,8,1,independent_training_replicate,within_replicate_repeated_measure,secondary_baseline:total_return,0.0007199856002879943,supported_improvement
freq_hrl_full_v7,generic_hrl_ppo_matched_v7,scenario:stationary_high_noise,secondary_baseline,stationary_high_noise,sharpe,True,38.41366597049471,38.41366597049471,32.50639131288189,44.203300925535814,2.574577825385765,1.999960000799984e-05,20000,50000,24,8,1,independent_training_replicate,within_replicate_repeated_measure,secondary_baseline:sharpe,0.0007199856002879943,supported_improvement
freq_hrl_full_v7,generic_hrl_ppo_matched_v7,scenario:stationary_high_noise,secondary_baseline,stationary_high_noise,max_drawdown,False,-0.006002817718402897,0.006002817718402897,0.005384420922800208,0.006615523442657838,3.81017279747254,1.999960000799984e-05,20000,50000,24,8,1,independent_training_replicate,within_replicate_repeated_measure,secondary_baseline:max_drawdown,0.0007199856002879943,supported_improvement
freq_hrl_full_v7,generic_hrl_ppo_matched_v7,scenario:stationary_high_noise,secondary_baseline,stationary_high_noise,turnover,False,0.9126167195174633,-0.9126167195174633,-1.1484473220680198,-0.6632785367704528,-1.4818510055803755,1.999960000799984e-05,20000,50000,24,8,1,independent_training_replicate,within_replicate_repeated_measure,secondary_baseline:turnover,0.0007199856002879943,supported_harm
freq_hrl_full_v7,generic_hrl_ppo_matched_v7,scenario:stationary_high_noise,secondary_baseline,stationary_high_noise,LowerLFDriftAbs,False,8.8132967181201e-06,-8.8132967181201e-06,-1.884274616627556e-05,5.713302523989716e-07,-0.35716691455988303,0.09281814363712726,20000,50000,24,8,1,independent_training_replicate,within_replicate_repeated_measure,secondary_baseline:LowerLFDriftAbs,0.9281814363712726,inconclusive
freq_hrl_full_v7,generic_hrl_ppo_matched_v7,scenario:localized_burst,secondary_baseline,localized_burst,total_return,True,-0.0025855842231654797,-0.0025855842231654797,-0.0041975856947066344,-0.0010662669946211653,-0.6432877665977733,0.004099918001639967,20000,50000,24,8,1,independent_training_replicate,within_replicate_repeated_measure,secondary_baseline:total_return,0.05739885202295954,inconclusive
freq_hrl_full_v7,generic_hrl_ppo_matched_v7,scenario:localized_burst,secondary_baseline,localized_burst,sharpe,True,-20.65583599601729,-20.65583599601729,-27.75108930758823,-14.19835546725576,-1.1886545514794673,1.999960000799984e-05,20000,50000,24,8,1,independent_training_replicate,within_replicate_repeated_measure,secondary_baseline:sharpe,0.0007199856002879943,supported_harm
freq_hrl_full_v7,generic_hrl_ppo_matched_v7,scenario:localized_burst,secondary_baseline,localized_burst,max_drawdown,False,-0.00046260667660777757,0.00046260667660777757,9.90327838992353e-05,0.0008534840587986915,0.483647435220852,0.023659526809463812,20000,50000,24,8,1,independent_training_replicate,within_replicate_repeated_measure,secondary_baseline:max_drawdown,0.2129357412851743,inconclusive
freq_hrl_full_v7,generic_hrl_ppo_matched_v7,scenario:localized_burst,secondary_baseline,localized_burst,turnover,False,0.868556869830333,-0.868556869830333,-1.0994230676121515,-0.6188183195779212,-1.4083668917424756,1.999960000799984e-05,20000,50000,24,8,1,independent_training_replicate,within_replicate_repeated_measure,secondary_baseline:turnover,0.0007199856002879943,supported_harm
freq_hrl_full_v7,generic_hrl_ppo_matched_v7,scenario:localized_burst,secondary_baseline,localized_burst,LowerLFDriftAbs,False,3.3477000540914276e-06,-3.3477000540914276e-06,-1.1676678834600758e-05,4.739335148399846e-06,-0.15993870217262324,0.44109117817643645,20000,50000,24,8,1,independent_training_replicate,within_replicate_repeated_measure,secondary_baseline:LowerLFDriftAbs,1.0,inconclusive
freq_hrl_full_v7,generic_hrl_ppo_matched_v7,scenario:ood_period,secondary_baseline,ood_period,total_return,True,0.006269274071158536,0.006269274071158536,0.003493106260904327,0.00921898710168471,0.8499010718134665,0.00011999760004799904,20000,50000,24,8,1,independent_training_replicate,within_replicate_repeated_measure,secondary_baseline:total_return,0.002639947201055979,supported_improvement
freq_hrl_full_v7,generic_hrl_ppo_matched_v7,scenario:ood_period,secondary_baseline,ood_period,sharpe,True,24.867178359125216,24.867178359125216,13.4386860448198,37.02267984423784,0.8289837431494196,0.00045999080018399634,20000,50000,24,8,1,independent_training_replicate,within_replicate_repeated_measure,secondary_baseline:sharpe,0.007359852802943941,supported_improvement
freq_hrl_full_v7,generic_hrl_ppo_matched_v7,scenario:ood_period,secondary_baseline,ood_period,max_drawdown,False,-0.003860441211480317,0.003860441211480317,0.0030531254667472574,0.0047224478230947,1.7865963734355272,1.999960000799984e-05,20000,50000,24,8,1,independent_training_replicate,within_replicate_repeated_measure,secondary_baseline:max_drawdown,0.0007199856002879943,supported_improvement
freq_hrl_full_v7,generic_hrl_ppo_matched_v7,scenario:ood_period,secondary_baseline,ood_period,turnover,False,0.8916301351727228,-0.8916301351727228,-1.110084903558559,-0.6552354867393193,-1.5427446975317276,3.999920001599968e-05,20000,50000,24,8,1,independent_training_replicate,within_replicate_repeated_measure,secondary_baseline:turnover,0.0007199856002879943,supported_harm
freq_hrl_full_v7,generic_hrl_ppo_matched_v7,scenario:ood_period,secondary_baseline,ood_period,LowerLFDriftAbs,False,7.378013240892476e-06,-7.378013240892476e-06,-1.7049242529960408e-05,1.8865484628546426e-06,-0.3023416684322322,0.15489690206195877,20000,50000,24,8,1,independent_training_replicate,within_replicate_repeated_measure,secondary_baseline:LowerLFDriftAbs,1.0,inconclusive
freq_hrl_full_v7,generic_hrl_gru_ppo_matched_v7,scenario:persistent_shift,secondary_baseline,persistent_shift,total_return,True,-0.00481329053693014,-0.00481329053693014,-0.006635380705070328,-0.0030997464504511985,-1.0545008782974428,1.999960000799984e-05,20000,50000,24,8,1,independent_training_replicate,within_replicate_repeated_measure,secondary_baseline:total_return,0.0007199856002879943,supported_harm
freq_hrl_full_v7,generic_hrl_gru_ppo_matched_v7,scenario:persistent_shift,secondary_baseline,persistent_shift,sharpe,True,-17.31627482434773,-17.31627482434773,-23.112152314845826,-12.123887540622148,-1.231243073335952,1.999960000799984e-05,20000,50000,24,8,1,independent_training_replicate,within_replicate_repeated_measure,secondary_baseline:sharpe,0.0007199856002879943,supported_harm
freq_hrl_full_v7,generic_hrl_gru_ppo_matched_v7,scenario:persistent_shift,secondary_baseline,persistent_shift,max_drawdown,False,0.0006044115870349349,-0.0006044115870349349,-0.0008871694726592513,-0.0003109970670008664,-0.8164595521242738,0.0007599848003039939,20000,50000,24,8,1,independent_training_replicate,within_replicate_repeated_measure,secondary_baseline:max_drawdown,0.009119817603647926,supported_harm
freq_hrl_full_v7,generic_hrl_gru_ppo_matched_v7,scenario:persistent_shift,secondary_baseline,persistent_shift,turnover,False,1.0033549407532099,-1.0033549407532099,-1.1269382221848179,-0.8831741081811286,-3.2413859912746545,1.999960000799984e-05,20000,50000,24,8,1,independent_training_replicate,within_replicate_repeated_measure,secondary_baseline:turnover,0.0007199856002879943,supported_harm
freq_hrl_full_v7,generic_hrl_gru_ppo_matched_v7,scenario:persistent_shift,secondary_baseline,persistent_shift,LowerLFDriftAbs,False,-2.8049109418158984e-05,2.8049109418158984e-05,-1.2249025836019905e-05,8.726810753726236e-05,0.2159947883713,0.36977260454790906,20000,50000,24,8,1,independent_training_replicate,within_replicate_repeated_measure,secondary_baseline:LowerLFDriftAbs,1.0,inconclusive
freq_hrl_full_v7,generic_hrl_gru_ppo_matched_v7,scenario:promotion_recovery,secondary_baseline,promotion_recovery,total_return,True,0.008751402499859033,0.008751402499859033,0.0052959207970920685,0.012349545109112481,0.9761282718225137,5.999880002399952e-05,20000,50000,24,8,1,independent_training_replicate,within_replicate_repeated_measure,secondary_baseline:total_return,0.0013799724005519889,supported_improvement
freq_hrl_full_v7,generic_hrl_gru_ppo_matched_v7,scenario:promotion_recovery,secondary_baseline,promotion_recovery,sharpe,True,34.17359974311535,34.17359974311535,20.844402745365485,48.43780476570024,0.9667390359895206,5.999880002399952e-05,20000,50000,24,8,1,independent_training_replicate,within_replicate_repeated_measure,secondary_baseline:sharpe,0.00125997480050399,supported_improvement
freq_hrl_full_v7,generic_hrl_gru_ppo_matched_v7,scenario:promotion_recovery,secondary_baseline,promotion_recovery,max_drawdown,False,-0.007696432851812207,0.007696432851812207,0.0046909361065231355,0.010662862300427104,1.0096632546758593,9.99980000399992e-05,20000,50000,24,8,1,independent_training_replicate,within_replicate_repeated_measure,secondary_baseline:max_drawdown,0.001499970000599988,supported_improvement
freq_hrl_full_v7,generic_hrl_gru_ppo_matched_v7,scenario:promotion_recovery,secondary_baseline,promotion_recovery,turnover,False,0.8968523312866887,-0.8968523312866887,-1.0327098878449363,-0.7614222671432618,-2.5789679279829314,1.999960000799984e-05,20000,50000,24,8,1,independent_training_replicate,within_replicate_repeated_measure,secondary_baseline:turnover,0.0007199856002879943,supported_harm
freq_hrl_full_v7,generic_hrl_gru_ppo_matched_v7,scenario:promotion_recovery,secondary_baseline,promotion_recovery,LowerLFDriftAbs,False,-3.268700450162141e-05,3.268700450162141e-05,-5.9685229524856005e-06,8.791719347627385e-05,0.264854530882868,0.21611567768644627,20000,50000,24,8,1,independent_training_replicate,within_replicate_repeated_measure,secondary_baseline:LowerLFDriftAbs,1.0,inconclusive
freq_hrl_full_v7,generic_hrl_gru_ppo_matched_v7,scenario:stationary_low_noise,secondary_baseline,stationary_low_noise,total_return,True,-0.0020413834522691895,-0.0020413834522691895,-0.0035079655797382345,-0.0007211259374133055,-0.5753466295475466,0.006059878802423951,20000,50000,24,8,1,independent_training_replicate,within_replicate_repeated_measure,secondary_baseline:total_return,0.07513849723005539,inconclusive
freq_hrl_full_v7,generic_hrl_gru_ppo_matched_v7,scenario:stationary_low_noise,secondary_baseline,stationary_low_noise,sharpe,True,-25.98237542775215,-25.98237542775215,-37.10612690610062,-16.855163016749785,-1.0079389220635948,1.999960000799984e-05,20000,50000,24,8,1,independent_training_replicate,within_replicate_repeated_measure,secondary_baseline:sharpe,0.0007199856002879943,supported_harm
freq_hrl_full_v7,generic_hrl_gru_ppo_matched_v7,scenario:stationary_low_noise,secondary_baseline,stationary_low_noise,max_drawdown,False,-0.0006201575110768338,0.0006201575110768338,0.0003632843747186212,0.000867427973516614,0.9641649022668098,7.999840003199936e-05,20000,50000,24,8,1,independent_training_replicate,within_replicate_repeated_measure,secondary_baseline:max_drawdown,0.0012799744005119898,supported_improvement
freq_hrl_full_v7,generic_hrl_gru_ppo_matched_v7,scenario:stationary_low_noise,secondary_baseline,stationary_low_noise,turnover,False,0.712615812496344,-0.712615812496344,-0.8488113722223227,-0.5779693299747825,-2.057579204669797,1.999960000799984e-05,20000,50000,24,8,1,independent_training_replicate,within_replicate_repeated_measure,secondary_baseline:turnover,0.0007199856002879943,supported_harm
freq_hrl_full_v7,generic_hrl_gru_ppo_matched_v7,scenario:stationary_low_noise,secondary_baseline,stationary_low_noise,LowerLFDriftAbs,False,-4.298380852141166e-05,4.298380852141166e-05,2.112134292520584e-06,0.00010192657565903034,0.32590845956237724,0.0742985140297194,20000,50000,24,8,1,independent_training_replicate,within_replicate_repeated_measure,secondary_baseline:LowerLFDriftAbs,0.8172836543269134,inconclusive
freq_hrl_full_v7,generic_hrl_gru_ppo_matched_v7,scenario:stationary_high_noise,secondary_baseline,stationary_high_noise,total_return,True,-0.0070151550180616055,-0.0070151550180616055,-0.008393895853755216,-0.00574836866135702,-2.0781901777871434,1.999960000799984e-05,20000,50000,24,8,1,independent_training_replicate,within_replicate_repeated_measure,secondary_baseline:total_return,0.0007199856002879943,supported_harm
freq_hrl_full_v7,generic_hrl_gru_ppo_matched_v7,scenario:stationary_high_noise,secondary_baseline,stationary_high_noise,sharpe,True,-28.083705054675136,-28.083705054675136,-32.20215173140906,-24.427929788780197,-2.810631406887324,1.999960000799984e-05,20000,50000,24,8,1,independent_training_replicate,within_replicate_repeated_measure,secondary_baseline:sharpe,0.0007199856002879943,supported_harm
freq_hrl_full_v7,generic_hrl_gru_ppo_matched_v7,scenario:stationary_high_noise,secondary_baseline,stationary_high_noise,max_drawdown,False,0.002250603150694428,-0.002250603150694428,-0.0025068526213755347,-0.0019964642846695777,-3.444704788880506,1.999960000799984e-05,20000,50000,24,8,1,independent_training_replicate,within_replicate_repeated_measure,secondary_baseline:max_drawdown,0.0007199856002879943,supported_harm
freq_hrl_full_v7,generic_hrl_gru_ppo_matched_v7,scenario:stationary_high_noise,secondary_baseline,stationary_high_noise,turnover,False,0.9829079171207367,-0.9829079171207367,-1.1364501818786883,-0.8311838838391924,-2.5255417630547523,1.999960000799984e-05,20000,50000,24,8,1,independent_training_replicate,within_replicate_repeated_measure,secondary_baseline:turnover,0.0007199856002879943,supported_harm
freq_hrl_full_v7,generic_hrl_gru_ppo_matched_v7,scenario:stationary_high_noise,secondary_baseline,stationary_high_noise,LowerLFDriftAbs,False,-2.347298642966825e-05,2.347298642966825e-05,-1.5245579235837176e-05,7.976509659843764e-05,0.19052147405778921,0.4581508369832603,20000,50000,24,8,1,independent_training_replicate,within_replicate_repeated_measure,secondary_baseline:LowerLFDriftAbs,1.0,inconclusive
freq_hrl_full_v7,generic_hrl_gru_ppo_matched_v7,scenario:localized_burst,secondary_baseline,localized_burst,total_return,True,-0.0024631931276308215,-0.0024631931276308215,-0.004012359581469212,-0.0009856952686198132,-0.6327907938759882,0.003619927601447971,20000,50000,24,8,1,independent_training_replicate,within_replicate_repeated_measure,secondary_baseline:total_return,0.05663886722265555,inconclusive
freq_hrl_full_v7,generic_hrl_gru_ppo_matched_v7,scenario:localized_burst,secondary_baseline,localized_burst,sharpe,True,-22.830841790419328,-22.830841790419328,-29.274747642843323,-17.076274596369633,-1.4563069437205591,1.999960000799984e-05,20000,50000,24,8,1,independent_training_replicate,within_replicate_repeated_measure,secondary_baseline:sharpe,0.0007199856002879943,supported_harm
freq_hrl_full_v7,generic_hrl_gru_ppo_matched_v7,scenario:localized_burst,secondary_baseline,localized_burst,max_drawdown,False,-0.00013949317912658778,0.00013949317912658778,-0.00015397619050422446,0.00044238288316156266,0.18237063565538167,0.3832923341533169,20000,50000,24,8,1,independent_training_replicate,within_replicate_repeated_measure,secondary_baseline:max_drawdown,1.0,inconclusive
freq_hrl_full_v7,generic_hrl_gru_ppo_matched_v7,scenario:localized_burst,secondary_baseline,localized_burst,turnover,False,0.8220943742076058,-0.8220943742076058,-0.9543006378107087,-0.6883279380764078,-2.4540423246500405,1.999960000799984e-05,20000,50000,24,8,1,independent_training_replicate,within_replicate_repeated_measure,secondary_baseline:turnover,0.0007199856002879943,supported_harm
freq_hrl_full_v7,generic_hrl_gru_ppo_matched_v7,scenario:localized_burst,secondary_baseline,localized_burst,LowerLFDriftAbs,False,-3.890513431032454e-05,3.890513431032454e-05,-1.1310972872851692e-06,9.575742458640871e-05,0.3035306897355198,0.12075758484830304,20000,50000,24,8,1,independent_training_replicate,within_replicate_repeated_measure,secondary_baseline:LowerLFDriftAbs,1.0,inconclusive
freq_hrl_full_v7,generic_hrl_gru_ppo_matched_v7,scenario:ood_period,secondary_baseline,ood_period,total_return,True,-0.006861879822305857,-0.006861879822305857,-0.008654932144655464,-0.005178425562750957,-1.5417767950167065,1.999960000799984e-05,20000,50000,24,8,1,independent_training_replicate,within_replicate_repeated_measure,secondary_baseline:total_return,0.0007199856002879943,supported_harm
freq_hrl_full_v7,generic_hrl_gru_ppo_matched_v7,scenario:ood_period,secondary_baseline,ood_period,sharpe,True,-34.917255981085354,-34.917255981085354,-40.059430277420844,-30.28574501998389,-2.788619026325642,1.999960000799984e-05,20000,50000,24,8,1,independent_training_replicate,within_replicate_repeated_measure,secondary_baseline:sharpe,0.0007199856002879943,supported_harm
freq_hrl_full_v7,generic_hrl_gru_ppo_matched_v7,scenario:ood_period,secondary_baseline,ood_period,max_drawdown,False,0.0020251962057117423,-0.0020251962057117423,-0.0023127485678919946,-0.0017355118055827003,-2.737420433392448,1.999960000799984e-05,20000,50000,24,8,1,independent_training_replicate,within_replicate_repeated_measure,secondary_baseline:max_drawdown,0.0007199856002879943,supported_harm
freq_hrl_full_v7,generic_hrl_gru_ppo_matched_v7,scenario:ood_period,secondary_baseline,ood_period,turnover,False,0.9125393129494291,-0.9125393129494291,-1.0475620395878775,-0.7785994694638512,-2.6297834743772017,1.999960000799984e-05,20000,50000,24,8,1,independent_training_replicate,within_replicate_repeated_measure,secondary_baseline:turnover,0.0007199856002879943,supported_harm
freq_hrl_full_v7,generic_hrl_gru_ppo_matched_v7,scenario:ood_period,secondary_baseline,ood_period,LowerLFDriftAbs,False,-2.9977883874177446e-05,2.9977883874177446e-05,-1.072754885929662e-05,8.656525431271795e-05,0.23538246978327268,0.3016739665206696,20000,50000,24,8,1,independent_training_replicate,within_replicate_repeated_measure,secondary_baseline:LowerLFDriftAbs,1.0,inconclusive
freq_hrl_full_v7,flat_sac_matched_v7,scenario:persistent_shift,secondary_baseline,persistent_shift,total_return,True,0.006330558745955583,0.006330558745955583,0.003752673169226296,0.008799533347956244,0.9853497714887456,0.0002599948001039979,20000,50000,24,8,1,independent_training_replicate,within_replicate_repeated_measure,secondary_baseline:total_return,0.0051998960020799585,supported_improvement
freq_hrl_full_v7,flat_sac_matched_v7,scenario:persistent_shift,secondary_baseline,persistent_shift,sharpe,True,-2.7748851990169254,-2.7748851990169254,-9.928321766054859,4.808483969972647,-0.14765710640822174,0.46965060698786026,20000,50000,24,8,1,independent_training_replicate,within_replicate_repeated_measure,secondary_baseline:sharpe,1.0,inconclusive
freq_hrl_full_v7,flat_sac_matched_v7,scenario:persistent_shift,secondary_baseline,persistent_shift,max_drawdown,False,-0.0006543172782750208,0.0006543172782750208,0.0004539438612519212,0.0008523787478381394,1.283320878382731,5.999880002399952e-05,20000,50000,24,8,1,independent_training_replicate,within_replicate_repeated_measure,secondary_baseline:max_drawdown,0.0010199796004079918,supported_improvement
freq_hrl_full_v7,flat_sac_matched_v7,scenario:persistent_shift,secondary_baseline,persistent_shift,turnover,False,0.1347729246140155,-0.1347729246140155,-0.3942852435300397,0.1464406253175407,-0.19569532081155339,0.35413291734165314,20000,50000,24,8,1,independent_training_replicate,within_replicate_repeated_measure,secondary_baseline:turnover,1.0,inconclusive
freq_hrl_full_v7,flat_sac_matched_v7,scenario:persistent_shift,secondary_baseline,persistent_shift,LowerLFDriftAbs,False,-0.007918411295306437,0.007918411295306437,0.007120706536315413,0.008739794116889453,3.796718658301633,1.999960000799984e-05,20000,50000,24,8,1,independent_training_replicate,within_replicate_repeated_measure,secondary_baseline:LowerLFDriftAbs,0.0007199856002879943,supported_improvement
freq_hrl_full_v7,flat_sac_matched_v7,scenario:promotion_recovery,secondary_baseline,promotion_recovery,total_return,True,-0.014420655478939738,-0.014420655478939738,-0.018965067362120395,-0.009512405726527931,-1.1884100635256885,3.999920001599968e-05,20000,50000,24,8,1,independent_training_replicate,within_replicate_repeated_measure,secondary_baseline:total_return,0.000999980000399992,supported_harm
freq_hrl_full_v7,flat_sac_matched_v7,scenario:promotion_recovery,secondary_baseline,promotion_recovery,sharpe,True,-56.959169513117494,-56.959169513117494,-71.94118964880187,-40.85384840827934,-1.4462222181181592,1.999960000799984e-05,20000,50000,24,8,1,independent_training_replicate,within_replicate_repeated_measure,secondary_baseline:sharpe,0.0007199856002879943,supported_harm
freq_hrl_full_v7,flat_sac_matched_v7,scenario:promotion_recovery,secondary_baseline,promotion_recovery,max_drawdown,False,0.012559131634395987,-0.012559131634395987,-0.017031134274927577,-0.007833105429389742,-1.067348396123931,0.00011999760004799904,20000,50000,24,8,1,independent_training_replicate,within_replicate_repeated_measure,secondary_baseline:max_drawdown,0.0016799664006719864,supported_harm
freq_hrl_full_v7,flat_sac_matched_v7,scenario:promotion_recovery,secondary_baseline,promotion_recovery,turnover,False,0.04596758229837102,-0.04596758229837102,-0.4217533650922516,0.35595526712271597,-0.045739097086238856,0.8239835203295934,20000,50000,24,8,1,independent_training_replicate,within_replicate_repeated_measure,secondary_baseline:turnover,1.0,inconclusive
freq_hrl_full_v7,flat_sac_matched_v7,scenario:promotion_recovery,secondary_baseline,promotion_recovery,LowerLFDriftAbs,False,-0.006794827294934924,0.006794827294934924,0.006007244571805891,0.0076408492702002345,3.2831315929524187,1.999960000799984e-05,20000,50000,24,8,1,independent_training_replicate,within_replicate_repeated_measure,secondary_baseline:LowerLFDriftAbs,0.0007199856002879943,supported_improvement
freq_hrl_full_v7,flat_sac_matched_v7,scenario:stationary_low_noise,secondary_baseline,stationary_low_noise,total_return,True,0.001716209316986718,0.001716209316986718,-0.00020624209813635986,0.003460623810922233,0.3669157712583805,0.08523829523409532,20000,50000,24,8,1,independent_training_replicate,within_replicate_repeated_measure,secondary_baseline:total_return,0.5114297714045719,inconclusive
freq_hrl_full_v7,flat_sac_matched_v7,scenario:stationary_low_noise,secondary_baseline,stationary_low_noise,sharpe,True,28.156063047760995,28.156063047760995,12.020956546643914,42.9033901693534,0.7088813109896339,0.0028199436011279774,20000,50000,24,8,1,independent_training_replicate,within_replicate_repeated_measure,secondary_baseline:sharpe,0.03947921041579168,supported_improvement
freq_hrl_full_v7,flat_sac_matched_v7,scenario:stationary_low_noise,secondary_baseline,stationary_low_noise,max_drawdown,False,-0.002157723124108686,0.002157723124108686,0.0019357604052685278,0.002393299739248911,3.703915582929844,1.999960000799984e-05,20000,50000,24,8,1,independent_training_replicate,within_replicate_repeated_measure,secondary_baseline:max_drawdown,0.0007199856002879943,supported_improvement
freq_hrl_full_v7,flat_sac_matched_v7,scenario:stationary_low_noise,secondary_baseline,stationary_low_noise,turnover,False,0.07645275275263864,-0.07645275275263864,-0.3046588133578621,0.1447454859566483,-0.13244771427042018,0.5268294634107318,20000,50000,24,8,1,independent_training_replicate,within_replicate_repeated_measure,secondary_baseline:turnover,1.0,inconclusive
freq_hrl_full_v7,flat_sac_matched_v7,scenario:stationary_low_noise,secondary_baseline,stationary_low_noise,LowerLFDriftAbs,False,-0.006264446132567339,0.006264446132567339,0.005518630109529915,0.007050553575988103,3.164254550124381,1.999960000799984e-05,20000,50000,24,8,1,independent_training_replicate,within_replicate_repeated_measure,secondary_baseline:LowerLFDriftAbs,0.0007199856002879943,supported_improvement
freq_hrl_full_v7,flat_sac_matched_v7,scenario:stationary_high_noise,secondary_baseline,stationary_high_noise,total_return,True,0.0037153072087705535,0.0037153072087705535,0.001222787473687202,0.006714439299685906,0.5269758877567535,0.005779884402311954,20000,50000,24,8,1,independent_training_replicate,within_replicate_repeated_measure,secondary_baseline:total_return,0.07513849723005539,inconclusive
freq_hrl_full_v7,flat_sac_matched_v7,scenario:stationary_high_noise,secondary_baseline,stationary_high_noise,sharpe,True,7.708142386451134,7.708142386451134,-1.8574594989531472,19.162885317183648,0.282727335669455,0.2000359992800144,20000,50000,24,8,1,independent_training_replicate,within_replicate_repeated_measure,secondary_baseline:sharpe,1.0,inconclusive
freq_hrl_full_v7,flat_sac_matched_v7,scenario:stationary_high_noise,secondary_baseline,stationary_high_noise,max_drawdown,False,0.00027115888310823115,-0.00027115888310823115,-0.0008837853455071846,0.00047076929333201255,-0.15440311969680928,0.46619067618647625,20000,50000,24,8,1,independent_training_replicate,within_replicate_repeated_measure,secondary_baseline:max_drawdown,1.0,inconclusive
freq_hrl_full_v7,flat_sac_matched_v7,scenario:stationary_high_noise,secondary_baseline,stationary_high_noise,turnover,False,-0.3011508081167267,0.3011508081167267,-0.11609724118968318,0.7694541458557984,0.2634271884012919,0.21679566408671827,20000,50000,24,8,1,independent_training_replicate,within_replicate_repeated_measure,secondary_baseline:turnover,1.0,inconclusive
freq_hrl_full_v7,flat_sac_matched_v7,scenario:stationary_high_noise,secondary_baseline,stationary_high_noise,LowerLFDriftAbs,False,-0.007703964803733651,0.007703964803733651,0.006906769031606767,0.008541222027768785,3.7027814977838958,3.999920001599968e-05,20000,50000,24,8,1,independent_training_replicate,within_replicate_repeated_measure,secondary_baseline:LowerLFDriftAbs,0.0007199856002879943,supported_improvement
freq_hrl_full_v7,flat_sac_matched_v7,scenario:localized_burst,secondary_baseline,localized_burst,total_return,True,-0.0009760044059078272,-0.0009760044059078272,-0.00290832348803961,0.0008149125807997927,-0.20518909053219023,0.3251534969300614,20000,50000,24,8,1,independent_training_replicate,within_replicate_repeated_measure,secondary_baseline:total_return,0.6503069938601228,inconclusive
freq_hrl_full_v7,flat_sac_matched_v7,scenario:localized_burst,secondary_baseline,localized_burst,sharpe,True,-13.773184349385048,-13.773184349385048,-22.186445662868238,-5.481315683007759,-0.6436418297476325,0.004139917201655967,20000,50000,24,8,1,independent_training_replicate,within_replicate_repeated_measure,secondary_baseline:sharpe,0.04553908921821564,supported_harm
freq_hrl_full_v7,flat_sac_matched_v7,scenario:localized_burst,secondary_baseline,localized_burst,max_drawdown,False,-0.0018110648403821844,0.0018110648403821844,0.0015680003934647286,0.002060167457606914,2.892767585155322,1.999960000799984e-05,20000,50000,24,8,1,independent_training_replicate,within_replicate_repeated_measure,secondary_baseline:max_drawdown,0.0007199856002879943,supported_improvement
freq_hrl_full_v7,flat_sac_matched_v7,scenario:localized_burst,secondary_baseline,localized_burst,turnover,False,0.07590480312855707,-0.07590480312855707,-0.28689989535513905,0.13067874072855917,-0.14402313284418902,0.49569008619827604,20000,50000,24,8,1,independent_training_replicate,within_replicate_repeated_measure,secondary_baseline:turnover,1.0,inconclusive
freq_hrl_full_v7,flat_sac_matched_v7,scenario:localized_burst,secondary_baseline,localized_burst,LowerLFDriftAbs,False,-0.007042250475125122,0.007042250475125122,0.006337175746975273,0.007783972771783415,3.7800959478959304,1.999960000799984e-05,20000,50000,24,8,1,independent_training_replicate,within_replicate_repeated_measure,secondary_baseline:LowerLFDriftAbs,0.0007199856002879943,supported_improvement
freq_hrl_full_v7,flat_sac_matched_v7,scenario:ood_period,secondary_baseline,ood_period,total_return,True,0.009433760168403233,0.009433760168403233,0.007023217411150432,0.012087603424577643,1.4636712269714247,1.999960000799984e-05,20000,50000,24,8,1,independent_training_replicate,within_replicate_repeated_measure,secondary_baseline:total_return,0.0007199856002879943,supported_improvement
freq_hrl_full_v7,flat_sac_matched_v7,scenario:ood_period,secondary_baseline,ood_period,sharpe,True,21.026580877592078,21.026580877592078,11.725882328509945,31.592646810955415,0.8273858904794541,5.999880002399952e-05,20000,50000,24,8,1,independent_training_replicate,within_replicate_repeated_measure,secondary_baseline:sharpe,0.00125997480050399,supported_improvement
freq_hrl_full_v7,flat_sac_matched_v7,scenario:ood_period,secondary_baseline,ood_period,max_drawdown,False,-0.0004641479332929647,0.0004641479332929647,4.9994234354485744e-05,0.0009221308461708412,0.41217709635356276,0.05513889722205556,20000,50000,24,8,1,independent_training_replicate,within_replicate_repeated_measure,secondary_baseline:max_drawdown,0.33083338333233336,inconclusive
freq_hrl_full_v7,flat_sac_matched_v7,scenario:ood_period,secondary_baseline,ood_period,turnover,False,-0.20479228992403195,0.20479228992403195,-0.1644267739225041,0.6270853633229306,0.20195819637721268,0.34569308613827726,20000,50000,24,8,1,independent_training_replicate,within_replicate_repeated_measure,secondary_baseline:turnover,1.0,inconclusive
freq_hrl_full_v7,flat_sac_matched_v7,scenario:ood_period,secondary_baseline,ood_period,LowerLFDriftAbs,False,-0.007833023254255068,0.007833023254255068,0.006990147338589182,0.008732151737921086,3.506044018916624,1.999960000799984e-05,20000,50000,24,8,1,independent_training_replicate,within_replicate_repeated_measure,secondary_baseline:LowerLFDriftAbs,0.0007199856002879943,supported_improvement
freq_hrl_full_v7,flat_td3_matched_v7,scenario:persistent_shift,secondary_baseline,persistent_shift,total_return,True,0.016120814260288583,0.016120814260288583,0.012358002894208572,0.02085088280559746,1.4926972349065717,1.999960000799984e-05,20000,50000,24,8,1,independent_training_replicate,within_replicate_repeated_measure,secondary_baseline:total_return,0.0007199856002879943,supported_improvement
freq_hrl_full_v7,flat_td3_matched_v7,scenario:persistent_shift,secondary_baseline,persistent_shift,sharpe,True,25.93945651229808,25.93945651229808,9.22286918135214,47.52491110263097,0.5272083664112791,0.0030399392012159755,20000,50000,24,8,1,independent_training_replicate,within_replicate_repeated_measure,secondary_baseline:sharpe,0.03951920961580768,supported_improvement
freq_hrl_full_v7,flat_td3_matched_v7,scenario:persistent_shift,secondary_baseline,persistent_shift,max_drawdown,False,-0.00014848649337922092,0.00014848649337922092,-0.00028116478531745715,0.000813355854479587,0.10231938488553421,0.8773624527509449,20000,50000,24,8,1,independent_training_replicate,within_replicate_repeated_measure,secondary_baseline:max_drawdown,1.0,inconclusive
freq_hrl_full_v7,flat_td3_matched_v7,scenario:persistent_shift,secondary_baseline,persistent_shift,turnover,False,1.1166873180313963,-1.1166873180313963,-1.3461579267585493,-0.8837467494674772,-1.9087579524483123,1.999960000799984e-05,20000,50000,24,8,1,independent_training_replicate,within_replicate_repeated_measure,secondary_baseline:turnover,0.0007199856002879943,supported_harm
freq_hrl_full_v7,flat_td3_matched_v7,scenario:persistent_shift,secondary_baseline,persistent_shift,LowerLFDriftAbs,False,-0.014026103675064079,0.014026103675064079,0.012049431161030159,0.016087829012309467,2.72830375174267,1.999960000799984e-05,20000,50000,24,8,1,independent_training_replicate,within_replicate_repeated_measure,secondary_baseline:LowerLFDriftAbs,0.0007199856002879943,supported_improvement
freq_hrl_full_v7,flat_td3_matched_v7,scenario:promotion_recovery,secondary_baseline,promotion_recovery,total_return,True,-0.023676731950209667,-0.023676731950209667,-0.02870284852735311,-0.018529482734195264,-1.841182754738969,1.999960000799984e-05,20000,50000,24,8,1,independent_training_replicate,within_replicate_repeated_measure,secondary_baseline:total_return,0.0007199856002879943,supported_harm
freq_hrl_full_v7,flat_td3_matched_v7,scenario:promotion_recovery,secondary_baseline,promotion_recovery,sharpe,True,-86.79709128067141,-86.79709128067141,-109.5491791011771,-63.74363243505039,-1.4969297620243718,1.999960000799984e-05,20000,50000,24,8,1,independent_training_replicate,within_replicate_repeated_measure,secondary_baseline:sharpe,0.0007199856002879943,supported_harm
freq_hrl_full_v7,flat_td3_matched_v7,scenario:promotion_recovery,secondary_baseline,promotion_recovery,max_drawdown,False,0.022683469617908427,-0.022683469617908427,-0.026715386495001332,-0.01837327917630041,-2.1232046381846916,1.999960000799984e-05,20000,50000,24,8,1,independent_training_replicate,within_replicate_repeated_measure,secondary_baseline:max_drawdown,0.0007199856002879943,supported_harm
freq_hrl_full_v7,flat_td3_matched_v7,scenario:promotion_recovery,secondary_baseline,promotion_recovery,turnover,False,1.0449040754060883,-1.0449040754060883,-1.274777079422142,-0.7591167973253626,-1.5777274878479273,1.999960000799984e-05,20000,50000,24,8,1,independent_training_replicate,within_replicate_repeated_measure,secondary_baseline:turnover,0.0007199856002879943,supported_harm
freq_hrl_full_v7,flat_td3_matched_v7,scenario:promotion_recovery,secondary_baseline,promotion_recovery,LowerLFDriftAbs,False,-0.01174816811862806,0.01174816811862806,0.010390774966804938,0.013160642286755229,3.321802602801,1.999960000799984e-05,20000,50000,24,8,1,independent_training_replicate,within_replicate_repeated_measure,secondary_baseline:LowerLFDriftAbs,0.0007199856002879943,supported_improvement
freq_hrl_full_v7,flat_td3_matched_v7,scenario:stationary_low_noise,secondary_baseline,stationary_low_noise,total_return,True,0.0029925241228432194,0.0029925241228432194,0.0008924970214576404,0.005305797258804481,0.5309627349289215,0.012279754404911901,20000,50000,24,8,1,independent_training_replicate,within_replicate_repeated_measure,secondary_baseline:total_return,0.12279754404911901,inconclusive
freq_hrl_full_v7,flat_td3_matched_v7,scenario:stationary_low_noise,secondary_baseline,stationary_low_noise,sharpe,True,44.02037929029208,44.02037929029208,27.474306973945236,61.5037099929903,1.0211543577313886,1.999960000799984e-05,20000,50000,24,8,1,independent_training_replicate,within_replicate_repeated_measure,secondary_baseline:sharpe,0.0007199856002879943,supported_improvement
freq_hrl_full_v7,flat_td3_matched_v7,scenario:stationary_low_noise,secondary_baseline,stationary_low_noise,max_drawdown,False,-0.0015261682678041507,0.0015261682678041507,0.0012129851766610556,0.001847879556385882,1.8820453679782103,1.999960000799984e-05,20000,50000,24,8,1,independent_training_replicate,within_replicate_repeated_measure,secondary_baseline:max_drawdown,0.0007199856002879943,supported_improvement
freq_hrl_full_v7,flat_td3_matched_v7,scenario:stationary_low_noise,secondary_baseline,stationary_low_noise,turnover,False,1.0336473254108212,-1.0336473254108212,-1.2550122458797994,-0.8068837801266696,-1.7979945452900772,1.999960000799984e-05,20000,50000,24,8,1,independent_training_replicate,within_replicate_repeated_measure,secondary_baseline:turnover,0.0007199856002879943,supported_harm
freq_hrl_full_v7,flat_td3_matched_v7,scenario:stationary_low_noise,secondary_baseline,stationary_low_noise,LowerLFDriftAbs,False,-0.010856980986905669,0.010856980986905669,0.008963378048710575,0.01275673747544235,2.2250628694356154,1.999960000799984e-05,20000,50000,24,8,1,independent_training_replicate,within_replicate_repeated_measure,secondary_baseline:LowerLFDriftAbs,0.0007199856002879943,supported_improvement
freq_hrl_full_v7,flat_td3_matched_v7,scenario:stationary_high_noise,secondary_baseline,stationary_high_noise,total_return,True,0.003070260814476974,0.003070260814476974,0.0005834706578992404,0.0057028198114899425,0.4710446216122366,0.027779444411111777,20000,50000,24,8,1,independent_training_replicate,within_replicate_repeated_measure,secondary_baseline:total_return,0.19445611087778245,inconclusive
freq_hrl_full_v7,flat_td3_matched_v7,scenario:stationary_high_noise,secondary_baseline,stationary_high_noise,sharpe,True,0.14745611349606916,0.14745611349606916,-8.401136540887768,9.76338774954673,0.006340676261815824,0.9755604887902242,20000,50000,24,8,1,independent_training_replicate,within_replicate_repeated_measure,secondary_baseline:sharpe,1.0,inconclusive
freq_hrl_full_v7,flat_td3_matched_v7,scenario:stationary_high_noise,secondary_baseline,stationary_high_noise,max_drawdown,False,0.0006194992810421972,-0.0006194992810421972,-0.0013522076380624577,0.0003191206206181736,-0.2846610157985853,0.18071638567228657,20000,50000,24,8,1,independent_training_replicate,within_replicate_repeated_measure,secondary_baseline:max_drawdown,0.7228655426891463,inconclusive
freq_hrl_full_v7,flat_td3_matched_v7,scenario:stationary_high_noise,secondary_baseline,stationary_high_noise,turnover,False,0.8105398328923731,-0.8105398328923731,-1.0666081905623217,-0.5377891012361171,-1.2019125349779611,3.999920001599968e-05,20000,50000,24,8,1,independent_training_replicate,within_replicate_repeated_measure,secondary_baseline:turnover,0.0007199856002879943,supported_harm
freq_hrl_full_v7,flat_td3_matched_v7,scenario:stationary_high_noise,secondary_baseline,stationary_high_noise,LowerLFDriftAbs,False,-0.013731768954102266,0.013731768954102266,0.012283896138162494,0.015224032976787157,3.6606282846499316,1.999960000799984e-05,20000,50000,24,8,1,independent_training_replicate,within_replicate_repeated_measure,secondary_baseline:LowerLFDriftAbs,0.0007199856002879943,supported_improvement
freq_hrl_full_v7,flat_td3_matched_v7,scenario:localized_burst,secondary_baseline,localized_burst,total_return,True,0.0029232626716608964,0.0029232626716608964,0.0007494817840975634,0.005398398884302536,0.48883349091028505,0.01771964560708786,20000,50000,24,8,1,independent_training_replicate,within_replicate_repeated_measure,secondary_baseline:total_return,0.14175716485670287,inconclusive
freq_hrl_full_v7,flat_td3_matched_v7,scenario:localized_burst,secondary_baseline,localized_burst,sharpe,True,2.1736144887848385,2.1736144887848385,-8.737449991918856,14.617318131946442,0.0728495869922025,0.7393452130957381,20000,50000,24,8,1,independent_training_replicate,within_replicate_repeated_measure,secondary_baseline:sharpe,1.0,inconclusive
freq_hrl_full_v7,flat_td3_matched_v7,scenario:localized_burst,secondary_baseline,localized_burst,max_drawdown,False,-0.0014154871982756667,0.0014154871982756667,0.001037099487909878,0.0018776559496215775,1.2974325080871638,1.999960000799984e-05,20000,50000,24,8,1,independent_training_replicate,within_replicate_repeated_measure,secondary_baseline:max_drawdown,0.0007199856002879943,supported_improvement
freq_hrl_full_v7,flat_td3_matched_v7,scenario:localized_burst,secondary_baseline,localized_burst,turnover,False,1.046635951680086,-1.046635951680086,-1.2545599169741781,-0.8362756696424531,-1.9598166058581603,1.999960000799984e-05,20000,50000,24,8,1,independent_training_replicate,within_replicate_repeated_measure,secondary_baseline:turnover,0.0007199856002879943,supported_harm
freq_hrl_full_v7,flat_td3_matched_v7,scenario:localized_burst,secondary_baseline,localized_burst,LowerLFDriftAbs,False,-0.012221157322244438,0.012221157322244438,0.010345339341023016,0.014194645797411394,2.4878358310145483,1.999960000799984e-05,20000,50000,24,8,1,independent_training_replicate,within_replicate_repeated_measure,secondary_baseline:LowerLFDriftAbs,0.0007199856002879943,supported_improvement
freq_hrl_full_v7,flat_td3_matched_v7,scenario:ood_period,secondary_baseline,ood_period,total_return,True,0.014831440209785047,0.014831440209785047,0.011784802967936471,0.01823666041078033,1.7887968403258656,1.999960000799984e-05,20000,50000,24,8,1,independent_training_replicate,within_replicate_repeated_measure,secondary_baseline:total_return,0.0007199856002879943,supported_improvement
freq_hrl_full_v7,flat_td3_matched_v7,scenario:ood_period,secondary_baseline,ood_period,sharpe,True,37.366209658591195,37.366209658591195,24.68364110797099,51.65789953128036,1.0843355011802218,1.999960000799984e-05,20000,50000,24,8,1,independent_training_replicate,within_replicate_repeated_measure,secondary_baseline:sharpe,0.0007199856002879943,supported_improvement
freq_hrl_full_v7,flat_td3_matched_v7,scenario:ood_period,secondary_baseline,ood_period,max_drawdown,False,-0.0009810583531290648,0.0009810583531290648,0.00017555731865960655,0.0019315432691314517,0.4369994396708418,0.03277934441311174,20000,50000,24,8,1,independent_training_replicate,within_replicate_repeated_measure,secondary_baseline:max_drawdown,0.26223475530489393,inconclusive
freq_hrl_full_v7,flat_td3_matched_v7,scenario:ood_period,secondary_baseline,ood_period,turnover,False,0.8315080039154656,-0.8315080039154656,-1.0751221245412936,-0.5880380712120291,-1.3321250228107135,1.999960000799984e-05,20000,50000,24,8,1,independent_training_replicate,within_replicate_repeated_measure,secondary_baseline:turnover,0.0007199856002879943,supported_harm
freq_hrl_full_v7,flat_td3_matched_v7,scenario:ood_period,secondary_baseline,ood_period,LowerLFDriftAbs,False,-0.013711470234512921,0.013711470234512921,0.011971892529409226,0.015534294696659531,3.048243345581131,1.999960000799984e-05,20000,50000,24,8,1,independent_training_replicate,within_replicate_repeated_measure,secondary_baseline:LowerLFDriftAbs,0.0007199856002879943,supported_improvement
freq_hrl_full_v7,freq_hrl_no_promotion_v7,pooled_registered_scenarios,secondary_ablation,persistent_shift;promotion_recovery;stationary_low_noise;stationary_high_noise;localized_burst;ood_period,total_return,True,0.0006147389753839029,0.0006147389753839029,-0.0009725638495710981,0.002252148637338802,0.14893219561208293,0.4784504309913802,20000,50000,24,8,6,independent_training_replicate,within_replicate_repeated_measure,secondary_ablation:total_return,1.0,inconclusive
freq_hrl_full_v7,freq_hrl_no_promotion_v7,pooled_registered_scenarios,secondary_ablation,persistent_shift;promotion_recovery;stationary_low_noise;stationary_high_noise;localized_burst;ood_period,sharpe,True,-1.5986867929116748,-1.5986867929116748,-9.363093453064794,6.452891144024647,-0.07881757029322296,0.7034059318813624,20000,50000,24,8,6,independent_training_replicate,within_replicate_repeated_measure,secondary_ablation:sharpe,1.0,inconclusive
freq_hrl_full_v7,freq_hrl_no_promotion_v7,pooled_registered_scenarios,secondary_ablation,persistent_shift;promotion_recovery;stationary_low_noise;stationary_high_noise;localized_burst;ood_period,max_drawdown,False,-0.000995042908259767,0.000995042908259767,0.0004807643028546687,0.001531291628596669,0.7463068490168586,0.0012199756004879902,20000,50000,24,8,6,independent_training_replicate,within_replicate_repeated_measure,secondary_ablation:max_drawdown,0.004879902401951961,supported_improvement
freq_hrl_full_v7,freq_hrl_no_promotion_v7,pooled_registered_scenarios,secondary_ablation,persistent_shift;promotion_recovery;stationary_low_noise;stationary_high_noise;localized_burst;ood_period,turnover,False,0.20526310509660753,-0.20526310509660753,-0.44940863840094275,0.05577391835684985,-0.31623951578310877,0.13025739485210297,20000,50000,24,8,6,independent_training_replicate,within_replicate_repeated_measure,secondary_ablation:turnover,0.3907721845563089,inconclusive
freq_hrl_full_v7,freq_hrl_no_promotion_v7,pooled_registered_scenarios,secondary_ablation,persistent_shift;promotion_recovery;stationary_low_noise;stationary_high_noise;localized_burst;ood_period,LowerLFDriftAbs,False,-5.922597753292382e-06,5.922597753292382e-06,-2.742298202202326e-06,1.4266711470419499e-05,0.2716244435959981,0.1982560348793024,20000,50000,24,8,6,independent_training_replicate,within_replicate_repeated_measure,secondary_ablation:LowerLFDriftAbs,0.3965120697586048,inconclusive
freq_hrl_full_v7,freq_hrl_no_hf_lower_v7,pooled_registered_scenarios,secondary_ablation,persistent_shift;promotion_recovery;stationary_low_noise;stationary_high_noise;localized_burst;ood_period,total_return,True,0.0005190539894722488,0.0005190539894722488,-0.0008144257284262662,0.0018939631392692789,0.15075050914484664,0.46825063498730024,20000,50000,24,8,6,independent_training_replicate,within_replicate_repeated_measure,secondary_ablation:total_return,1.0,inconclusive
freq_hrl_full_v7,freq_hrl_no_hf_lower_v7,pooled_registered_scenarios,secondary_ablation,persistent_shift;promotion_recovery;stationary_low_noise;stationary_high_noise;localized_burst;ood_period,sharpe,True,1.644395288823026,1.644395288823026,-5.127328106411636,8.18600906325707,0.09695586151542117,0.6362872742545149,20000,50000,24,8,6,independent_training_replicate,within_replicate_repeated_measure,secondary_ablation:sharpe,1.0,inconclusive
freq_hrl_full_v7,freq_hrl_no_hf_lower_v7,pooled_registered_scenarios,secondary_ablation,persistent_shift;promotion_recovery;stationary_low_noise;stationary_high_noise;localized_burst;ood_period,max_drawdown,False,-0.0005673290486580726,0.0005673290486580726,4.330304899022135e-05,0.0010992024633394884,0.41246501471083336,0.05583888322233555,20000,50000,24,8,6,independent_training_replicate,within_replicate_repeated_measure,secondary_ablation:max_drawdown,0.07971840563188737,inconclusive
freq_hrl_full_v7,freq_hrl_no_hf_lower_v7,pooled_registered_scenarios,secondary_ablation,persistent_shift;promotion_recovery;stationary_low_noise;stationary_high_noise;localized_burst;ood_period,turnover,False,0.03225932589089821,-0.03225932589089821,-0.2417100890900049,0.16697708239768497,-0.06182044521442913,0.7673646527069459,20000,50000,24,8,6,independent_training_replicate,within_replicate_repeated_measure,secondary_ablation:turnover,1.0,inconclusive
freq_hrl_full_v7,freq_hrl_no_hf_lower_v7,pooled_registered_scenarios,secondary_ablation,persistent_shift;promotion_recovery;stationary_low_noise;stationary_high_noise;localized_burst;ood_period,LowerLFDriftAbs,False,1.147483801916174e-05,-1.147483801916174e-05,-1.958007418418132e-05,-3.866812858426744e-06,-0.5698260909499561,0.00869982600347993,20000,50000,24,8,6,independent_training_replicate,within_replicate_repeated_measure,secondary_ablation:LowerLFDriftAbs,0.02609947801043979,supported_harm
freq_hrl_full_v7,freq_hrl_no_leakage_v7,pooled_registered_scenarios,secondary_ablation,persistent_shift;promotion_recovery;stationary_low_noise;stationary_high_noise;localized_burst;ood_period,total_return,True,-0.0008761347238146953,-0.0008761347238146953,-0.002591048103784048,0.000896226567675733,-0.1954444355436902,0.34623307533849323,20000,50000,24,8,6,independent_training_replicate,within_replicate_repeated_measure,secondary_ablation:total_return,1.0,inconclusive
freq_hrl_full_v7,freq_hrl_no_leakage_v7,pooled_registered_scenarios,secondary_ablation,persistent_shift;promotion_recovery;stationary_low_noise;stationary_high_noise;localized_burst;ood_period,sharpe,True,-4.423202347505254,-4.423202347505254,-12.657444229445732,4.428322994136523,-0.20305551653705128,0.32981340373192536,20000,50000,24,8,6,independent_training_replicate,within_replicate_repeated_measure,secondary_ablation:sharpe,0.9894402111957761,inconclusive
freq_hrl_full_v7,freq_hrl_no_leakage_v7,pooled_registered_scenarios,secondary_ablation,persistent_shift;promotion_recovery;stationary_low_noise;stationary_high_noise;localized_burst;ood_period,max_drawdown,False,0.0008298814466879578,-0.0008298814466879578,-0.0013320105246652086,-0.00033785859532809586,-0.6505311158502887,0.0039399212015759685,20000,50000,24,8,6,independent_training_replicate,within_replicate_repeated_measure,secondary_ablation:max_drawdown,0.011819763604727905,supported_harm
freq_hrl_full_v7,freq_hrl_no_leakage_v7,pooled_registered_scenarios,secondary_ablation,persistent_shift;promotion_recovery;stationary_low_noise;stationary_high_noise;localized_burst;ood_period,turnover,False,0.044983762659456805,-0.044983762659456805,-0.2673354914304459,0.1792428989266209,-0.0790185893318038,0.7061258774824504,20000,50000,24,8,6,independent_training_replicate,within_replicate_repeated_measure,secondary_ablation:turnover,1.0,inconclusive
freq_hrl_full_v7,freq_hrl_no_leakage_v7,pooled_registered_scenarios,secondary_ablation,persistent_shift;promotion_recovery;stationary_low_noise;stationary_high_noise;localized_burst;ood_period,LowerLFDriftAbs,False,-0.00031189435017536544,0.00031189435017536544,0.0002524056237477238,0.00037563546099086097,1.9870346325875547,1.999960000799984e-05,20000,50000,24,8,6,independent_training_replicate,within_replicate_repeated_measure,secondary_ablation:LowerLFDriftAbs,9.99980000399992e-05,supported_improvement
freq_hrl_full_v7,freq_hrl_no_lf_reference_v7,pooled_registered_scenarios,secondary_ablation,persistent_shift;promotion_recovery;stationary_low_noise;stationary_high_noise;localized_burst;ood_period,total_return,True,-0.0005926735132463768,-0.0005926735132463768,-0.0023658501335264833,0.0012386871420872127,-0.12732393087394747,0.5367492650146997,20000,50000,24,8,6,independent_training_replicate,within_replicate_repeated_measure,secondary_ablation:total_return,1.0,inconclusive
freq_hrl_full_v7,freq_hrl_no_lf_reference_v7,pooled_registered_scenarios,secondary_ablation,persistent_shift;promotion_recovery;stationary_low_noise;stationary_high_noise;localized_burst;ood_period,sharpe,True,-6.507737112491172,-6.507737112491172,-13.492892850120912,0.8912411836747265,-0.35204255821593033,0.09545809083818324,20000,50000,24,8,6,independent_training_replicate,within_replicate_repeated_measure,secondary_ablation:sharpe,0.38183236335273296,inconclusive
freq_hrl_full_v7,freq_hrl_no_lf_reference_v7,pooled_registered_scenarios,secondary_ablation,persistent_shift;promotion_recovery;stationary_low_noise;stationary_high_noise;localized_burst;ood_period,max_drawdown,False,-0.0005986273809584318,0.0005986273809584318,7.814687905748951e-05,0.0011360358324711036,0.445499059384747,0.039859202815943684,20000,50000,24,8,6,independent_training_replicate,within_replicate_repeated_measure,secondary_ablation:max_drawdown,0.07971840563188737,inconclusive
freq_hrl_full_v7,freq_hrl_no_lf_reference_v7,pooled_registered_scenarios,secondary_ablation,persistent_shift;promotion_recovery;stationary_low_noise;stationary_high_noise;localized_burst;ood_period,turnover,False,0.24188983831617236,-0.24188983831617236,-0.48595476912234037,-0.008062184204317866,-0.39395864996187524,0.06491870162596748,20000,50000,24,8,6,independent_training_replicate,within_replicate_repeated_measure,secondary_ablation:turnover,0.2596748065038699,inconclusive
freq_hrl_full_v7,freq_hrl_no_lf_reference_v7,pooled_registered_scenarios,secondary_ablation,persistent_shift;promotion_recovery;stationary_low_noise;stationary_high_noise;localized_burst;ood_period,LowerLFDriftAbs,False,6.256540552047962e-06,-6.256540552047962e-06,-1.68542126145832e-05,3.846007347096411e-06,-0.2371777121585369,0.2621347573048539,20000,50000,24,8,6,independent_training_replicate,within_replicate_repeated_measure,secondary_ablation:LowerLFDriftAbs,0.3965120697586048,inconclusive
freq_hrl_full_v7,freq_hrl_anchor_only_v7,pooled_registered_scenarios,secondary_ablation,persistent_shift;promotion_recovery;stationary_low_noise;stationary_high_noise;localized_burst;ood_period,total_return,True,0.012837136601599644,0.012837136601599644,0.01174832409406444,0.013803974504430877,4.858506355320973,1.999960000799984e-05,20000,50000,24,8,6,independent_training_replicate,within_replicate_repeated_measure,secondary_ablation:total_return,9.99980000399992e-05,supported_improvement
freq_hrl_full_v7,freq_hrl_anchor_only_v7,pooled_registered_scenarios,secondary_ablation,persistent_shift;promotion_recovery;stationary_low_noise;stationary_high_noise;localized_burst;ood_period,sharpe,True,60.75867566379582,60.75867566379582,55.41920922112335,65.65355951433186,4.593554453634522,1.999960000799984e-05,20000,50000,24,8,6,independent_training_replicate,within_replicate_repeated_measure,secondary_ablation:sharpe,9.99980000399992e-05,supported_improvement
freq_hrl_full_v7,freq_hrl_anchor_only_v7,pooled_registered_scenarios,secondary_ablation,persistent_shift;promotion_recovery;stationary_low_noise;stationary_high_noise;localized_burst;ood_period,max_drawdown,False,0.0028552178765906063,-0.0028552178765906063,-0.003327127598669125,-0.002371574891687233,-2.3294524907962626,1.999960000799984e-05,20000,50000,24,8,6,independent_training_replicate,within_replicate_repeated_measure,secondary_ablation:max_drawdown,9.99980000399992e-05,supported_harm
freq_hrl_full_v7,freq_hrl_anchor_only_v7,pooled_registered_scenarios,secondary_ablation,persistent_shift;promotion_recovery;stationary_low_noise;stationary_high_noise;localized_burst;ood_period,turnover,False,0.8440314355800455,-0.8440314355800455,-0.9941209987448468,-0.7055687000186402,-2.277597293604344,1.999960000799984e-05,20000,50000,24,8,6,independent_training_replicate,within_replicate_repeated_measure,secondary_ablation:turnover,9.99980000399992e-05,supported_harm
freq_hrl_full_v7,freq_hrl_anchor_only_v7,pooled_registered_scenarios,secondary_ablation,persistent_shift;promotion_recovery;stationary_low_noise;stationary_high_noise;localized_burst;ood_period,LowerLFDriftAbs,False,1.6829625375564696e-05,-1.6829625375564696e-05,-2.281054664916974e-05,-1.1249636276041698e-05,-1.1427497668190838,3.999920001599968e-05,20000,50000,24,8,6,independent_training_replicate,within_replicate_repeated_measure,secondary_ablation:LowerLFDriftAbs,0.00015999680006399873,supported_harm
