seed,variant,status,ep_reward,avg_wait_min,headway_cv,score,upper_plan_decisions,upper_plan_reuse_ratio,freq_promotion_strength,shared_ppo_lower_samples,shared_ppo_gate_evaluations,shared_ppo_gate_replans,shared_ppo_gate_value_mean,shared_ppo_loss
31,interval_only,supported_native_episode_loop,-7230.725,3.796,0.5274,-4.8508,66.0,0.7480916030534351,0.3846153846153846,4971.0,0.0,0.0,0.0,7097.878125
41,interval_only,supported_native_episode_loop,-11777.277,5.337,0.401,-6.138999999999999,66.0,0.7480916030534351,0.0,4970.0,0.0,0.0,0.0,1431.037808227539
51,interval_only,supported_native_episode_loop,-20933.385,35.737,0.6129,-36.9628,66.0,0.7480916030534351,0.0,4970.0,0.0,0.0,0.0,2379.68857421875
61,interval_only,supported_native_episode_loop,-3348.018,5.069,0.6153,-6.2996,66.0,0.7480916030534351,0.0,4970.0,0.0,0.0,0.0,42082.67075195313
71,interval_only,supported_native_episode_loop,-3138.154,4.094,0.5596,-5.2132000000000005,66.0,0.7480916030534351,0.0,4971.0,0.0,0.0,0.0,257.92721061706544
81,interval_only,supported_native_episode_loop,-12353.228,4.743,0.5804,-5.9038,66.0,0.7480916030534351,0.07692307692307698,4970.0,0.0,0.0,0.0,7951.366589355469
91,interval_only,supported_native_episode_loop,-18277.497,4.642,0.612,-5.8660000000000005,66.0,0.7480916030534351,0.0,4969.0,0.0,0.0,0.0,4104.521875
101,interval_only,supported_native_episode_loop,-19976.74,19.978,0.6352,-21.2484,66.0,0.7480916030534351,1.0,4971.0,0.0,0.0,0.0,5720.2262512207035
111,interval_only,supported_native_episode_loop,-14021.049,4.103,0.6109,-5.3248,66.0,0.7480916030534351,1.0,4970.0,0.0,0.0,0.0,558.2311218261718
121,interval_only,supported_native_episode_loop,-12398.018,6.163,0.2259,-6.614800000000001,66.0,0.7480916030534351,0.35731765676543636,4970.0,0.0,0.0,0.0,3338.9527282714844
131,interval_only,supported_native_episode_loop,-18589.866,6.005,0.6346,-7.2742,66.0,0.7480916030534351,0.5558903347145858,4971.0,0.0,0.0,0.0,2450.293591308594
141,interval_only,supported_native_episode_loop,-17267.582,38.44,0.5734,-39.5868,66.0,0.7480916030534351,0.0,4970.0,0.0,0.0,0.0,3950.349987792969
151,interval_only,supported_native_episode_loop,-4974.36,10.024,0.5679,-11.159799999999999,66.0,0.7480916030534351,0.0,4970.0,0.0,0.0,0.0,1374.4889671325684
161,interval_only,supported_native_episode_loop,-2806.211,4.44,0.4427,-5.3254,66.0,0.7480916030534351,0.0,4971.0,0.0,0.0,0.0,12343.832330322266
171,interval_only,supported_native_episode_loop,-16021.059,20.814,0.3396,-21.4932,66.0,0.7480916030534351,0.8461538461538461,4970.0,0.0,0.0,0.0,2543.3321166992187
181,interval_only,supported_native_episode_loop,-19828.767,14.453,0.6218,-15.6966,66.0,0.7480916030534351,0.0,4969.0,0.0,0.0,0.0,89392.865625
191,interval_only,supported_native_episode_loop,-4136.882,5.114,0.4247,-5.9634,66.0,0.7480916030534351,1.0,4969.0,0.0,0.0,0.0,48689.980639648435
201,interval_only,supported_native_episode_loop,-18943.941,5.273,0.5776,-6.4281999999999995,66.0,0.7480916030534351,0.0,4970.0,0.0,0.0,0.0,23318.719641113283
211,interval_only,supported_native_episode_loop,-4636.787,11.665,0.4461,-12.5572,66.0,0.7480916030534351,0.6923076923076924,4970.0,0.0,0.0,0.0,368.3008804321289
221,interval_only,supported_native_episode_loop,-18380.769,4.881,0.5802,-6.0414,66.0,0.7480916030534351,0.0,4972.0,0.0,0.0,0.0,49856.929028320315
231,interval_only,supported_native_episode_loop,-10292.547,4.473,0.5062,-5.4854,66.0,0.7480916030534351,0.6923076923076924,4970.0,0.0,0.0,0.0,663.3968620300293
241,interval_only,supported_native_episode_loop,-2783.521,8.757,0.4943,-9.7456,66.0,0.7480916030534351,1.0,4970.0,0.0,0.0,0.0,5373.374740600586
251,interval_only,supported_native_episode_loop,-2550.092,3.817,0.3463,-4.5096,66.0,0.7480916030534351,1.0,4970.0,0.0,0.0,0.0,38.851370096206665
261,interval_only,supported_native_episode_loop,-2731.727,7.317,0.6153,-8.5476,66.0,0.7480916030534351,1.0,4970.0,0.0,0.0,0.0,1531.1049346923828
271,interval_only,supported_native_episode_loop,-20545.535,23.029,0.277,-23.583,66.0,0.7480916030534351,0.5384615384615384,4970.0,0.0,0.0,0.0,34854.309814453125
281,interval_only,supported_native_episode_loop,-15200.391,4.541,0.5712,-5.683400000000001,66.0,0.7480916030534351,0.0,4972.0,0.0,0.0,0.0,21888.7439453125
291,interval_only,supported_native_episode_loop,-11614.013,5.438,0.4635,-6.365,66.0,0.7480916030534351,0.0,4971.0,0.0,0.0,0.0,31496.505810546874
301,interval_only,supported_native_episode_loop,-2994.682,6.166,0.5755,-7.317,66.0,0.7480916030534351,0.5384615384615384,4971.0,0.0,0.0,0.0,1515.2797546386719
311,interval_only,supported_native_episode_loop,-13184.777,5.46,0.6136,-6.6872,66.0,0.7480916030534351,0.0,4970.0,0.0,0.0,0.0,49495.94345703125
321,interval_only,supported_native_episode_loop,-2792.415,4.866,0.4523,-5.7706,66.0,0.7480916030534351,0.0,4970.0,0.0,0.0,0.0,29542.167211914064
331,interval_only,supported_native_episode_loop,-3751.618,5.627,0.3933,-6.4136,66.0,0.7480916030534351,0.0,4970.0,0.0,0.0,0.0,204.53062629699707
341,interval_only,supported_native_episode_loop,-17112.298,15.84,0.5593,-16.9586,66.0,0.7480916030534351,0.0,4970.0,0.0,0.0,0.0,9623.2166015625
351,interval_only,supported_native_episode_loop,-16912.177,5.281,0.4916,-6.2642,66.0,0.7480916030534351,0.0,4969.0,0.0,0.0,0.0,1673.7686386108398
361,interval_only,supported_native_episode_loop,-3080.579,5.763,0.3349,-6.4328,66.0,0.7480916030534351,0.0,4970.0,0.0,0.0,0.0,410.175032043457
371,interval_only,supported_native_episode_loop,-2596.4,8.684,0.3927,-9.469399999999998,66.0,0.7480916030534351,0.0,4970.0,0.0,0.0,0.0,2647.7105453491213
381,interval_only,supported_native_episode_loop,-19747.392,30.416,0.5863,-31.5886,66.0,0.7480916030534351,0.0,4970.0,0.0,0.0,0.0,71355.87368164063
391,interval_only,supported_native_episode_loop,-14523.665,5.853,0.6874,-7.2278,66.0,0.7480916030534351,1.0,4971.0,0.0,0.0,0.0,413.13517837524415
401,interval_only,supported_native_episode_loop,-2758.475,5.014,0.4417,-5.8974,66.0,0.7480916030534351,0.0,4970.0,0.0,0.0,0.0,29623.039135742187
411,interval_only,supported_native_episode_loop,-20657.581,17.475,0.5983,-18.6716,66.0,0.7480916030534351,0.23076923076923078,4970.0,0.0,0.0,0.0,37593.409423828125
421,interval_only,supported_native_episode_loop,-2841.074,4.282,0.5266,-5.3352,66.0,0.7480916030534351,0.0,4970.0,0.0,0.0,0.0,1456.9720176696778
431,interval_only,supported_native_episode_loop,-9121.651,5.128,0.5215,-6.171,66.0,0.7480916030534351,1.0,4972.0,0.0,0.0,0.0,7763.1868347167965
441,interval_only,supported_native_episode_loop,-19567.611,40.056,0.4512,-40.9584,66.0,0.7480916030534351,0.0,4971.0,0.0,0.0,0.0,24940.230737304686
451,interval_only,supported_native_episode_loop,-2694.681,4.492,0.4936,-5.4792,66.0,0.7480916030534351,1.0,4970.0,0.0,0.0,0.0,18583.714953613282
461,interval_only,supported_native_episode_loop,-19016.331,6.996,0.4041,-7.804200000000001,66.0,0.7480916030534351,0.5384615384615384,4970.0,0.0,0.0,0.0,7659.407763671875
471,interval_only,supported_native_episode_loop,-20045.458,10.83,0.6645,-12.159,66.0,0.7480916030534351,0.0,4970.0,0.0,0.0,0.0,1320.4901458740235
481,interval_only,supported_native_episode_loop,-3146.3,5.212,0.4436,-6.0992,66.0,0.7480916030534351,0.0,4970.0,0.0,0.0,0.0,6927.545462036132
491,interval_only,supported_native_episode_loop,-14529.577,5.287,0.6132,-6.5134,66.0,0.7480916030534351,0.7897322079198106,4970.0,0.0,0.0,0.0,2984.1076232910154
501,interval_only,supported_native_episode_loop,-3095.436,4.749,0.4845,-5.718,66.0,0.7480916030534351,0.3846153846153846,4972.0,0.0,0.0,0.0,13568.641357421875
511,interval_only,supported_native_episode_loop,-2729.904,5.821,0.5046,-6.8302,66.0,0.7480916030534351,0.0,4970.0,0.0,0.0,0.0,315.9625816345215
521,interval_only,supported_native_episode_loop,-18693.504,5.828,0.6323,-7.0926,66.0,0.7480916030534351,0.0,4972.0,0.0,0.0,0.0,18727.940576171874
531,interval_only,supported_native_episode_loop,-2781.996,7.366,0.4365,-8.238999999999999,66.0,0.7480916030534351,0.0,4970.0,0.0,0.0,0.0,8112.389218139649
541,interval_only,supported_native_episode_loop,-15290.889,6.307,0.6341,-7.575200000000001,66.0,0.7480916030534351,1.0,4972.0,0.0,0.0,0.0,22922.76657714844
551,interval_only,supported_native_episode_loop,-2614.614,6.474,0.4564,-7.3868,66.0,0.7480916030534351,0.9732971731083753,4970.0,0.0,0.0,0.0,6176.357116699219
561,interval_only,supported_native_episode_loop,-9297.826,4.809,0.5924,-5.9938,66.0,0.7480916030534351,1.0,4969.0,0.0,0.0,0.0,31725.34423828125
571,interval_only,supported_native_episode_loop,-8748.949,3.627,0.5594,-4.7458,66.0,0.7480916030534351,0.0,4970.0,0.0,0.0,0.0,3626.872314453125
581,interval_only,supported_native_episode_loop,-18879.825,6.223,0.4332,-7.0893999999999995,66.0,0.7480916030534351,0.0,4971.0,0.0,0.0,0.0,38696.38896484375
591,interval_only,supported_native_episode_loop,-18507.112,4.537,0.5919,-5.7208,66.0,0.7480916030534351,0.3846153846153846,4969.0,0.0,0.0,0.0,3309.5722717285157
601,interval_only,supported_native_episode_loop,-13082.924,5.916,0.6292,-7.1744,66.0,0.7480916030534351,1.0,4970.0,0.0,0.0,0.0,4911.351818847656
611,interval_only,supported_native_episode_loop,-9246.005,5.51,0.4355,-6.381,66.0,0.7480916030534351,0.23076923076923078,4971.0,0.0,0.0,0.0,2439.2395568847655
621,interval_only,supported_native_episode_loop,-3025.221,5.191,0.4589,-6.1088,66.0,0.7480916030534351,0.0,4971.0,0.0,0.0,0.0,2824.14327545166
631,interval_only,supported_native_episode_loop,-3854.505,6.01,0.4757,-6.961399999999999,66.0,0.7480916030534351,1.0,4969.0,0.0,0.0,0.0,8177.681585693359
641,interval_only,supported_native_episode_loop,-17386.55,7.073,0.5783,-8.229600000000001,66.0,0.7480916030534351,1.0,4970.0,0.0,0.0,0.0,4131.746166992188
651,interval_only,supported_native_episode_loop,-18249.742,4.882,0.6831,-6.2482,66.0,0.7480916030534351,0.8461538461538461,4971.0,0.0,0.0,0.0,17403.846264648437
661,interval_only,supported_native_episode_loop,-18900.476,7.314,0.428,-8.17,66.0,0.7480916030534351,0.0,4970.0,0.0,0.0,0.0,9273.89786376953
671,interval_only,supported_native_episode_loop,-14594.916,28.052,0.3465,-28.745,66.0,0.7480916030534351,0.6923076923076924,4970.0,0.0,0.0,0.0,44333.47666015625
681,interval_only,supported_native_episode_loop,-18362.877,17.443,0.5469,-18.536800000000003,66.0,0.7480916030534351,0.0,4970.0,0.0,0.0,0.0,5950.301568603516
691,interval_only,supported_native_episode_loop,-11220.409,4.051,0.6479,-5.3468,66.0,0.7480916030534351,0.0,4970.0,0.0,0.0,0.0,8246.140826416016
701,interval_only,supported_native_episode_loop,-2874.827,4.708,0.4129,-5.5338,66.0,0.7480916030534351,0.0,4970.0,0.0,0.0,0.0,245.5595901489258
711,interval_only,supported_native_episode_loop,-5640.312,7.774,0.4425,-8.659,66.0,0.7480916030534351,1.0,4970.0,0.0,0.0,0.0,1768.9511825561524
721,interval_only,supported_native_episode_loop,-7980.322,5.299,0.5354,-6.369800000000001,66.0,0.7480916030534351,0.8461538461538461,4970.0,0.0,0.0,0.0,2445.223712158203
731,interval_only,supported_native_episode_loop,-15981.865,4.541,0.6108,-5.762600000000001,66.0,0.7480916030534351,0.0,4970.0,0.0,0.0,0.0,44008.4833984375
741,interval_only,supported_native_episode_loop,-18367.995,5.78,0.3062,-6.3924,66.0,0.7480916030534351,0.0,4970.0,0.0,0.0,0.0,53830.335278320315
751,interval_only,supported_native_episode_loop,-17198.549,4.837,0.5355,-5.9079999999999995,66.0,0.7480916030534351,0.0,4970.0,0.0,0.0,0.0,1458.4211959838867
761,interval_only,supported_native_episode_loop,-19059.389,25.581,0.4222,-26.4254,66.0,0.7480916030534351,1.0,4971.0,0.0,0.0,0.0,30369.4353515625
771,interval_only,supported_native_episode_loop,-5551.367,4.144,0.5145,-5.173,66.0,0.7480916030534351,0.0,4970.0,0.0,0.0,0.0,460.74893341064455
781,interval_only,supported_native_episode_loop,-3185.629,11.195,0.39,-11.975,66.0,0.7480916030534351,0.0,4971.0,0.0,0.0,0.0,727.4665901184082
31,native_promotion_replan,supported_native_episode_loop,-7232.572,3.775,0.5277,-4.8304,140.0,0.46564885496183206,0.3846153846153846,4971.0,0.0,0.0,0.0,7084.939834594727
41,native_promotion_replan,supported_native_episode_loop,-11787.024,5.368,0.6483,-6.6646,85.0,0.6755725190839694,0.0,4970.0,0.0,0.0,0.0,1424.0198120117188
51,native_promotion_replan,supported_native_episode_loop,-20971.967,36.036,0.7245,-37.485,130.0,0.5038167938931297,0.0,4970.0,0.0,0.0,0.0,2563.8125061035157
61,native_promotion_replan,supported_native_episode_loop,-3352.145,5.069,0.6153,-6.2996,112.0,0.5725190839694656,0.0,4970.0,0.0,0.0,0.0,42091.83330078125
71,native_promotion_replan,supported_native_episode_loop,-3140.083,4.097,0.5732,-5.2434,114.0,0.5648854961832062,0.0,4971.0,0.0,0.0,0.0,255.76479721069336
81,native_promotion_replan,supported_native_episode_loop,-12359.77,4.738,0.5171,-5.772200000000001,131.0,0.5,0.07692307692307698,4970.0,0.0,0.0,0.0,8013.710852050781
91,native_promotion_replan,supported_native_episode_loop,-18286.736,4.642,0.6118,-5.865600000000001,109.0,0.583969465648855,0.0,4969.0,0.0,0.0,0.0,4104.282788085938
101,native_promotion_replan,supported_native_episode_loop,-19968.947,19.972,0.5481,-21.0682,154.0,0.4122137404580153,1.0,4971.0,0.0,0.0,0.0,5722.289111328125
111,native_promotion_replan,supported_native_episode_loop,-14014.961,4.092,0.6505,-5.393,90.0,0.6564885496183206,1.0,4970.0,0.0,0.0,0.0,527.9095268249512
121,native_promotion_replan,supported_native_episode_loop,-12324.284,6.143,0.2267,-6.5964,109.0,0.583969465648855,0.35731765676543636,4970.0,0.0,0.0,0.0,3287.7271484375
131,native_promotion_replan,supported_native_episode_loop,-18594.268,6.005,0.6346,-7.2742,134.0,0.48854961832061067,0.5558903347145858,4971.0,0.0,0.0,0.0,2452.359799194336
141,native_promotion_replan,supported_native_episode_loop,-17278.581,38.28,0.5171,-39.3142,77.0,0.7061068702290076,0.0,4970.0,0.0,0.0,0.0,4062.7789306640625
151,native_promotion_replan,supported_native_episode_loop,-5918.565,13.869,0.5083,-14.8856,126.0,0.5190839694656488,1.0,4970.0,0.0,0.0,0.0,2156.7151580810546
161,native_promotion_replan,supported_native_episode_loop,-2798.431,4.44,0.4512,-5.3424000000000005,104.0,0.6030534351145038,0.0,4971.0,0.0,0.0,0.0,12350.803576660157
171,native_promotion_replan,supported_native_episode_loop,-16088.774,20.877,0.4954,-21.8678,88.0,0.6641221374045801,0.8461538461538461,4970.0,0.0,0.0,0.0,2474.9033142089843
181,native_promotion_replan,supported_native_episode_loop,-19822.32,14.453,0.6218,-15.6966,114.0,0.5648854961832062,0.0,4969.0,0.0,0.0,0.0,89390.84594726562
191,native_promotion_replan,supported_native_episode_loop,-3449.775,4.617,0.4139,-5.4448,141.0,0.4618320610687023,1.0,4969.0,0.0,0.0,0.0,49128.84426269531
201,native_promotion_replan,supported_native_episode_loop,-18941.303,5.273,0.5776,-6.4281999999999995,83.0,0.683206106870229,0.0,4970.0,0.0,0.0,0.0,23317.062390136718
211,native_promotion_replan,supported_native_episode_loop,-4810.614,11.565,0.4938,-12.5526,149.0,0.4312977099236641,1.0,4970.0,0.0,0.0,0.0,362.4335029602051
221,native_promotion_replan,supported_native_episode_loop,-18372.131,4.871,0.4531,-5.777200000000001,135.0,0.4847328244274809,0.0,4972.0,0.0,0.0,0.0,49942.26669921875
231,native_promotion_replan,supported_native_episode_loop,-10351.622,4.461,0.5303,-5.5216,126.0,0.5190839694656488,0.8461538461538461,4970.0,0.0,0.0,0.0,674.943278503418
241,native_promotion_replan,supported_native_episode_loop,-2768.955,8.756,0.4943,-9.7446,123.0,0.5305343511450382,1.0,4970.0,0.0,0.0,0.0,5373.114126586914
251,native_promotion_replan,supported_native_episode_loop,-2547.609,3.821,0.3375,-4.496,103.0,0.6068702290076335,1.0,4970.0,0.0,0.0,0.0,39.531894254684445
261,native_promotion_replan,supported_native_episode_loop,-2737.658,7.317,0.6153,-8.5476,142.0,0.4580152671755725,1.0,4970.0,0.0,0.0,0.0,1530.4433837890624
271,native_promotion_replan,supported_native_episode_loop,-20542.188,23.031,0.2869,-23.604799999999997,148.0,0.4351145038167939,0.5384615384615384,4970.0,0.0,0.0,0.0,34870.13295898437
281,native_promotion_replan,supported_native_episode_loop,-15254.275,4.52,0.5008,-5.521599999999999,145.0,0.44656488549618323,0.0,4972.0,0.0,0.0,0.0,21745.952099609374
291,native_promotion_replan,supported_native_episode_loop,-11578.567,5.511,0.4634,-6.4378,124.0,0.5267175572519084,0.0,4971.0,0.0,0.0,0.0,31728.989501953125
301,native_promotion_replan,supported_native_episode_loop,-2972.929,6.194,0.5751,-7.3442,139.0,0.46946564885496184,0.5384615384615384,4971.0,0.0,0.0,0.0,1517.7509887695312
311,native_promotion_replan,supported_native_episode_loop,-13159.489,5.479,0.4855,-6.45,126.0,0.5190839694656488,0.0,4970.0,0.0,0.0,0.0,49456.31370849609
321,native_promotion_replan,supported_native_episode_loop,-2792.332,4.866,0.4523,-5.7706,100.0,0.6183206106870229,0.0,4970.0,0.0,0.0,0.0,29542.517626953126
331,native_promotion_replan,supported_native_episode_loop,-3744.758,5.616,0.3937,-6.4033999999999995,112.0,0.5725190839694656,0.0,4970.0,0.0,0.0,0.0,203.05607147216796
341,native_promotion_replan,supported_native_episode_loop,-16767.293,13.594,0.5769,-14.7478,96.0,0.6335877862595419,0.0,4970.0,0.0,0.0,0.0,9487.618933105468
351,native_promotion_replan,supported_native_episode_loop,-16899.257,5.28,0.4916,-6.2632,126.0,0.5190839694656488,0.0,4969.0,0.0,0.0,0.0,1671.0481552124024
361,native_promotion_replan,supported_native_episode_loop,-3080.216,5.763,0.335,-6.433,115.0,0.5610687022900763,0.0,4970.0,0.0,0.0,0.0,409.69984703063966
371,native_promotion_replan,supported_native_episode_loop,-2596.647,8.684,0.3927,-9.469399999999998,100.0,0.6183206106870229,0.0,4970.0,0.0,0.0,0.0,2647.7316513061523
381,native_promotion_replan,supported_native_episode_loop,-19759.987,30.385,0.608,-31.601000000000003,118.0,0.549618320610687,0.0,4970.0,0.0,0.0,0.0,71709.34213867187
391,native_promotion_replan,supported_native_episode_loop,-14536.259,5.865,0.689,-7.243,135.0,0.4847328244274809,1.0,4971.0,0.0,0.0,0.0,419.41367416381837
401,native_promotion_replan,supported_native_episode_loop,-2763.674,5.013,0.4417,-5.8964,112.0,0.5725190839694656,0.0,4970.0,0.0,0.0,0.0,29622.826013183592
411,native_promotion_replan,supported_native_episode_loop,-20680.147,17.539,0.5413,-18.6216,191.0,0.27099236641221375,0.23076923076923078,4970.0,0.0,0.0,0.0,37625.65971679687
421,native_promotion_replan,supported_native_episode_loop,-2854.197,4.282,0.5266,-5.3352,97.0,0.6297709923664122,0.0,4970.0,0.0,0.0,0.0,1457.0745086669922
431,native_promotion_replan,supported_native_episode_loop,-9107.923,5.125,0.5248,-6.1746,192.0,0.26717557251908397,1.0,4972.0,0.0,0.0,0.0,7887.909185791015
441,native_promotion_replan,supported_native_episode_loop,-19569.413,40.057,0.4513,-40.9596,89.0,0.6603053435114504,0.0,4971.0,0.0,0.0,0.0,24858.53359375
451,native_promotion_replan,supported_native_episode_loop,-2692.866,4.492,0.4936,-5.4792,136.0,0.48091603053435117,1.0,4970.0,0.0,0.0,0.0,18584.26809082031
461,native_promotion_replan,supported_native_episode_loop,-19075.101,7.036,0.3361,-7.7082,97.0,0.6297709923664122,0.5384615384615384,4970.0,0.0,0.0,0.0,7790.922766113281
471,native_promotion_replan,supported_native_episode_loop,-20041.772,10.83,0.6645,-12.159,80.0,0.6946564885496184,0.0,4970.0,0.0,0.0,0.0,1318.9429992675782
481,native_promotion_replan,supported_native_episode_loop,-3150.832,5.205,0.4433,-6.0916,113.0,0.5687022900763359,0.0,4970.0,0.0,0.0,0.0,6885.064584350586
491,native_promotion_replan,supported_native_episode_loop,-14544.592,5.303,0.7467,-6.7964,85.0,0.6755725190839694,0.7897322079198106,4970.0,0.0,0.0,0.0,2995.804309082031
501,native_promotion_replan,supported_native_episode_loop,-3072.705,4.749,0.4845,-5.718,145.0,0.44656488549618323,0.3846153846153846,4972.0,0.0,0.0,0.0,13557.10496826172
511,native_promotion_replan,supported_native_episode_loop,-2730.873,5.829,0.5047,-6.8384,93.0,0.6450381679389313,0.0,4970.0,0.0,0.0,0.0,316.4564296722412
521,native_promotion_replan,supported_native_episode_loop,-18692.774,5.835,0.5771,-6.9892,144.0,0.45038167938931295,0.0,4972.0,0.0,0.0,0.0,18643.642944335938
531,native_promotion_replan,supported_native_episode_loop,-2788.298,7.366,0.4365,-8.238999999999999,148.0,0.4351145038167939,0.0,4970.0,0.0,0.0,0.0,8112.285809326172
541,native_promotion_replan,supported_native_episode_loop,-15272.747,6.322,0.6314,-7.5847999999999995,104.0,0.6030534351145038,1.0,4972.0,0.0,0.0,0.0,22816.50799560547
551,native_promotion_replan,supported_native_episode_loop,-2610.986,6.482,0.4568,-7.3956,103.0,0.6068702290076335,1.0,4970.0,0.0,0.0,0.0,6392.402825927735
561,native_promotion_replan,supported_native_episode_loop,-9307.495,4.807,0.5933,-5.993600000000001,209.0,0.20229007633587787,1.0,4969.0,0.0,0.0,0.0,31746.015869140625
571,native_promotion_replan,supported_native_episode_loop,-8766.151,3.627,0.5385,-4.704,110.0,0.5801526717557252,0.0,4970.0,0.0,0.0,0.0,3582.239776611328
581,native_promotion_replan,supported_native_episode_loop,-18891.122,6.223,0.4332,-7.0893999999999995,134.0,0.48854961832061067,0.0,4971.0,0.0,0.0,0.0,38696.91708984375
591,native_promotion_replan,supported_native_episode_loop,-18524.872,4.537,0.5919,-5.7208,243.0,0.07251908396946564,0.3846153846153846,4969.0,0.0,0.0,0.0,3312.109991455078
601,native_promotion_replan,supported_native_episode_loop,-13048.823,5.91,0.5464,-7.002800000000001,125.0,0.5229007633587787,1.0,4970.0,0.0,0.0,0.0,4857.106823730469
611,native_promotion_replan,supported_native_episode_loop,-9188.012,5.524,0.6259,-6.7758,88.0,0.6641221374045801,0.23076923076923078,4971.0,0.0,0.0,0.0,2451.3649353027345
621,native_promotion_replan,supported_native_episode_loop,-3021.945,5.191,0.5017,-6.1944,100.0,0.6183206106870229,0.0,4971.0,0.0,0.0,0.0,2823.676042175293
631,native_promotion_replan,supported_native_episode_loop,-3856.567,6.007,0.476,-6.959,169.0,0.3549618320610687,1.0,4969.0,0.0,0.0,0.0,8153.52758178711
641,native_promotion_replan,supported_native_episode_loop,-17297.178,7.353,0.7283,-8.8096,123.0,0.5305343511450382,1.0,4970.0,0.0,0.0,0.0,4352.8951416015625
651,native_promotion_replan,supported_native_episode_loop,-18255.175,4.882,0.6831,-6.2482,95.0,0.6374045801526718,0.8461538461538461,4971.0,0.0,0.0,0.0,17403.96552734375
661,native_promotion_replan,supported_native_episode_loop,-18900.779,7.313,0.428,-8.169,181.0,0.30916030534351147,0.0,4970.0,0.0,0.0,0.0,9273.354028320313
671,native_promotion_replan,supported_native_episode_loop,-14645.101,28.163,0.3835,-28.93,155.0,0.4083969465648855,0.6923076923076924,4970.0,0.0,0.0,0.0,44174.355859375
681,native_promotion_replan,supported_native_episode_loop,-18248.115,17.444,0.586,-18.616,89.0,0.6603053435114504,0.0,4970.0,0.0,0.0,0.0,5795.4675964355465
691,native_promotion_replan,supported_native_episode_loop,-11258.663,4.047,0.6193,-5.2856,87.0,0.6679389312977099,0.0,4970.0,0.0,0.0,0.0,8293.193731689453
701,native_promotion_replan,supported_native_episode_loop,-2872.498,4.711,0.413,-5.537,124.0,0.5267175572519084,0.0,4970.0,0.0,0.0,0.0,245.4405258178711
711,native_promotion_replan,supported_native_episode_loop,-5637.152,7.78,0.431,-8.642,118.0,0.549618320610687,1.0,4970.0,0.0,0.0,0.0,1777.2162918090821
721,native_promotion_replan,supported_native_episode_loop,-7994.492,5.274,0.5125,-6.2989999999999995,95.0,0.6374045801526718,0.6923076923076924,4970.0,0.0,0.0,0.0,2442.329946899414
731,native_promotion_replan,supported_native_episode_loop,-16018.378,4.483,0.598,-5.678999999999999,164.0,0.37404580152671757,0.0,4970.0,0.0,0.0,0.0,44212.62890625
741,native_promotion_replan,supported_native_episode_loop,-18362.888,5.781,0.3062,-6.3934,104.0,0.6030534351145038,0.0,4970.0,0.0,0.0,0.0,53825.45212402344
751,native_promotion_replan,supported_native_episode_loop,-17189.086,4.837,0.5817,-6.0004,75.0,0.7137404580152672,0.0,4970.0,0.0,0.0,0.0,1478.019827270508
761,native_promotion_replan,supported_native_episode_loop,-19073.304,25.589,0.454,-26.497,154.0,0.4122137404580153,1.0,4971.0,0.0,0.0,0.0,30615.484228515626
771,native_promotion_replan,supported_native_episode_loop,-5618.969,4.137,0.4549,-5.046799999999999,125.0,0.5229007633587787,0.0,4970.0,0.0,0.0,0.0,456.4754409790039
781,native_promotion_replan,supported_native_episode_loop,-3186.525,11.195,0.39,-11.975,151.0,0.42366412213740456,0.0,4971.0,0.0,0.0,0.0,727.6060966491699
31,native_learned_gate,supported_native_episode_loop,-7202.202,3.806,0.5274,-4.8608,66.0,0.7480916030534351,0.3846153846153846,4971.0,2.0,2.0,0.9820137900379085,7187.948910522461
41,native_learned_gate,supported_native_episode_loop,-11796.721,5.354,0.5823,-6.5186,66.0,0.7480916030534351,0.0,4970.0,1.0,1.0,0.9820137900379085,1412.444772338867
51,native_learned_gate,supported_native_episode_loop,-20898.101,35.518,0.6349,-36.787800000000004,66.0,0.7480916030534351,0.0,4970.0,2.0,2.0,0.9820137900379085,2291.939761352539
61,native_learned_gate,supported_native_episode_loop,-3341.611,5.07,0.6153,-6.3006,66.0,0.7480916030534351,0.0,4970.0,2.0,2.0,0.9820137900379085,42091.099877929686
71,native_learned_gate,supported_native_episode_loop,-3138.154,4.094,0.5596,-5.2132000000000005,66.0,0.7480916030534351,0.0,4971.0,0.0,0.0,0.0,258.0372661590576
81,native_learned_gate,supported_native_episode_loop,-12298.29,4.738,0.5681,-5.8742,66.0,0.7480916030534351,0.07692307692307698,4970.0,2.0,2.0,0.9820137900379085,7946.884802246093
91,native_learned_gate,supported_native_episode_loop,-18275.403,4.642,0.6118,-5.865600000000001,66.0,0.7480916030534351,0.0,4969.0,2.0,2.0,0.9820137900379085,4104.210919189453
101,native_learned_gate,supported_native_episode_loop,-20032.226,19.989,0.561,-21.111,66.0,0.7480916030534351,1.0,4971.0,2.0,2.0,0.9820137900379085,5803.303485107422
111,native_learned_gate,supported_native_episode_loop,-14026.279,4.105,0.6221,-5.349200000000001,66.0,0.7480916030534351,1.0,4970.0,1.0,1.0,0.9820137900379085,543.8522987365723
121,native_learned_gate,supported_native_episode_loop,-12399.257,6.163,0.2303,-6.623600000000001,66.0,0.7480916030534351,0.35731765676543636,4970.0,2.0,2.0,0.9820137900379085,3338.8965270996096
131,native_learned_gate,supported_native_episode_loop,-18591.391,6.005,0.6346,-7.2742,66.0,0.7480916030534351,0.5558903347145858,4971.0,2.0,2.0,0.9820137900379085,2450.9618377685547
141,native_learned_gate,supported_native_episode_loop,-17267.582,38.44,0.5734,-39.5868,66.0,0.7480916030534351,0.0,4970.0,0.0,0.0,0.0,3950.350476074219
151,native_learned_gate,supported_native_episode_loop,-4988.478,10.181,0.4548,-11.090599999999998,66.0,0.7480916030534351,0.0,4970.0,2.0,2.0,0.9820137900379085,1417.503207397461
161,native_learned_gate,supported_native_episode_loop,-2811.087,4.44,0.4427,-5.3254,66.0,0.7480916030534351,0.0,4971.0,2.0,2.0,0.9820137900379085,12343.659338378906
171,native_learned_gate,supported_native_episode_loop,-16021.059,20.814,0.3396,-21.4932,66.0,0.7480916030534351,0.8461538461538461,4970.0,0.0,0.0,0.0,2543.348779296875
181,native_learned_gate,supported_native_episode_loop,-19817.341,14.446,0.7058,-15.8576,66.0,0.7480916030534351,0.0,4969.0,2.0,2.0,0.9820137900379085,88851.82060546875
191,native_learned_gate,supported_native_episode_loop,-3857.225,5.063,0.4556,-5.9742,66.0,0.7480916030534351,1.0,4969.0,2.0,2.0,0.9820137900379085,48948.97412109375
201,native_learned_gate,supported_native_episode_loop,-18943.941,5.273,0.5776,-6.4281999999999995,66.0,0.7480916030534351,0.0,4970.0,0.0,0.0,0.0,23318.713720703126
211,native_learned_gate,supported_native_episode_loop,-4854.391,12.633,0.3867,-13.4064,66.0,0.7480916030534351,0.07692307692307698,4970.0,2.0,2.0,0.9820137900379085,332.04888076782225
221,native_learned_gate,supported_native_episode_loop,-18384.747,4.877,0.5907,-6.0584,66.0,0.7480916030534351,0.0,4972.0,2.0,2.0,0.9820137900379085,49937.06044921875
231,native_learned_gate,supported_native_episode_loop,-10341.952,4.473,0.4878,-5.4486,66.0,0.7480916030534351,0.8461538461538461,4970.0,2.0,2.0,0.9820137900379085,672.6781211853028
241,native_learned_gate,supported_native_episode_loop,-2785.135,8.757,0.4943,-9.7456,66.0,0.7480916030534351,1.0,4970.0,2.0,2.0,0.9820137900379085,5372.160424804688
251,native_learned_gate,supported_native_episode_loop,-2549.311,3.82,0.3465,-4.513,66.0,0.7480916030534351,1.0,4970.0,2.0,2.0,0.9820137900379085,39.33212757110596
261,native_learned_gate,supported_native_episode_loop,-2726.918,7.317,0.6153,-8.5476,66.0,0.7480916030534351,1.0,4970.0,2.0,2.0,0.9820137900379085,1530.466012573242
271,native_learned_gate,supported_native_episode_loop,-20538.821,23.018,0.2672,-23.552400000000002,66.0,0.7480916030534351,0.5384615384615384,4970.0,2.0,2.0,0.9820137900379085,34861.11391601562
281,native_learned_gate,supported_native_episode_loop,-15205.616,4.559,0.5006,-5.5602,66.0,0.7480916030534351,0.0,4972.0,2.0,2.0,0.9820137900379085,21580.32735595703
291,native_learned_gate,supported_native_episode_loop,-11551.62,5.42,0.5666,-6.5532,66.0,0.7480916030534351,0.0,4971.0,2.0,2.0,0.9820137900379085,32024.865625
301,native_learned_gate,supported_native_episode_loop,-2943.4,6.257,0.5555,-7.367999999999999,66.0,0.7480916030534351,0.5384615384615384,4971.0,2.0,2.0,0.9820137900379085,1517.7586288452148
311,native_learned_gate,supported_native_episode_loop,-13155.518,5.46,0.5097,-6.4794,66.0,0.7480916030534351,0.0,4970.0,2.0,2.0,0.9820137900379085,48933.46065673828
321,native_learned_gate,supported_native_episode_loop,-2791.552,4.866,0.4523,-5.7706,66.0,0.7480916030534351,0.0,4970.0,2.0,2.0,0.9820137900379085,29542.25615234375
331,native_learned_gate,supported_native_episode_loop,-3746.803,5.627,0.3937,-6.4144,66.0,0.7480916030534351,0.0,4970.0,2.0,2.0,0.9820137900379085,204.39190673828125
341,native_learned_gate,supported_native_episode_loop,-17131.523,15.929,0.561,-17.051000000000002,66.0,0.7480916030534351,0.0,4970.0,2.0,2.0,0.9820137900379085,9654.406701660157
351,native_learned_gate,supported_native_episode_loop,-16903.909,5.281,0.5388,-6.358599999999999,66.0,0.7480916030534351,0.0,4969.0,2.0,2.0,0.9820137900379085,1661.8710586547852
361,native_learned_gate,supported_native_episode_loop,-3082.667,5.763,0.3349,-6.4328,66.0,0.7480916030534351,0.0,4970.0,2.0,2.0,0.9820137900379085,410.3554775238037
371,native_learned_gate,supported_native_episode_loop,-2601.631,8.684,0.3927,-9.469399999999998,66.0,0.7480916030534351,0.0,4970.0,2.0,2.0,0.9820137900379085,2647.909761047363
381,native_learned_gate,supported_native_episode_loop,-19755.95,30.415,0.5863,-31.5876,66.0,0.7480916030534351,0.0,4970.0,2.0,2.0,0.9820137900379085,71354.17202148438
391,native_learned_gate,supported_native_episode_loop,-14541.98,5.862,0.6736,-7.2092,66.0,0.7480916030534351,1.0,4971.0,2.0,2.0,0.9820137900379085,413.028734588623
401,native_learned_gate,supported_native_episode_loop,-2760.911,5.013,0.4417,-5.8964,66.0,0.7480916030534351,0.0,4970.0,2.0,2.0,0.9820137900379085,29623.602673339843
411,native_learned_gate,supported_native_episode_loop,-20682.92,17.516,0.4815,-18.479,66.0,0.7480916030534351,0.23076923076923078,4970.0,2.0,2.0,0.9820137900379085,37690.68095703125
421,native_learned_gate,supported_native_episode_loop,-2831.234,4.282,0.5266,-5.3352,66.0,0.7480916030534351,0.0,4970.0,2.0,2.0,0.9820137900379085,1456.8361137390136
431,native_learned_gate,supported_native_episode_loop,-9105.42,5.125,0.5248,-6.1746,66.0,0.7480916030534351,1.0,4972.0,2.0,2.0,0.9820137900379085,7888.239343261719
441,native_learned_gate,supported_native_episode_loop,-19567.317,40.056,0.4513,-40.9586,66.0,0.7480916030534351,0.0,4971.0,2.0,2.0,0.9820137900379085,24940.218603515626
451,native_learned_gate,supported_native_episode_loop,-2685.672,4.493,0.4936,-5.4802,66.0,0.7480916030534351,1.0,4970.0,2.0,2.0,0.9820137900379085,18584.22479248047
461,native_learned_gate,supported_native_episode_loop,-19085.233,7.045,0.3495,-7.744,66.0,0.7480916030534351,0.5384615384615384,4970.0,2.0,2.0,0.9820137900379085,7791.907727050781
471,native_learned_gate,supported_native_episode_loop,-20045.458,10.83,0.6645,-12.159,66.0,0.7480916030534351,0.0,4970.0,0.0,0.0,0.0,1320.5619201660156
481,native_learned_gate,supported_native_episode_loop,-3145.273,5.209,0.444,-6.0969999999999995,66.0,0.7480916030534351,0.0,4970.0,2.0,2.0,0.9820137900379085,6906.196348571777
491,native_learned_gate,supported_native_episode_loop,-14498.5,5.296,0.6151,-6.5262,66.0,0.7480916030534351,0.7897322079198106,4970.0,2.0,2.0,0.9820137900379085,2979.860791015625
501,native_learned_gate,supported_native_episode_loop,-3090.386,4.749,0.4845,-5.718,66.0,0.7480916030534351,0.3846153846153846,4972.0,2.0,2.0,0.9820137900379085,13568.796765136718
511,native_learned_gate,supported_native_episode_loop,-2729.904,5.821,0.5046,-6.8302,66.0,0.7480916030534351,0.0,4970.0,0.0,0.0,0.0,315.9631683349609
521,native_learned_gate,supported_native_episode_loop,-18691.94,5.831,0.6324,-7.0958000000000006,66.0,0.7480916030534351,0.0,4972.0,2.0,2.0,0.9820137900379085,18828.314892578124
531,native_learned_gate,supported_native_episode_loop,-2784.976,7.366,0.4365,-8.238999999999999,66.0,0.7480916030534351,0.0,4970.0,2.0,2.0,0.9820137900379085,8112.388000488281
541,native_learned_gate,supported_native_episode_loop,-15290.889,6.307,0.6341,-7.575200000000001,66.0,0.7480916030534351,1.0,4972.0,0.0,0.0,0.0,22922.767712402343
551,native_learned_gate,supported_native_episode_loop,-2615.601,6.47,0.4738,-7.4176,66.0,0.7480916030534351,0.9732971731083753,4970.0,2.0,2.0,0.9820137900379085,6189.929180908203
561,native_learned_gate,supported_native_episode_loop,-9272.85,4.781,0.5934,-5.9677999999999995,66.0,0.7480916030534351,1.0,4969.0,2.0,2.0,0.9820137900379085,31922.416796875
571,native_learned_gate,supported_native_episode_loop,-8748.213,3.619,0.5384,-4.6958,66.0,0.7480916030534351,0.0,4970.0,2.0,2.0,0.9820137900379085,3553.0940032958983
581,native_learned_gate,supported_native_episode_loop,-18879.599,6.223,0.4332,-7.0893999999999995,66.0,0.7480916030534351,0.0,4971.0,2.0,2.0,0.9820137900379085,38696.77744140625
591,native_learned_gate,supported_native_episode_loop,-18505.383,4.537,0.5919,-5.7208,66.0,0.7480916030534351,0.3846153846153846,4969.0,2.0,2.0,0.9820137900379085,3308.9368591308594
601,native_learned_gate,supported_native_episode_loop,-13087.688,5.915,0.6292,-7.1734,66.0,0.7480916030534351,1.0,4970.0,1.0,1.0,0.9820137900379085,4914.641650390625
611,native_learned_gate,supported_native_episode_loop,-9188.53,5.519,0.6314,-6.7818000000000005,66.0,0.7480916030534351,0.23076923076923078,4971.0,2.0,2.0,0.9820137900379085,2442.6570678710937
621,native_learned_gate,supported_native_episode_loop,-3025.221,5.191,0.4589,-6.1088,66.0,0.7480916030534351,0.0,4971.0,0.0,0.0,0.0,2824.1437698364257
631,native_learned_gate,supported_native_episode_loop,-3845.731,6.009,0.3947,-6.7984,66.0,0.7480916030534351,1.0,4969.0,2.0,2.0,0.9820137900379085,8083.189038085938
641,native_learned_gate,supported_native_episode_loop,-17458.347,7.224,0.6469,-8.517800000000001,66.0,0.7480916030534351,1.0,4970.0,2.0,2.0,0.9820137900379085,3900.1681945800783
651,native_learned_gate,supported_native_episode_loop,-18249.45,4.884,0.6831,-6.2502,66.0,0.7480916030534351,0.8461538461538461,4971.0,2.0,2.0,0.9820137900379085,17432.315551757812
661,native_learned_gate,supported_native_episode_loop,-18903.338,7.311,0.428,-8.167,66.0,0.7480916030534351,0.0,4970.0,2.0,2.0,0.9820137900379085,9273.181079101563
671,native_learned_gate,supported_native_episode_loop,-14631.718,28.167,0.3306,-28.828200000000002,66.0,0.7480916030534351,0.6923076923076924,4970.0,2.0,2.0,0.9820137900379085,44260.872314453125
681,native_learned_gate,supported_native_episode_loop,-18264.457,17.458,0.6508,-18.7596,66.0,0.7480916030534351,0.0,4970.0,2.0,2.0,0.9820137900379085,5882.903216552734
691,native_learned_gate,supported_native_episode_loop,-11251.635,4.078,0.5612,-5.2004,66.0,0.7480916030534351,0.0,4970.0,2.0,2.0,0.9820137900379085,8312.538208007812
701,native_learned_gate,supported_native_episode_loop,-2877.395,4.706,0.4125,-5.531000000000001,66.0,0.7480916030534351,0.0,4970.0,2.0,2.0,0.9820137900379085,247.55124320983887
711,native_learned_gate,supported_native_episode_loop,-5629.578,7.768,0.4414,-8.6508,66.0,0.7480916030534351,1.0,4970.0,2.0,2.0,0.9820137900379085,1773.3698425292969
721,native_learned_gate,supported_native_episode_loop,-7861.409,5.245,0.5215,-6.288,66.0,0.7480916030534351,0.8461538461538461,4970.0,2.0,2.0,0.9820137900379085,2213.0964172363283
731,native_learned_gate,supported_native_episode_loop,-15906.021,4.452,0.5642,-5.5804,66.0,0.7480916030534351,0.0,4970.0,2.0,2.0,0.9820137900379085,43591.01180419922
741,native_learned_gate,supported_native_episode_loop,-18365.488,5.781,0.3062,-6.3934,66.0,0.7480916030534351,0.0,4970.0,2.0,2.0,0.9820137900379085,53829.55168457031
751,native_learned_gate,supported_native_episode_loop,-17194.761,4.834,0.5112,-5.8564,66.0,0.7480916030534351,0.0,4970.0,1.0,1.0,0.9820137900379085,1421.384359741211
761,native_learned_gate,supported_native_episode_loop,-19062.936,25.591,0.4542,-26.4994,66.0,0.7480916030534351,1.0,4971.0,2.0,2.0,0.9820137900379085,30416.351904296876
771,native_learned_gate,supported_native_episode_loop,-5532.203,4.143,0.4514,-5.0458,66.0,0.7480916030534351,0.0,4970.0,2.0,2.0,0.9820137900379085,459.52181854248045
781,native_learned_gate,supported_native_episode_loop,-3188.068,11.195,0.39,-11.975,66.0,0.7480916030534351,0.0,4971.0,2.0,2.0,0.9820137900379085,727.2012783050537
